2026-10-06 04:28:08,227 [INFO] Starting Wikimedia → Kafka producer.
2026-10-06 04:28:08,234 [INFO] Attempting bootstrap to bootstrap-0 at localhost:9092 (rack None)
2026-10-06 04:28:08,234 [INFO] Initializing connection for node_id bootstrap-0 at localhost:9092 (rack=None)
2026-10-06 04:28:08,251 [INFO] <KafkaTCPTransport [::1:9092<-61736]>: connected to <socket.socket fd=720, family=23, type=1, proto=0, laddr=('::1', 61736, 0, 0), raddr=('::1', 9092, 0, 0)>
2026-10-06 04:28:08,306 [INFO] <KafkaConnection node_id=bootstrap-0 host=[::1:9092<-61736] broker_version=unknown (initializing)>: Broker version identified as 3.7
2026-10-06 04:28:08,306 [INFO] <KafkaConnection node_id=bootstrap-0 host=[::1:9092<-61736] broker_version=(3, 7) (connected)>: Connected
2026-10-06 04:28:08,323 [INFO] Updated metadata: ClusterMetadata(brokers: 1, topics: 0, coordinators: 0)
2026-10-06 04:28:08,324 [INFO] Bootstrap complete: ClusterMetadata(brokers: 1, topics: 0, coordinators: 0)
2026-10-06 04:28:08,324 [INFO] Closing bootstrap connection bootstrap-0
2026-10-06 04:28:08,324 [INFO] <KafkaTCPTransport [::1:9092<-61736]>: Closing transport
2026-10-06 04:28:08,325 [INFO] <KafkaConnection node_id=bootstrap-0 broker_version=(3, 7) (disconnected)>: Connection closed
2026-10-06 04:28:08,326 [INFO] Starting metadata refresh loop
2026-10-06 04:28:08,327 [INFO] <KafkaProducer client_id=kafka-python-producer-1 transactional_id=None>: Instantiated an idempotent producer.
2026-10-06 04:28:08,330 [INFO] ProducerId set to -1 with epoch -1
2026-10-06 04:28:08,331 [INFO] Connected to Kafka successfully.
2026-10-06 04:28:08,334 [INFO] Initializing connection for node_id 1 at localhost:9092 (rack=None)
2026-10-06 04:28:08,335 [INFO] Connecting to Wikimedia stream (attempt #1)...
2026-10-06 04:28:08,372 [INFO] <KafkaTCPTransport [::1:9092<-61737]>: connected to <socket.socket fd=756, family=23, type=1, proto=0, laddr=('::1', 61737, 0, 0), raddr=('::1', 9092, 0, 0)>
2026-10-06 04:28:08,388 [INFO] <KafkaConnection node_id=1 host=[::1:9092<-61737] broker_version=(3, 7) (connected)>: Connected
2026-10-06 04:28:08,402 [INFO] ProducerId set to 6 with epoch 0
2026-10-06 04:28:09,599 [INFO] Connected to Wikimedia. Streaming...
2026-10-06 04:28:09,606 [INFO] Updated metadata: ClusterMetadata(brokers: 1, topics: 1, coordinators: 0)
2026-10-06 04:28:09,742 [INFO] Sent -> Bend It Like Beckham | Bohemian Baltimore
2026-10-06 04:28:09,860 [INFO] Sent -> Category:Deletion requests October 2026 | Fæ
2026-10-06 04:28:09,977 [INFO] Sent -> Category:Deletion requests October 2026 | Fæ
2026-10-06 04:28:10,092 [INFO] Sent -> File:Reynoldsburg High School yearbook 2007 - DPLA - 6f16730392ba9971ac6934986af1e432 (page 43).jpg | Fæ
2026-10-06 04:28:10,201 [INFO] Sent -> Guévin Tormin | İmmortalance
2026-10-06 04:28:10,309 [INFO] Sent -> Category:Windows in Genoa | N.Longo
2026-10-06 04:28:10,418 [INFO] Sent -> Avallon | Vikiçizer
2026-10-06 04:28:10,527 [INFO] Sent -> Category:Deletion requests October 2026 | Fæ
2026-10-06 04:28:10,636 [INFO] Sent -> File:Reynoldsburg High School yearbook 2007 - DPLA - 6f16730392ba9971ac6934986af1e432 (page 42).jpg | Fæ
2026-10-06 04:28:10,744 [INFO] Sent -> Category:Deletion requests October 2026 | Fæ
2026-10-06 04:28:10,853 [INFO] Sent -> Page:Champfleury, Hôtel des commissaires priseurs, 1867.pdf/95 | PeridotOlivine
2026-10-06 04:28:10,961 [INFO] Sent -> File:Reynoldsburg High School yearbook 2007 - DPLA - 6f16730392ba9971ac6934986af1e432 (page 47).jpg | Fæ
2026-10-06 04:28:11,069 [INFO] Sent -> Q141657012 | Philippe rogez
2026-10-06 04:28:11,179 [INFO] Sent -> Jíkev | InternetArchiveBot
2026-10-06 04:28:11,288 [INFO] Sent -> Q138805252 | Pudox
2026-10-06 04:28:11,397 [INFO] Sent -> Category:Deletion requests October 2026 | Fæ
2026-10-06 04:28:11,505 [INFO] Sent -> File:Reynoldsburg High School yearbook 2007 - DPLA - 6f16730392ba9971ac6934986af1e432 (page 40).jpg | Fæ
2026-10-06 04:28:11,612 [INFO] Sent -> Category:Deletion requests October 2026 | Fæ
2026-10-06 04:28:11,721 [INFO] Sent -> Category:Deletion requests October 2026 | Fæ
2026-10-06 04:28:11,831 [INFO] Sent -> File:Reynoldsburg High School yearbook 2007 - DPLA - 6f16730392ba9971ac6934986af1e432 (page 45).jpg | Fæ
2026-10-06 04:28:11,937 [INFO] Sent -> Q141657017 | Rohini
2026-10-06 04:28:12,046 [INFO] Sent -> Гуаставино, Диего | ~2026-53636-78
2026-10-06 04:28:12,153 [INFO] Sent -> File:Reynoldsburg High School yearbook 2007 - DPLA - 6f16730392ba9971ac6934986af1e432 (page 44).jpg | Fæ
2026-10-06 04:28:12,261 [INFO] Sent -> Kategori:Türkiye'deki gurbetçi erkek futbolcular | İmmortalance
2026-10-06 04:28:12,372 [INFO] Sent -> Kategori:Türkiye'deki gurbetçi futbolcular | İmmortalance
2026-10-06 04:28:12,479 [INFO] Sent -> Wikipedia Diskussion:WikiDaheim | Maclemo
2026-10-06 04:28:12,603 [INFO] Sent -> File:Tian zhu sheng jiao ri ke. - btv1b90069149 (110 of 235).jpg | Gzen92Bot
2026-10-06 04:28:12,777 [INFO] Sent -> Q141657023 | Paul.Bauer 19
2026-10-06 04:28:12,929 [INFO] Sent -> Kategori:Türkiye'deki gurbetçi erkek futbolcular | İmmortalance
2026-10-06 04:28:13,066 [INFO] Sent -> Kategori:Türkiye'deki gurbetçi futbolcular | İmmortalance
2026-10-06 04:28:13,180 [INFO] Sent -> Q141657017 | Rohini
2026-10-06 04:28:13,298 [INFO] Sent -> Category:Deletion requests October 2026 | Fæ
2026-10-06 04:28:13,409 [INFO] Sent -> Category:Deletion requests October 2026 | Fæ
2026-10-06 04:28:13,515 [INFO] Sent -> File:Reynoldsburg High School yearbook 2007 - DPLA - 6f16730392ba9971ac6934986af1e432 (page 46).jpg | Fæ
2026-10-06 04:28:13,628 [INFO] Sent -> Участник:94.237.120.190 | QBA-bot
2026-10-06 04:28:13,737 [INFO] Sent -> Q138804118 | Pudox
2026-10-06 04:28:13,848 [INFO] Sent -> Q13852885 | Mrwdat3
2026-10-06 04:28:13,957 [INFO] Sent -> File:Reynoldsburg High School yearbook 2007 - DPLA - 6f16730392ba9971ac6934986af1e432 (page 48).jpg | Fæ
2026-10-06 04:28:14,066 [INFO] Sent -> File:Reynoldsburg High School yearbook 2007 - DPLA - 6f16730392ba9971ac6934986af1e432 (page 51).jpg | Fæ
2026-10-06 04:28:14,176 [INFO] Sent -> Category:Things named after André Bessette | Pe-Jo
2026-10-06 04:28:14,286 [INFO] Sent -> Q141657017 | Rohini
2026-10-06 04:28:14,394 [INFO] Sent -> Lionel Messi | Byxelized
2026-10-06 04:28:14,505 [INFO] Sent -> Category:Artworks without Wikidata item | Gzen92Bot
2026-10-06 04:28:14,615 [INFO] Sent -> Category:PD France | Gzen92Bot
2026-10-06 04:28:14,725 [INFO] Sent -> User:Rhe12344321 | Rhe12344321
2026-10-06 04:28:14,833 [INFO] Sent -> List of Ebola outbreaks | MyacEight
2026-10-06 04:28:14,943 [INFO] Sent -> Category:Manuscripts from Gallica (Bibliothèque nationale de France) uploaded by Gzen92Bot | Gzen92Bot
2026-10-06 04:28:15,056 [INFO] Sent -> Category:Deletion requests October 2026 | Fæ
2026-10-06 04:28:15,178 [INFO] Sent -> Category:Tian zhu sheng jiao ri ke. - btv1b90069149 | Gzen92Bot
2026-10-06 04:28:15,288 [INFO] Sent -> Category:Files with no machine-readable author | Gzen92Bot
2026-10-06 04:28:15,396 [INFO] Sent -> Category:Deletion requests October 2026 | Fæ
2026-10-06 04:28:15,504 [INFO] Sent -> File:Reynoldsburg High School yearbook 2007 - DPLA - 6f16730392ba9971ac6934986af1e432 (page 50).jpg | Fæ
2026-10-06 04:28:15,612 [INFO] Sent -> Category:Deletion requests October 2026 | Fæ
2026-10-06 04:28:15,722 [INFO] Sent -> Category:André Bessette | Pe-Jo
2026-10-06 04:28:15,833 [INFO] Sent -> Category:Deletion requests October 2026 | Fæ
2026-10-06 04:28:15,944 [INFO] Sent -> File:Reynoldsburg High School yearbook 2007 - DPLA - 6f16730392ba9971ac6934986af1e432 (page 5).jpg | Fæ
2026-10-06 04:28:16,053 [INFO] Sent -> File:Reynoldsburg High School yearbook 2007 - DPLA - 6f16730392ba9971ac6934986af1e432 (page 49).jpg | Fæ
2026-10-06 04:28:16,159 [INFO] Sent -> Category:Deletion requests October 2026 | Fæ
2026-10-06 04:28:16,271 [INFO] Sent -> File:Reynoldsburg High School yearbook 2007 - DPLA - 6f16730392ba9971ac6934986af1e432 (page 56).jpg | Fæ
2026-10-06 04:28:16,378 [INFO] Sent -> Q138805255 | Pudox
2026-10-06 04:28:16,493 [INFO] Sent -> Q141657017 | Rohini
2026-10-06 04:28:16,599 [INFO] Sent -> Bagneaux | Vikiçizer
2026-10-06 04:28:16,707 [INFO] Sent -> Category:Persian terms suffixed with ـم (ordinal number) | Ekirahardian
2026-10-06 04:28:16,816 [INFO] Sent -> File:2026 World Teacher's Day protest in Manila - 4.jpg | Borhan
2026-10-06 04:28:16,927 [INFO] Sent -> File:Reynoldsburg High School yearbook 2007 - DPLA - 6f16730392ba9971ac6934986af1e432 (page 54).jpg | Fæ
2026-10-06 04:28:17,039 [INFO] Sent -> Участник:94.237.120.200 | QBA-bot
2026-10-06 04:28:17,147 [INFO] Sent -> File:Reynoldsburg High School yearbook 2007 - DPLA - 6f16730392ba9971ac6934986af1e432 (page 57).jpg | Fæ
2026-10-06 04:28:17,257 [INFO] Sent -> File:Reynoldsburg High School yearbook 2007 - DPLA - 6f16730392ba9971ac6934986af1e432 (page 53).jpg | Fæ
2026-10-06 04:28:17,366 [INFO] Sent -> Q53937134 | Nabbot
2026-10-06 04:28:17,478 [INFO] Sent -> Nina Arianda | IgorCalzone1
2026-10-06 04:28:17,587 [INFO] Sent -> Q141657017 | Rohini
2026-10-06 04:28:17,694 [INFO] Sent -> File:ISS074-E-566115 - View of Earth.jpg | SchlurcherBot
2026-10-06 04:28:17,809 [INFO] Sent -> Q138804120 | Pudox
2026-10-06 04:28:17,933 [INFO] Sent -> Q116395619 | DERDAKI ILIAS
2026-10-06 04:28:18,051 [INFO] Sent -> Q141657022 | Easitem
2026-10-06 04:28:18,159 [INFO] Sent -> Category:Pages using the DynamicPageList extension | Ekirahardian
2026-10-06 04:28:18,269 [INFO] Sent -> Category:Pages using catfix | Ekirahardian
2026-10-06 04:28:18,375 [INFO] Sent -> Category:Categories calling Template:auto cat | Ekirahardian
2026-10-06 04:28:18,483 [INFO] Sent -> Category:Deletion requests October 2026 | Fæ
2026-10-06 04:28:18,593 [INFO] Sent -> Category:Deletion requests October 2026 | Fæ
2026-10-06 04:28:18,702 [INFO] Sent -> Category:Persian terms suffixed with ـم | Ekirahardian
2026-10-06 04:28:18,812 [INFO] Sent -> Category:Deletion requests October 2026 | Fæ
2026-10-06 04:28:18,920 [INFO] Sent -> Category:Persian terms by suffix | Ekirahardian
2026-10-06 04:28:19,030 [INFO] Sent -> Category:Deletion requests October 2026 | Fæ
2026-10-06 04:28:19,139 [INFO] Sent -> Category:Gay-related romantic comedy-drama films | Bohemian Baltimore
2026-10-06 04:28:19,250 [INFO] Sent -> Category:Lesbian-related romantic comedy-drama films | Bohemian Baltimore
2026-10-06 04:28:19,360 [INFO] Sent -> File:Reynoldsburg High School yearbook 2007 - DPLA - 6f16730392ba9971ac6934986af1e432 (page 6).jpg | Fæ
2026-10-06 04:28:19,467 [INFO] Sent -> Category:LGBTQ-related romantic comedy-drama films | Bohemian Baltimore
2026-10-06 04:28:19,589 [INFO] Sent -> File:Reynoldsburg High School yearbook 2007 - DPLA - 6f16730392ba9971ac6934986af1e432 (page 55).jpg | Fæ
2026-10-06 04:28:19,698 [INFO] Sent -> Category:Deletion requests October 2026 | Fæ
2026-10-06 04:28:19,806 [INFO] Sent -> Q141657017 | Rohini
2026-10-06 04:28:19,914 [INFO] Sent -> Category:Deletion requests October 2026 | Fæ
2026-10-06 04:28:20,020 [INFO] Sent -> Category:Deletion requests October 2026 | Fæ
2026-10-06 04:28:20,129 [INFO] Sent -> File:Reynoldsburg High School yearbook 2007 - DPLA - 6f16730392ba9971ac6934986af1e432 (page 60).jpg | Fæ
2026-10-06 04:28:20,258 [INFO] Sent -> File:Reynoldsburg High School yearbook 2007 - DPLA - 6f16730392ba9971ac6934986af1e432 (page 52).jpg | Fæ
2026-10-06 04:28:20,380 [INFO] Sent -> Q138805258 | Pudox
2026-10-06 04:28:20,490 [INFO] Sent -> Q9170682 | MsynBot
2026-10-06 04:28:20,612 [INFO] Sent -> Category:Deletion requests October 2026 | Fæ
2026-10-06 04:28:20,725 [INFO] Sent -> File:Reynoldsburg High School yearbook 2007 - DPLA - 6f16730392ba9971ac6934986af1e432 (page 34).jpg | Fæ
2026-10-06 04:28:20,848 [INFO] Progress: 100 sent, 0 skipped.
2026-10-06 04:28:21,023 [INFO] Sent -> Участник:94.242.54.119 | QBA-bot
2026-10-06 04:28:29,000 [INFO] Sent -> Office central de la coopération à l'école | CodexBot
2026-10-06 04:28:29,156 [INFO] Sent -> Category:Deletion requests October 2026 | Fæ
2026-10-06 04:28:29,276 [INFO] Sent -> Q141657017 | Rohini
2026-10-06 04:28:37,101 [WARNING] <Sender client_id=kafka-python-producer-1 transactional_id=None>: Got error produce response on topic-partition TopicPartition(topic='wiki-events', partition=1), retrying (4 attempts left): NotLeaderForPartitionError
2026-10-06 04:28:37,294 [WARNING] No broker metadata found in MetadataResponse -- ignoring.
2026-10-06 04:28:37,302 [WARNING] <Sender client_id=kafka-python-producer-1 transactional_id=None>: Got error produce response on topic-partition TopicPartition(topic='wiki-events', partition=1), retrying (3 attempts left): NotLeaderForPartitionError
2026-10-06 04:28:37,425 [WARNING] <Sender client_id=kafka-python-producer-1 transactional_id=None>: Got error produce response on topic-partition TopicPartition(topic='wiki-events', partition=1), retrying (2 attempts left): NotLeaderForPartitionError
2026-10-06 04:28:37,437 [INFO] Updated metadata: ClusterMetadata(brokers: 1, topics: 1, coordinators: 0)
2026-10-06 04:28:37,570 [WARNING] <Sender client_id=kafka-python-producer-1 transactional_id=None>: Got error produce response on topic-partition TopicPartition(topic='wiki-events', partition=1), retrying (1 attempts left): NotLeaderForPartitionError
2026-10-06 04:28:37,601 [INFO] Updated metadata: ClusterMetadata(brokers: 1, topics: 1, coordinators: 0)
2026-10-06 04:28:37,746 [WARNING] <Sender client_id=kafka-python-producer-1 transactional_id=None>: Got error produce response on topic-partition TopicPartition(topic='wiki-events', partition=1), retrying (0 attempts left): NotLeaderForPartitionError
2026-10-06 04:28:37,858 [INFO] Updated metadata: ClusterMetadata(brokers: 1, topics: 1, coordinators: 0)
2026-10-06 04:28:37,953 [WARNING] Failed to produce messages to topic-partition TopicPartition(topic='wiki-events', partition=1) with base offset None: [Error 6] NotLeaderForPartitionError: None
2026-10-06 04:28:37,959 [ERROR] Send failed: [Error 6] NotLeaderForPartitionError: None
2026-10-06 04:28:38,151 [INFO] Updated metadata: ClusterMetadata(brokers: 1, topics: 1, coordinators: 0)
2026-10-06 04:28:38,154 [WARNING] <Sender client_id=kafka-python-producer-1 transactional_id=None>: Got error produce response on topic-partition TopicPartition(topic='wiki-events', partition=0), retrying (4 attempts left): NotLeaderForPartitionError
2026-10-06 04:28:38,271 [WARNING] <Sender client_id=kafka-python-producer-1 transactional_id=None>: Got error produce response on topic-partition TopicPartition(topic='wiki-events', partition=0), retrying (3 attempts left): NotLeaderForPartitionError
2026-10-06 04:28:38,277 [INFO] Updated metadata: ClusterMetadata(brokers: 1, topics: 1, coordinators: 0)
2026-10-06 04:28:38,398 [WARNING] <Sender client_id=kafka-python-producer-1 transactional_id=None>: Got error produce response on topic-partition TopicPartition(topic='wiki-events', partition=0), retrying (2 attempts left): NotLeaderForPartitionError
2026-10-06 04:28:38,516 [INFO] Updated metadata: ClusterMetadata(brokers: 1, topics: 1, coordinators: 0)
2026-10-06 04:28:38,572 [WARNING] <Sender client_id=kafka-python-producer-1 transactional_id=None>: Got error produce response on topic-partition TopicPartition(topic='wiki-events', partition=0), retrying (1 attempts left): NotLeaderForPartitionError
2026-10-06 04:28:38,725 [INFO] Updated metadata: ClusterMetadata(brokers: 1, topics: 1, coordinators: 0)
2026-10-06 04:28:38,867 [WARNING] <Sender client_id=kafka-python-producer-1 transactional_id=None>: Got error produce response on topic-partition TopicPartition(topic='wiki-events', partition=0), retrying (0 attempts left): NotLeaderForPartitionError
2026-10-06 04:28:38,948 [INFO] Updated metadata: ClusterMetadata(brokers: 1, topics: 1, coordinators: 0)
2026-10-06 04:28:39,066 [WARNING] Failed to produce messages to topic-partition TopicPartition(topic='wiki-events', partition=0) with base offset None: [Error 6] NotLeaderForPartitionError: None
2026-10-06 04:28:39,068 [ERROR] Send failed: [Error 6] NotLeaderForPartitionError: None
2026-10-06 04:28:39,119 [INFO] Updated metadata: ClusterMetadata(brokers: 1, topics: 1, coordinators: 0)
2026-10-06 04:28:39,211 [WARNING] <Sender client_id=kafka-python-producer-1 transactional_id=None>: Got error produce response on topic-partition TopicPartition(topic='wiki-events', partition=2), retrying (4 attempts left): NotLeaderForPartitionError
2026-10-06 04:28:39,271 [INFO] Updated metadata: ClusterMetadata(brokers: 1, topics: 1, coordinators: 0)
2026-10-06 04:28:39,340 [WARNING] <Sender client_id=kafka-python-producer-1 transactional_id=None>: Got error produce response on topic-partition TopicPartition(topic='wiki-events', partition=2), retrying (3 attempts left): NotLeaderForPartitionError
2026-10-06 04:28:39,388 [INFO] Updated metadata: ClusterMetadata(brokers: 1, topics: 1, coordinators: 0)
2026-10-06 04:28:39,467 [WARNING] <Sender client_id=kafka-python-producer-1 transactional_id=None>: Got error produce response on topic-partition TopicPartition(topic='wiki-events', partition=2), retrying (2 attempts left): NotLeaderForPartitionError
2026-10-06 04:28:39,505 [INFO] Updated metadata: ClusterMetadata(brokers: 1, topics: 1, coordinators: 0)
2026-10-06 04:28:39,587 [INFO] Sent -> Q138804122 | Pudox
2026-10-06 04:28:39,705 [WARNING] <Sender client_id=kafka-python-producer-1 transactional_id=None>: Got error produce response on topic-partition TopicPartition(topic='wiki-events', partition=1), retrying (4 attempts left): NotLeaderForPartitionError
2026-10-06 04:28:39,712 [INFO] Updated metadata: ClusterMetadata(brokers: 1, topics: 1, coordinators: 0)
2026-10-06 04:28:39,823 [WARNING] <Sender client_id=kafka-python-producer-1 transactional_id=None>: Got error produce response on topic-partition TopicPartition(topic='wiki-events', partition=1), retrying (3 attempts left): NotLeaderForPartitionError
2026-10-06 04:28:39,831 [INFO] Updated metadata: ClusterMetadata(brokers: 1, topics: 1, coordinators: 0)
2026-10-06 04:28:40,910 [WARNING] Bumping producer epoch for ProducerIdAndEpoch(producer_id=6, epoch=0) after recoverable error
2026-10-06 04:28:40,912 [WARNING] Failed to produce messages to topic-partition TopicPartition(topic='wiki-events', partition=1) with base offset None: [Error 45] OutOfOrderSequenceNumberError: None
2026-10-06 04:28:40,915 [ERROR] Send failed: [Error 45] OutOfOrderSequenceNumberError: None
2026-10-06 04:28:40,943 [INFO] ProducerId set to 7 with epoch 0
2026-10-06 04:28:41,040 [WARNING] <Sender client_id=kafka-python-producer-1 transactional_id=None>: Got error produce response on topic-partition TopicPartition(topic='wiki-events', partition=0), retrying (4 attempts left): NotLeaderForPartitionError
2026-10-06 04:28:41,087 [INFO] Updated metadata: ClusterMetadata(brokers: 1, topics: 1, coordinators: 0)
2026-10-06 04:28:41,178 [WARNING] <Sender client_id=kafka-python-producer-1 transactional_id=None>: Got error produce response on topic-partition TopicPartition(topic='wiki-events', partition=0), retrying (3 attempts left): NotLeaderForPartitionError
2026-10-06 04:28:41,217 [INFO] Updated metadata: ClusterMetadata(brokers: 1, topics: 1, coordinators: 0)
2026-10-06 04:28:41,342 [WARNING] <Sender client_id=kafka-python-producer-1 transactional_id=None>: Got error produce response on topic-partition TopicPartition(topic='wiki-events', partition=0), retrying (2 attempts left): NotLeaderForPartitionError
2026-10-06 04:28:41,351 [INFO] Updated metadata: ClusterMetadata(brokers: 1, topics: 1, coordinators: 0)
2026-10-06 04:28:41,489 [WARNING] <Sender client_id=kafka-python-producer-1 transactional_id=None>: Got error produce response on topic-partition TopicPartition(topic='wiki-events', partition=0), retrying (1 attempts left): NotLeaderForPartitionError
2026-10-06 04:28:41,536 [INFO] Updated metadata: ClusterMetadata(brokers: 1, topics: 1, coordinators: 0)
2026-10-06 04:28:41,605 [WARNING] <Sender client_id=kafka-python-producer-1 transactional_id=None>: Got error produce response on topic-partition TopicPartition(topic='wiki-events', partition=0), retrying (0 attempts left): NotLeaderForPartitionError
2026-10-06 04:28:41,663 [INFO] Updated metadata: ClusterMetadata(brokers: 1, topics: 1, coordinators: 0)
2026-10-06 04:28:41,741 [INFO] Sent -> File:Reynoldsburg High School yearbook 2007 - DPLA - 6f16730392ba9971ac6934986af1e432 (page 59).jpg | Fæ
2026-10-06 04:28:41,895 [INFO] Sent -> File:Reynoldsburg High School yearbook 2007 - DPLA - 6f16730392ba9971ac6934986af1e432 (page 58).jpg | Fæ
2026-10-06 04:28:42,008 [INFO] Sent -> Q138805261 | Pudox
2026-10-06 04:28:42,135 [INFO] Sent -> Category:Deletion requests October 2026 | Fæ
2026-10-06 04:28:42,263 [INFO] Sent -> Category:Deletion requests October 2026 | Fæ
2026-10-06 04:28:42,481 [INFO] Sent -> File:Reynoldsburg High School yearbook 2007 - DPLA - 6f16730392ba9971ac6934986af1e432 (page 61).jpg | Fæ
2026-10-06 04:28:42,593 [INFO] Sent -> File:S. Hieronymus - btv1b52504546z (404 of 620).jpg | Gzen92Bot
2026-10-06 04:28:42,705 [INFO] Sent -> Q37335408 | Cewbot
2026-10-06 04:28:42,826 [INFO] Sent -> File:Reynoldsburg High School yearbook 2007 - DPLA - 6f16730392ba9971ac6934986af1e432 (page 62).jpg | Fæ
2026-10-06 04:28:42,941 [INFO] Sent -> File:Reynoldsburg High School yearbook 2007 - DPLA - 6f16730392ba9971ac6934986af1e432 (page 67).jpg | Fæ
2026-10-06 04:28:43,065 [INFO] Sent -> Church of the SubGenius | Mavikedi15
2026-10-06 04:28:43,177 [INFO] Sent -> Category:Deletion requests October 2026 | Fæ
2026-10-06 04:28:43,308 [INFO] Sent -> Category:Deletion requests October 2026 | Fæ
2026-10-06 04:28:43,436 [INFO] Sent -> Catégorie:Article contenant un lien mort | CodexBot
2026-10-06 04:28:43,599 [INFO] Sent -> vluchtbewaker | Kvdrgeus
2026-10-06 04:28:43,760 [INFO] Sent -> Q141657017 | Rohini
2026-10-06 04:28:44,559 [INFO] Sent -> Q138804125 | Pudox
2026-10-06 04:28:45,060 [INFO] Sent -> GONIO - KOVOVÉ MODELY 1/24 | Hranička
2026-10-06 04:28:45,747 [INFO] Sent -> File:Reynoldsburg High School yearbook 2007 - DPLA - 6f16730392ba9971ac6934986af1e432 (page 7).jpg | Fæ
2026-10-06 04:28:46,006 [INFO] Sent -> File:Reynoldsburg High School yearbook 2007 - DPLA - 6f16730392ba9971ac6934986af1e432 (page 64).jpg | Fæ
2026-10-06 04:28:46,210 [INFO] Sent -> Category:Artworks without Wikidata item | Gzen92Bot
2026-10-06 04:28:46,402 [INFO] Sent -> Q138805269 | Pudox
2026-10-06 04:28:46,518 [INFO] Sent -> File:Reynoldsburg High School yearbook 2007 - DPLA - 6f16730392ba9971ac6934986af1e432 (page 66).jpg | Fæ
2026-10-06 04:28:46,643 [INFO] Sent -> Category:PD France | Gzen92Bot
2026-10-06 04:28:46,822 [INFO] Sent -> Category:PD US expired | Gzen92Bot
2026-10-06 04:28:46,952 [INFO] Sent -> Baon | Vikiçizer
2026-10-06 04:28:47,128 [INFO] Sent -> Category:PD-US missing SDC copyright status | Gzen92Bot
2026-10-06 04:28:47,399 [WARNING] Task <kafka.net.selector.Task object at 0x000002857FD65910> ran for 0.271s (>0.100s threshold). It is blocking the event loop -- likely a tight sync loop inside a coroutine. Other pollers will time out.
2026-10-06 04:28:47,512 [INFO] Sent -> Category:PD-old missing SDC copyright status | Gzen92Bot
2026-10-06 04:28:47,634 [INFO] Sent -> Category:CC-PD-Mark | Gzen92Bot
2026-10-06 04:28:47,762 [INFO] Sent -> Участник:95.0.206.62 | QBA-bot
2026-10-06 04:28:47,904 [INFO] Sent -> Category:PD Old (assumed) | Gzen92Bot
2026-10-06 04:28:48,024 [INFO] Sent -> Category:Manuscripts from Gallica (Bibliothèque nationale de France) uploaded by Gzen92Bot | Gzen92Bot
2026-10-06 04:28:48,215 [INFO] Sent -> File:Reynoldsburg High School yearbook 2007 - DPLA - 6f16730392ba9971ac6934986af1e432 (page 65).jpg | Fæ
2026-10-06 04:28:48,347 [INFO] Sent -> Category:S. Hieronymus - btv1b52504546z | Gzen92Bot
2026-10-06 04:28:48,512 [INFO] Sent -> Q116395620 | DERDAKI ILIAS
2026-10-06 04:28:48,623 [INFO] Sent -> Categorie:Woorden met 4 lettergrepen in het Nederlands | Kvdrgeus
2026-10-06 04:28:48,743 [INFO] Sent -> Categorie:Woorden in het Nederlands met IPA-weergave | Kvdrgeus
2026-10-06 04:28:48,853 [INFO] Sent -> Q141657017 | Rohini
2026-10-06 04:28:48,961 [INFO] Sent -> Category:Deletion requests October 2026 | Fæ
2026-10-06 04:28:49,073 [INFO] Sent -> Q2247674 | Mrwdat3
2026-10-06 04:28:49,182 [INFO] Sent -> Q141657019 | Naexy
2026-10-06 04:28:49,292 [INFO] Sent -> File:Reynoldsburg High School yearbook 2007 - DPLA - 6f16730392ba9971ac6934986af1e432 (page 63).jpg | Fæ
2026-10-06 04:28:49,399 [INFO] Sent -> File:Польська брама 3.JPG | Rkieferbot
2026-10-06 04:28:49,508 [INFO] Sent -> Şablon:Yıldız | Harald the Bard
2026-10-06 04:28:49,618 [INFO] Sent -> Википедия:Запросы к администраторам/Быстрые | QBA-II-bot
2026-10-06 04:28:49,724 [INFO] Sent -> Category:Deletion requests October 2026 | Fæ
2026-10-06 04:28:49,833 [INFO] Sent -> File:Reynoldsburg High School yearbook 2007 - DPLA - 6f16730392ba9971ac6934986af1e432 (page 71).jpg | Fæ
2026-10-06 04:28:49,943 [INFO] Sent -> Template:PRC admin/data/11/01/13/002/032 | Hamish-bot
2026-10-06 04:28:50,053 [INFO] Sent -> Category:Deletion requests October 2026 | Fæ
2026-10-06 04:28:50,159 [INFO] Sent -> Nothing to Hide | Phzh
2026-10-06 04:28:50,269 [INFO] Sent -> bīstams | Altobot
2026-10-06 04:28:50,375 [INFO] Sent -> File:Reynoldsburg High School yearbook 2007 - DPLA - 6f16730392ba9971ac6934986af1e432 (page 73).jpg | Fæ
2026-10-06 04:28:50,485 [INFO] Sent -> Q116390439 | DERDAKI ILIAS
2026-10-06 04:28:50,595 [INFO] Sent -> Category:Deletion requests October 2026 | Fæ
2026-10-06 04:28:50,715 [INFO] Sent -> File:Reynoldsburg High School yearbook 2007 - DPLA - 6f16730392ba9971ac6934986af1e432 (page 70).jpg | Fæ
2026-10-06 04:28:50,832 [INFO] Sent -> File:Reynoldsburg High School yearbook 2007 - DPLA - 6f16730392ba9971ac6934986af1e432 (page 68).jpg | Fæ
2026-10-06 04:28:50,953 [INFO] Sent -> Q141657017 | Rohini
2026-10-06 04:28:51,062 [INFO] Sent -> Category:Deletion requests October 2026 | Fæ
2026-10-06 04:28:51,171 [INFO] Sent -> File:Reynoldsburg High School yearbook 2007 - DPLA - 6f16730392ba9971ac6934986af1e432 (page 69).jpg | Fæ
2026-10-06 04:28:51,281 [INFO] Sent -> Q138804134 | Pudox
2026-10-06 04:28:51,395 [INFO] Sent -> Category:Deletion requests October 2026 | Fæ
2026-10-06 04:28:51,515 [INFO] Sent -> File:Reynoldsburg High School yearbook 2007 - DPLA - 6f16730392ba9971ac6934986af1e432 (page 74).jpg | Fæ
2026-10-06 04:28:51,626 [INFO] Sent -> Викисловарь:Отчёты/v2/Общие шаблоны/multilang/Нерпавильное количество языков | VitalikBot
2026-10-06 04:28:51,759 [INFO] Sent -> Category:Deletion requests October 2026 | Fæ
2026-10-06 04:28:51,935 [INFO] Sent -> 분류:라트비아어 형용사 | Altobot
2026-10-06 04:28:52,100 [INFO] Sent -> البعثات الإسبانية في صحراء سونورا | Mr.Ibrahembot
2026-10-06 04:28:52,321 [INFO] Sent -> Q138805274 | Pudox
2026-10-06 04:28:52,450 [INFO] Sent -> Category:Deletion requests October 2026 | Fæ
2026-10-06 04:28:52,582 [INFO] Sent -> ထာမ်ပလိက်:vrd-ī/documentation | Intobesa.bot
2026-10-06 04:28:52,725 [INFO] Sent -> User:GreatAbysmal | GreatAbysmal
2026-10-06 04:28:52,844 [INFO] Sent -> Category:因历史原因保留的已停用模板 | Hamish-bot
2026-10-06 04:28:52,980 [INFO] Sent -> File:Reynoldsburg High School yearbook 2007 - DPLA - 6f16730392ba9971ac6934986af1e432 (page 76).jpg | Fæ
2026-10-06 04:28:53,103 [INFO] Sent -> Category:Deletion requests October 2026 | Fæ
2026-10-06 04:28:53,229 [INFO] Sent -> Bassou | Vikiçizer
2026-10-06 04:28:53,390 [INFO] Sent -> Q138804135 | Pudox
2026-10-06 04:28:53,523 [INFO] Sent -> Category:Deletion requests October 2026 | Fæ
2026-10-06 04:28:53,663 [INFO] Sent -> Overleg:Mahatma Gandhi | ~2026-54024-22
2026-10-06 04:28:53,806 [INFO] Sent -> Q14589258 | Mrwdat3
2026-10-06 04:28:53,928 [INFO] Sent -> File:Reynoldsburg High School yearbook 2007 - DPLA - 6f16730392ba9971ac6934986af1e432 (page 78).jpg | Fæ
2026-10-06 04:28:54,077 [INFO] Sent -> ကဏ္ဍ:မုက်လိက်သောဲသောဲမဆေၚ်စပ်ကဵုလိက်စၟတ်သမ္တီမချူပတိုန်လဝ်မဇ္ဇျဟ်ထောံဂမၠိုၚ် | Intobesa.bot
2026-10-06 04:28:54,197 [INFO] Sent -> File:Reynoldsburg High School yearbook 2007 - DPLA - 6f16730392ba9971ac6934986af1e432 (page 77).jpg | Fæ
2026-10-06 04:28:54,323 [INFO] Sent -> Q141657017 | Rohini
2026-10-06 04:28:54,439 [INFO] Sent -> Category:Deletion requests October 2026 | Fæ
2026-10-06 04:28:54,549 [INFO] Sent -> File:JP 日本 Japan 沖繩 OKINAWA 那霸 Naha 久茂地 Chome Kumoji 縣廳前站 Prefectural Office Station platform February 2026 N13P 01.jpg | Adeletron 3030
2026-10-06 04:28:54,675 [INFO] Sent -> Category:Deletion requests October 2026 | Fæ
2026-10-06 04:28:54,804 [INFO] Sent -> File:Reynoldsburg High School yearbook 2007 - DPLA - 6f16730392ba9971ac6934986af1e432 (page 75).jpg | Fæ
2026-10-06 04:28:54,925 [INFO] Sent -> Q116395621 | DERDAKI ILIAS
2026-10-06 04:28:55,048 [INFO] Sent -> Q138805282 | Pudox
2026-10-06 04:28:55,173 [INFO] Sent -> File:Reynoldsburg High School yearbook 2007 - DPLA - 6f16730392ba9971ac6934986af1e432 (page 8).jpg | Fæ
2026-10-06 04:28:55,295 [INFO] Sent -> Category:Deletion requests October 2026 | Fæ
2026-10-06 04:28:55,407 [INFO] Sent -> Category:Deletion requests October 2026 | Fæ
2026-10-06 04:28:55,531 [INFO] Sent -> File:JP 日本 Japan 沖繩 OKINAWA 那霸 Naha 久茂地 Chome Kumoji 縣廳前站 Prefectural Office Station exit stairs view February 2026 N13P.jpg | Adeletron 3030
2026-10-06 04:28:55,641 [INFO] Sent -> File:JP 日本 Japan 沖繩 OKINAWA 那霸 Naha 久茂地 Chome Kumoji 縣廳前站 Prefectural Office Station platform February 2026 N13P 02.jpg | Adeletron 3030
2026-10-06 04:28:55,768 [INFO] Sent -> Q141657017 | Rohini
2026-10-06 04:28:55,888 [INFO] Progress: 200 sent, 0 skipped.
2026-10-06 04:28:56,013 [INFO] Sent -> Category:2026 in Kumoji, Okinawa prefecture | Adeletron 3030
2026-10-06 04:28:56,139 [INFO] Sent -> Category:Deletion requests October 2026 | Fæ
2026-10-06 04:28:56,264 [INFO] Sent -> Category:Deletion requests October 2026 | Fæ
2026-10-06 04:28:56,392 [INFO] Sent -> File:Reynoldsburg High School yearbook 2007 - DPLA - 6f16730392ba9971ac6934986af1e432 (page 82).jpg | Fæ
2026-10-06 04:28:56,511 [INFO] Sent -> Q14658274 | Mrwdat3
2026-10-06 04:28:56,662 [INFO] Sent -> الگو:گربه | Mamouri
2026-10-06 04:28:56,778 [INFO] Sent -> File:JP 日本 Japan 沖繩 OKINAWA 那霸 Naha 久茂地 Chome Kumoji 縣廳前站 Prefectural Office Station Monorail Line February 2026 N13P 01.jpg | Adeletron 3030
2026-10-06 04:28:57,022 [INFO] Sent -> Category:Deletion requests October 2026 | Fæ
2026-10-06 04:28:57,157 [INFO] Sent -> Q138805284 | Pudox
2026-10-06 04:28:57,272 [INFO] Sent -> Francis Halzen | Radek68
2026-10-06 04:28:57,394 [INFO] Sent -> File:Reynoldsburg High School yearbook 2007 - DPLA - 6f16730392ba9971ac6934986af1e432 (page 72).jpg | Fæ
2026-10-06 04:28:57,506 [INFO] Sent -> File:Reynoldsburg High School yearbook 2007 - DPLA - 6f16730392ba9971ac6934986af1e432 (page 79).jpg | Fæ
2026-10-06 04:28:57,630 [INFO] Sent -> Category:Deletion requests October 2026 | Fæ
2026-10-06 04:28:57,753 [INFO] Sent -> File:Reynoldsburg High School yearbook 2007 - DPLA - 6f16730392ba9971ac6934986af1e432 (page 84).jpg | Fæ
2026-10-06 04:28:57,869 [INFO] Sent -> File:Reynoldsburg High School yearbook 2007 - DPLA - 6f16730392ba9971ac6934986af1e432 (page 81).jpg | Fæ
2026-10-06 04:28:57,986 [INFO] Sent -> File:Reynoldsburg High School yearbook 2007 - DPLA - 6f16730392ba9971ac6934986af1e432 (page 85).jpg | Fæ
2026-10-06 04:28:58,107 [INFO] Sent -> Category:Deletion requests October 2026 | Fæ
2026-10-06 04:28:58,214 [INFO] Sent -> Category:Deletion requests October 2026 | Fæ
2026-10-06 04:28:58,322 [INFO] Sent -> Q138804149 | Pudox
2026-10-06 04:28:58,557 [INFO] Sent -> Q116395622 | DERDAKI ILIAS
2026-10-06 04:28:58,665 [INFO] Sent -> Q141657017 | Rohini
2026-10-06 04:28:58,778 [INFO] Sent -> Category:2026 in Kumoji, Okinawa prefecture | Adeletron 3030
2026-10-06 04:28:58,909 [INFO] Sent -> File:Kolomna Moskvoretskaya street 15 2020-05 301.JPG | Svetlov Artem
2026-10-06 04:28:59,031 [INFO] Sent -> File:Reynoldsburg High School yearbook 2007 - DPLA - 6f16730392ba9971ac6934986af1e432 (page 86).jpg | Fæ
2026-10-06 04:28:59,156 [INFO] Sent -> Category:2026 in Kumoji, Okinawa prefecture | Adeletron 3030
2026-10-06 04:28:59,272 [INFO] Sent -> Portal:Vietnam/Bewerten automatisch | TaxonBota
2026-10-06 04:28:59,393 [INFO] Sent -> User:Ahonc/WLM-2026 UA/images/small | AHbot
2026-10-06 04:28:59,502 [INFO] Sent -> File:Reynoldsburg High School yearbook 2007 - DPLA - 6f16730392ba9971ac6934986af1e432 (page 87).jpg | Fæ
2026-10-06 04:28:59,610 [INFO] Sent -> Q37335557 | Cewbot
2026-10-06 04:28:59,722 [INFO] Sent -> Category:Deletion requests October 2026 | Fæ
2026-10-06 04:28:59,846 [INFO] Sent -> పుట:ప్రతాపరుద్రీయమ్ (విద్యానాథ).pdf/346 | దేవీప్రసాదశాస్త్రి
2026-10-06 04:28:59,971 [INFO] Sent -> File:Reynoldsburg High School yearbook 2007 - DPLA - 6f16730392ba9971ac6934986af1e432 (page 89).jpg | Fæ
2026-10-06 04:29:00,093 [INFO] Sent -> File:Reynoldsburg High School yearbook 2007 - DPLA - 6f16730392ba9971ac6934986af1e432 (page 80).jpg | Fæ
2026-10-06 04:29:00,215 [INFO] Sent -> Category:2026 in Kumoji, Okinawa prefecture | Adeletron 3030
2026-10-06 04:29:00,325 [INFO] Sent -> Q141657017 | Rohini
2026-10-06 04:29:00,434 [INFO] Sent -> File:Reynoldsburg High School yearbook 2007 - DPLA - 6f16730392ba9971ac6934986af1e432 (page 88).jpg | Fæ
2026-10-06 04:29:00,542 [INFO] Sent -> Q21260549 | Mrwdat3
2026-10-06 04:29:00,658 [INFO] Sent -> Category:Deletion requests October 2026 | Fæ
2026-10-06 04:29:00,774 [INFO] Sent -> Category:Deletion requests October 2026 | Fæ
2026-10-06 04:29:00,884 [INFO] Sent -> Q138805286 | Pudox
2026-10-06 04:29:00,995 [INFO] Sent -> Q1585863 | ~2026-53772-44
2026-10-06 04:29:01,103 [INFO] Sent -> Category:Deletion requests October 2026 | Fæ
2026-10-06 04:29:01,210 [INFO] Sent -> Q138804152 | Pudox
2026-10-06 04:29:01,320 [INFO] Sent -> Q141657013 | Rémih
2026-10-06 04:29:01,430 [INFO] Sent -> Category:Deletion requests October 2026 | Fæ
2026-10-06 04:29:01,541 [INFO] Sent -> వర్గం:అచ్చుదిద్దబడని | దేవీప్రసాదశాస్త్రి
2026-10-06 04:29:01,649 [INFO] Sent -> Q116395623 | DERDAKI ILIAS
2026-10-06 04:29:01,760 [INFO] Sent -> Q141655612 | Chandapiwa Malema
2026-10-06 04:29:01,870 [INFO] Sent -> File:Reynoldsburg High School yearbook 2007 - DPLA - 6f16730392ba9971ac6934986af1e432 (page 91).jpg | Fæ
2026-10-06 04:29:01,979 [INFO] Sent -> Q141657017 | Rohini
2026-10-06 04:29:02,086 [INFO] Sent -> File:Reynoldsburg High School yearbook 2007 - DPLA - 6f16730392ba9971ac6934986af1e432 (page 93).jpg | Fæ
2026-10-06 04:29:02,198 [INFO] Sent -> Bazarnes | Vikiçizer
2026-10-06 04:29:02,308 [INFO] Sent -> File:Reynoldsburg High School yearbook 2007 - DPLA - 6f16730392ba9971ac6934986af1e432 (page 92).jpg | Fæ
2026-10-06 04:29:02,415 [INFO] Sent -> Category:Deletion requests October 2026 | Fæ
2026-10-06 04:29:02,528 [INFO] Sent -> File:Read-out of the weekly meeting of the von der Leyen Commission by Raffaele Fitto, on the EU's eastern regions bordering Russia, Belarus and Ukraine (P-069035-00-02).jpg | SchlurcherBot
2026-10-06 04:29:02,637 [INFO] Sent -> Category:Deletion requests October 2026 | Fæ
2026-10-06 04:29:02,748 [INFO] Sent -> Category:Deletion requests October 2026 | Fæ
2026-10-06 04:29:02,858 [INFO] Sent -> Category:Deletion requests October 2026 | Fæ
2026-10-06 04:29:02,964 [INFO] Sent -> File:ISS074-E-573273 - View of South Africa.jpg | OptimusPrimeBot
2026-10-06 04:29:03,074 [INFO] Sent -> Category:Deletion requests October 2026 | Fæ
2026-10-06 04:29:03,187 [INFO] Sent -> Category:Deletion requests October 2026 | Fæ
2026-10-06 04:29:03,295 [INFO] Sent -> Category:Deletion requests October 2026 | Fæ
2026-10-06 04:29:03,403 [INFO] Sent -> Q138805288 | Pudox
2026-10-06 04:29:03,521 [INFO] Sent -> Godfrey Stephen | İmmortalance
2026-10-06 04:29:03,740 [INFO] Sent -> File:Graner01.JPG | Rkieferbot
2026-10-06 04:29:03,869 [INFO] Sent -> Q138804159 | Pudox
2026-10-06 04:29:03,978 [INFO] Sent -> Q116395624 | DERDAKI ILIAS
2026-10-06 04:29:04,090 [INFO] Sent -> Oswaldo Vizcarrondo | ~2026-53721-07
2026-10-06 04:29:04,197 [INFO] Sent -> File:Reynoldsburg High School yearbook 2007 - DPLA - 6f16730392ba9971ac6934986af1e432 (page 95).jpg | Fæ
2026-10-06 04:29:04,307 [INFO] Sent -> File:Reynoldsburg High School yearbook 2007 - DPLA - 6f16730392ba9971ac6934986af1e432 (page 83).jpg | Fæ
2026-10-06 04:29:04,415 [INFO] Sent -> Q2138704 | Mrwdat3
2026-10-06 04:29:04,525 [INFO] Sent -> Category:ISS photographs taken on 2026-05-03 | OptimusPrimeBot
2026-10-06 04:29:04,635 [INFO] Sent -> Luettelo Sysmän julkisista taideteoksista ja muistomerkeistä | Htm Mobiili
2026-10-06 04:29:04,745 [INFO] Sent -> Category:Taken on missing SDC inception | OptimusPrimeBot
2026-10-06 04:29:04,854 [INFO] Sent -> File:Reynoldsburg High School yearbook 2007 - DPLA - 6f16730392ba9971ac6934986af1e432 (page 9).jpg | Fæ
2026-10-06 04:29:04,962 [INFO] Sent -> Category:Images from the Earth Science and Remote Sensing Unit, Lyndon B. Johnson Space Center | OptimusPrimeBot
2026-10-06 04:29:05,073 [INFO] Sent -> Category:Pages with local object coordinates and missing SDC coordinates | OptimusPrimeBot
2026-10-06 04:29:05,182 [INFO] Sent -> Q137919864 | باسم
2026-10-06 04:29:05,293 [INFO] Sent -> Category:Files with coordinates missing SDC location of creation | OptimusPrimeBot
2026-10-06 04:29:05,400 [INFO] Sent -> Q138805290 | Pudox
2026-10-06 04:29:05,509 [INFO] Sent -> Category:PD NASA | OptimusPrimeBot
2026-10-06 04:29:05,618 [INFO] Sent -> Q21667560 | Rebot
2026-10-06 04:29:05,727 [INFO] Sent -> Category:Deletion requests October 2026 | Fæ
2026-10-06 04:29:05,835 [INFO] Sent -> Category:PD-USGov missing SDC copyright status | OptimusPrimeBot
2026-10-06 04:29:05,944 [INFO] Sent -> File:Reynoldsburg High School yearbook 2007 - DPLA - 6f16730392ba9971ac6934986af1e432 (page 96).jpg | Fæ
2026-10-06 04:29:06,053 [INFO] Sent -> Category:ISS Expedition 74 Crew Earth Observations (dump) | OptimusPrimeBot
2026-10-06 04:29:06,163 [INFO] Sent -> Category:NASA GAPE files uploaded by OptimusPrimeBot | OptimusPrimeBot
2026-10-06 04:29:06,273 [INFO] Sent -> Q3507471 | Pigsonthewing
2026-10-06 04:29:06,384 [INFO] Sent -> Category:Photos of South Africa by ISS Expedition 74 Crew Earth Observations | OptimusPrimeBot
2026-10-06 04:29:06,492 [INFO] Sent -> Beaumont, Yonne | Vikiçizer
2026-10-06 04:29:06,601 [INFO] Sent -> File:Reynoldsburg High School yearbook 2007 - DPLA - 6f16730392ba9971ac6934986af1e432 (page 94).jpg | Fæ
2026-10-06 04:29:06,729 [INFO] Sent -> File:Reynoldsburg High School yearbook 2007 - DPLA - 6f16730392ba9971ac6934986af1e432 (page 99).jpg | Fæ
2026-10-06 04:29:06,914 [INFO] Sent -> Category:Taken with Nikon Z 9 | OptimusPrimeBot
2026-10-06 04:29:07,122 [INFO] Sent -> File:Reynoldsburg High School yearbook 2007 - DPLA - 6f16730392ba9971ac6934986af1e432 (page 98).jpg | Fæ
2026-10-06 04:29:07,492 [INFO] Sent -> Guido Herrera | İmmortalance
2026-10-06 04:29:07,608 [INFO] Sent -> Valentina Giovagnini | CheckWikiBOT
2026-10-06 04:29:07,804 [INFO] Sent -> Kategori:Türkiye'deki gurbetçi erkek futbolcular | İmmortalance
2026-10-06 04:29:07,923 [INFO] Sent -> Category:Deletion requests October 2026 | Fæ
2026-10-06 04:29:08,045 [INFO] Sent -> Kurs:Singularitätentheorie (Osnabrück 2026-2027)/Affin-algebraische Mengen/Algebraisch abgeschlossener Körper/Produkt/Geometrisch/Dimension/Aufgabe/Aufgabereferenznummer | Arbota
2026-10-06 04:29:08,190 [INFO] Progress: 300 sent, 0 skipped.
2026-10-06 04:29:08,389 [INFO] Sent -> Q141657017 | Rohini
2026-10-06 04:29:08,883 [INFO] Sent -> 遞送 | Popolon
2026-10-06 04:29:09,083 [INFO] Sent -> Category:Deletion requests October 2026 | Fæ
2026-10-06 04:29:09,300 [INFO] Sent -> Q138804161 | Pudox
2026-10-06 04:29:09,457 [INFO] Sent -> Q10693827 | Mrwdat3
2026-10-06 04:29:09,586 [INFO] Sent -> Z44477 | 鈴音雨
2026-10-06 04:29:09,746 [INFO] Sent -> File:Reynoldsburg High School yearbook 2007 - DPLA - 6f16730392ba9971ac6934986af1e432 (page 90).jpg | Fæ
2026-10-06 04:29:09,881 [INFO] Sent -> Q138805292 | Pudox
2026-10-06 04:29:10,026 [INFO] Sent -> File:Westland High School yearbook 1995 - DPLA - bcacf5bac0b59c51fb1fad46f09c46be (page 100).jpg | Fæ
2026-10-06 04:29:10,142 [INFO] Sent -> Category:Deletion requests October 2026 | Fæ
2026-10-06 04:29:10,251 [INFO] Sent -> Q116395625 | DERDAKI ILIAS
2026-10-06 04:29:10,376 [INFO] Sent -> File:Westland High School yearbook 1995 - DPLA - bcacf5bac0b59c51fb1fad46f09c46be (page 101).jpg | Fæ
2026-10-06 04:29:10,490 [INFO] Sent -> Kategorie:Kurs:Singularitätentheorie (Osnabrück 2026-2027)/Referenznummer | Arbota
2026-10-06 04:29:10,614 [INFO] Sent -> Category:Deletion requests October 2026 | Fæ
2026-10-06 04:29:10,737 [INFO] Sent -> Q138804163 | Pudox
2026-10-06 04:29:10,845 [INFO] Sent -> File:Westland High School yearbook 1995 - DPLA - bcacf5bac0b59c51fb1fad46f09c46be (page 10).jpg | Fæ
2026-10-06 04:29:10,969 [INFO] Sent -> Q141657017 | Rohini
2026-10-06 04:29:11,092 [INFO] Sent -> 2006–2010 közötti magyar országgyűlési képviselők listája | Porrima
2026-10-06 04:29:11,216 [INFO] Sent -> File:ISS074-E-573275 - View of South Africa.jpg | OptimusPrimeBot
2026-10-06 04:29:11,342 [INFO] Sent -> File:Westland High School yearbook 1995 - DPLA - bcacf5bac0b59c51fb1fad46f09c46be (page 102).jpg | Fæ
2026-10-06 04:29:11,468 [INFO] Sent -> File:Westland High School yearbook 1995 - DPLA - bcacf5bac0b59c51fb1fad46f09c46be (page 1).jpg | Fæ
2026-10-06 04:29:11,593 [INFO] Sent -> File:Reynoldsburg High School yearbook 2007 - DPLA - 6f16730392ba9971ac6934986af1e432 (page 97).jpg | Fæ
2026-10-06 04:29:11,700 [INFO] Sent -> 利用者:Y.S Note | Y.S Note
2026-10-06 04:29:11,810 [INFO] Sent -> Q141655612 | Chandapiwa Malema
2026-10-06 04:29:11,920 [INFO] Sent -> Category:Deletion requests October 2026 | Fæ
2026-10-06 04:29:12,029 [INFO] Sent -> 利用者:Y.S Note | Y.S Note
2026-10-06 04:29:12,139 [INFO] Sent -> Kategori:Türkiye'deki gurbetçi erkek futbolcular | İmmortalance
2026-10-06 04:29:12,249 [INFO] Sent -> Q14485291 | Mrwdat3
2026-10-06 04:29:12,357 [INFO] Sent -> Kategori:Türkiye'deki gurbetçi futbolcular | İmmortalance
2026-10-06 04:29:12,466 [INFO] Sent -> User talk:Gugu | Danners430
2026-10-06 04:29:12,577 [INFO] Sent -> Category:Deletion requests October 2026 | Fæ
2026-10-06 04:29:12,685 [INFO] Sent -> Q116395626 | DERDAKI ILIAS
2026-10-06 04:29:12,794 [INFO] Sent -> Category:Deletion requests October 2026 | Fæ
2026-10-06 04:29:12,902 [INFO] Sent -> Category:Deletion requests October 2026 | Fæ
2026-10-06 04:29:13,012 [INFO] Sent -> Guy Serge Yaméogo | İmmortalance
2026-10-06 04:29:13,122 [INFO] Sent -> La Madelon (film, 1955) | Nore11
2026-10-06 04:29:13,229 [INFO] Sent -> Category:Deletion requests October 2026 | Fæ
2026-10-06 04:29:13,339 [INFO] Sent -> Q138805296 | Pudox
2026-10-06 04:29:13,449 [INFO] Sent -> Mitteldeutsche Zeitung | Maxeto0910
2026-10-06 04:29:13,556 [INFO] Sent -> Category:ISS photographs taken on 2026-05-03 | OptimusPrimeBot
2026-10-06 04:29:13,665 [INFO] Sent -> Category:Taken on missing SDC inception | OptimusPrimeBot
2026-10-06 04:29:13,774 [INFO] Sent -> Category:Images from the Earth Science and Remote Sensing Unit, Lyndon B. Johnson Space Center | OptimusPrimeBot
2026-10-06 04:29:13,883 [INFO] Sent -> Category:Pages with local object coordinates and missing SDC coordinates | OptimusPrimeBot
2026-10-06 04:29:13,990 [INFO] Sent -> Q138804165 | Pudox
2026-10-06 04:29:14,098 [INFO] Sent -> File:Westland High School yearbook 1995 - DPLA - bcacf5bac0b59c51fb1fad46f09c46be (page 108).jpg | Fæ
2026-10-06 04:29:14,208 [INFO] Sent -> Category:Files with coordinates missing SDC location of creation | OptimusPrimeBot
2026-10-06 04:29:14,332 [INFO] Sent -> Category:Deletion requests October 2026 | Fæ
2026-10-06 04:29:14,441 [INFO] Sent -> File:Westland High School yearbook 1995 - DPLA - bcacf5bac0b59c51fb1fad46f09c46be (page 105).jpg | Fæ
2026-10-06 04:29:14,550 [INFO] Sent -> Category:PD NASA | OptimusPrimeBot
2026-10-06 04:29:14,660 [INFO] Sent -> Category:PD-USGov missing SDC copyright status | OptimusPrimeBot
2026-10-06 04:29:14,772 [INFO] Sent -> Category:Deletion requests October 2026 | Fæ
2026-10-06 04:29:14,878 [INFO] Sent -> Category:ISS Expedition 74 Crew Earth Observations (dump) | OptimusPrimeBot
2026-10-06 04:29:14,987 [INFO] Sent -> File:La Conquête de la Terre sainte (par GUILLAUME DE TYR), avec la continuation. - btv1b9058986s (011 of 271).jpg | Gzen92Bot
2026-10-06 04:29:15,097 [INFO] Sent -> Q141657017 | Rohini
2026-10-06 04:29:15,207 [INFO] Sent -> Category:NASA GAPE files uploaded by OptimusPrimeBot | OptimusPrimeBot
2026-10-06 04:29:15,329 [INFO] Sent -> File:Westland High School yearbook 1995 - DPLA - bcacf5bac0b59c51fb1fad46f09c46be (page 109).jpg | Fæ
2026-10-06 04:29:15,437 [INFO] Sent -> Category:Photos of South Africa by ISS Expedition 74 Crew Earth Observations | OptimusPrimeBot
2026-10-06 04:29:15,544 [INFO] Sent -> Category:Taken with Nikon Z 9 | OptimusPrimeBot
2026-10-06 04:29:15,656 [INFO] Sent -> Timothy Morton | CheckWikiBOT
2026-10-06 04:29:15,766 [INFO] Sent -> File:The necessary knowledge of the Lord's supper; and the necessary preparation for it, shewn from the words of its institution Fleuron T136395-5.png | Santi Gomà
2026-10-06 04:29:15,877 [INFO] Sent -> Category:Deletion requests October 2026 | Fæ
2026-10-06 04:29:15,985 [INFO] Sent -> File:Westland High School yearbook 1995 - DPLA - bcacf5bac0b59c51fb1fad46f09c46be (page 107).jpg | Fæ
2026-10-06 04:29:16,094 [INFO] Sent -> File:Westland High School yearbook 1995 - DPLA - bcacf5bac0b59c51fb1fad46f09c46be (page 11).jpg | Fæ
2026-10-06 04:29:16,205 [INFO] Sent -> Q116395629 | DERDAKI ILIAS
2026-10-06 04:29:16,313 [INFO] Sent -> Q138805297 | Pudox
2026-10-06 04:29:16,421 [INFO] Sent -> Category:Deletion requests October 2026 | Fæ
2026-10-06 04:29:16,532 [INFO] Sent -> Category:Deletion requests October 2026 | Fæ
2026-10-06 04:29:16,641 [INFO] Sent -> File:ISS074-E-573276 - View of South Africa.jpg | OptimusPrimeBot
2026-10-06 04:29:16,749 [INFO] Sent -> kadmiyûmekê | JiyanBot
2026-10-06 04:29:16,859 [INFO] Sent -> Category:Artworks without Wikidata item | Gzen92Bot
2026-10-06 04:29:16,968 [INFO] Sent -> Q141657017 | Rohini
2026-10-06 04:29:17,078 [INFO] Sent -> Corps Borussia Tübingen | ~2026-53893-77
2026-10-06 04:29:17,186 [INFO] Sent -> Category:PD France | Gzen92Bot
2026-10-06 04:29:17,300 [INFO] Sent -> Tyreece Campbell | ~2026-48280-56
2026-10-06 04:29:17,421 [INFO] Sent -> Category:PD US expired | Gzen92Bot
2026-10-06 04:29:17,541 [INFO] Sent -> Gare de Bédarrides | ~2026-53897-05
2026-10-06 04:29:17,649 [INFO] Sent -> Category:PD-US missing SDC copyright status | Gzen92Bot
2026-10-06 04:29:17,771 [INFO] Sent -> Category:Deletion requests October 2026 | Fæ
2026-10-06 04:29:17,882 [INFO] Sent -> Category:PD-old missing SDC copyright status | Gzen92Bot
2026-10-06 04:29:17,991 [INFO] Sent -> Category:CC-PD-Mark | Gzen92Bot
2026-10-06 04:29:18,100 [INFO] Sent -> File:Westland High School yearbook 1995 - DPLA - bcacf5bac0b59c51fb1fad46f09c46be (page 103).jpg | Fæ
2026-10-06 04:29:18,210 [INFO] Sent -> Category:PD Old (assumed) | Gzen92Bot
2026-10-06 04:29:18,322 [INFO] Sent -> Category:Manuscripts from Gallica (Bibliothèque nationale de France) uploaded by Gzen92Bot | Gzen92Bot
2026-10-06 04:29:18,429 [INFO] Sent -> Category:La Conquête de la Terre sainte (par GUILLAUME DE TYR), avec la continuation. - btv1b9058986s | Gzen92Bot
2026-10-06 04:29:18,537 [INFO] Sent -> Category:Files with no machine-readable author | Gzen92Bot
2026-10-06 04:29:18,647 [INFO] Sent -> Q10629986 | Mrwdat3
2026-10-06 04:29:18,757 [INFO] Sent -> Category:Deletion requests October 2026 | Fæ
2026-10-06 04:29:18,867 [INFO] Sent -> Kategori:Türkiye'deki gurbetçi erkek futbolcular | İmmortalance
2026-10-06 04:29:18,976 [INFO] Sent -> File:Westland High School yearbook 1995 - DPLA - bcacf5bac0b59c51fb1fad46f09c46be (page 106).jpg | Fæ
2026-10-06 04:29:19,083 [INFO] Sent -> Q138804166 | Pudox
2026-10-06 04:29:19,194 [INFO] Sent -> Kategori:Türkiye'deki gurbetçi futbolcular | İmmortalance
2026-10-06 04:29:19,304 [INFO] Sent -> File:Fonte Luminosa da Praça Geraldo Silva Maia (Passos) 10.jpg | Rkieferbot
2026-10-06 04:29:19,414 [INFO] Sent -> Category:Crowns in fleurons friezes | Santi Gomà
2026-10-06 04:29:19,530 [INFO] Sent -> Category:Deletion requests October 2026 | Fæ
2026-10-06 04:29:19,644 [INFO] Sent -> Q116395630 | DERDAKI ILIAS
2026-10-06 04:29:19,753 [INFO] Sent -> File:Westland High School yearbook 1995 - DPLA - bcacf5bac0b59c51fb1fad46f09c46be (page 112).jpg | Fæ
2026-10-06 04:29:19,861 [INFO] Sent -> Subhankara Thakura | Sntshkumar750
2026-10-06 04:29:19,973 [INFO] Sent -> ثابت‌پنجه‌ها | Mamouri
2026-10-06 04:29:20,096 [INFO] Sent -> Q141657017 | Rohini
2026-10-06 04:29:20,202 [INFO] Progress: 400 sent, 0 skipped.
2026-10-06 04:29:20,312 [INFO] Sent -> Q138805299 | Pudox
2026-10-06 04:29:20,419 [INFO] Sent -> Category:ISS photographs taken on 2026-05-03 | OptimusPrimeBot
2026-10-06 04:29:20,531 [INFO] Sent -> Category:Deletion requests October 2026 | Fæ
2026-10-06 04:29:20,638 [INFO] Sent -> File:Westland High School yearbook 1995 - DPLA - bcacf5bac0b59c51fb1fad46f09c46be (page 113).jpg | Fæ
2026-10-06 04:29:20,748 [INFO] Sent -> Category:Taken on missing SDC inception | OptimusPrimeBot
2026-10-06 04:29:20,854 [INFO] Sent -> Lingua falisca | InternetArchiveBot
2026-10-06 04:29:20,963 [INFO] Sent -> Beauvilliers, Yonne | Vikiçizer
2026-10-06 04:29:21,074 [INFO] Sent -> Category:Images from the Earth Science and Remote Sensing Unit, Lyndon B. Johnson Space Center | OptimusPrimeBot
2026-10-06 04:29:21,181 [INFO] Sent -> Q141655612 | Chandapiwa Malema
2026-10-06 04:29:21,290 [INFO] Sent -> Category:Pages with local object coordinates and missing SDC coordinates | OptimusPrimeBot
2026-10-06 04:29:21,399 [INFO] Sent -> Category:Files with coordinates missing SDC location of creation | OptimusPrimeBot
2026-10-06 04:29:21,521 [INFO] Sent -> Category:PD NASA | OptimusPrimeBot
2026-10-06 04:29:21,632 [INFO] Sent -> Category:PD-USGov missing SDC copyright status | OptimusPrimeBot
2026-10-06 04:29:21,764 [INFO] Sent -> Category:ISS Expedition 74 Crew Earth Observations (dump) | OptimusPrimeBot
2026-10-06 04:29:21,901 [INFO] Sent -> File:ISS074-E-573273 - View of South Africa.jpg | OptimusPrimeBot
2026-10-06 04:29:22,239 [INFO] Sent -> Category:Deletion requests October 2026 | Fæ
2026-10-06 04:29:22,437 [INFO] Sent -> Category:NASA GAPE files uploaded by OptimusPrimeBot | OptimusPrimeBot
2026-10-06 04:29:22,562 [INFO] Sent -> Guilherme Luiz | İmmortalance
2026-10-06 04:29:22,686 [INFO] Sent -> File:Westland High School yearbook 1995 - DPLA - bcacf5bac0b59c51fb1fad46f09c46be (page 116).jpg | Fæ
2026-10-06 04:29:22,810 [INFO] Sent -> File:Westland High School yearbook 1995 - DPLA - bcacf5bac0b59c51fb1fad46f09c46be (page 115).jpg | Fæ
2026-10-06 04:29:22,936 [INFO] Sent -> Category:Photos of South Africa by ISS Expedition 74 Crew Earth Observations | OptimusPrimeBot
2026-10-06 04:29:23,059 [INFO] Sent -> Category:Taken with Nikon Z 9 | OptimusPrimeBot
2026-10-06 04:29:23,189 [INFO] Sent -> Q138804178 | Pudox
2026-10-06 04:29:23,307 [INFO] Sent -> File:Sortida oriental del recinte emmurallat de Coll de Nargó.JPG | Rkieferbot
2026-10-06 04:29:23,416 [INFO] Sent -> Q14541393 | Mrwdat3
2026-10-06 04:29:23,528 [INFO] Sent -> Q37335557 | Cewbot
2026-10-06 04:29:23,651 [INFO] Sent -> Category:Deletion requests October 2026 | Fæ
2026-10-06 04:29:23,759 [INFO] Sent -> File:Westland High School yearbook 1995 - DPLA - bcacf5bac0b59c51fb1fad46f09c46be (page 104).jpg | Fæ
2026-10-06 04:29:23,869 [INFO] Sent -> Category:Deletion requests October 2026 | Fæ
2026-10-06 04:29:23,982 [INFO] Sent -> सदस्य:HarvardSaff | HarvardSaff
2026-10-06 04:29:24,104 [INFO] Sent -> Q186360 | Tiziana Deluca
2026-10-06 04:29:24,213 [INFO] Sent -> Q116395631 | DERDAKI ILIAS
2026-10-06 04:29:24,325 [INFO] Sent -> Category:Deletion requests October 2026 | Fæ
2026-10-06 04:29:24,451 [INFO] Sent -> Ebba Grön | ~2026-53772-14
2026-10-06 04:29:24,571 [INFO] Sent -> Q138804182 | Pudox
2026-10-06 04:29:24,685 [INFO] Sent -> Q186360 | Tiziana Deluca
2026-10-06 04:29:24,794 [INFO] Sent -> File:Westland High School yearbook 1995 - DPLA - bcacf5bac0b59c51fb1fad46f09c46be (page 110).jpg | Fæ
2026-10-06 04:29:24,906 [INFO] Sent -> Q138805305 | Pudox
2026-10-06 04:29:25,015 [INFO] Sent -> Q141657017 | Rohini
2026-10-06 04:29:25,125 [INFO] Sent -> Bilguun Ariunbaatar | Artemis Andromeda
2026-10-06 04:29:25,235 [INFO] Sent -> File:Westland High School yearbook 1995 - DPLA - bcacf5bac0b59c51fb1fad46f09c46be (page 111).jpg | Fæ
2026-10-06 04:29:25,349 [INFO] Sent -> Q124702495 | Mrwdat3
2026-10-06 04:29:25,477 [INFO] Sent -> File:Westland High School yearbook 1995 - DPLA - bcacf5bac0b59c51fb1fad46f09c46be (page 119).jpg | Fæ
2026-10-06 04:29:25,596 [INFO] Sent -> File:Westland High School yearbook 1995 - DPLA - bcacf5bac0b59c51fb1fad46f09c46be (page 118).jpg | Fæ
2026-10-06 04:29:25,719 [INFO] Sent -> Category:Deletion requests October 2026 | Fæ
2026-10-06 04:29:25,842 [INFO] Sent -> Q116395632 | DERDAKI ILIAS
2026-10-06 04:29:25,950 [INFO] Sent -> Page:Wanderings of a Pilgrim Vol 1.djvu/191 | 8582e
2026-10-06 04:29:26,060 [INFO] Sent -> Category:Astronomers | Sntshkumar750
2026-10-06 04:29:26,168 [INFO] Sent -> Q16606749 | Kristbaumbot
2026-10-06 04:29:26,279 [INFO] Sent -> Q141657017 | Rohini
2026-10-06 04:29:26,389 [INFO] Sent -> File:ISS074-E-573275 - View of South Africa.jpg | OptimusPrimeBot
2026-10-06 04:29:26,496 [INFO] Sent -> Category:Deletion requests October 2026 | Fæ
2026-10-06 04:29:26,606 [INFO] Sent -> Category:Deletion requests October 2026 | Fæ
2026-10-06 04:29:26,716 [INFO] Sent -> Q138805307 | Pudox
2026-10-06 04:29:26,827 [INFO] Sent -> United Plankton Pictures | ~2026-53554-20
2026-10-06 04:29:26,939 [INFO] Sent -> مستخدم:منصة مصر/ملعب | منصة مصر
2026-10-06 04:29:27,045 [INFO] Sent -> Q138804185 | Pudox
2026-10-06 04:29:27,154 [INFO] Sent -> Amath M'Baye | ~2026-53919-85
2026-10-06 04:29:27,263 [INFO] Sent -> Category:Deletion requests October 2026 | Fæ
2026-10-06 04:29:27,388 [INFO] Sent -> Q10494381 | Mrwdat3
2026-10-06 04:29:27,498 [INFO] Sent -> Category:Deletion requests October 2026 | Fæ
2026-10-06 04:29:27,619 [INFO] Sent -> Kategori:Türkiye'deki gurbetçi erkek futbolcular | İmmortalance
2026-10-06 04:29:27,727 [INFO] Sent -> Kategori:Türkiye'deki gurbetçi futbolcular | İmmortalance
2026-10-06 04:29:27,836 [INFO] Sent -> File:Westland High School yearbook 1995 - DPLA - bcacf5bac0b59c51fb1fad46f09c46be (page 120).jpg | Fæ
2026-10-06 04:29:27,946 [INFO] Sent -> Sonic the Hedgehog (videoxuegu de 1991) | ~2026-53657-60
2026-10-06 04:29:28,055 [INFO] Sent -> File:Westland High School yearbook 1995 - DPLA - bcacf5bac0b59c51fb1fad46f09c46be (page 114).jpg | Fæ
2026-10-06 04:29:28,165 [INFO] Sent -> Category:Proofread | 8582e
2026-10-06 04:29:28,276 [INFO] Sent -> Q116395633 | DERDAKI ILIAS
2026-10-06 04:29:28,385 [INFO] Sent -> File:Westland High School yearbook 1995 - DPLA - bcacf5bac0b59c51fb1fad46f09c46be (page 117).jpg | Fæ
2026-10-06 04:29:28,498 [INFO] Sent -> Q141657017 | Rohini
2026-10-06 04:29:28,605 [INFO] Sent -> Category:Not proofread | 8582e
2026-10-06 04:29:28,713 [INFO] Sent -> Category:Deletion requests October 2026 | Fæ
2026-10-06 04:29:28,821 [INFO] Sent -> File:Westland High School yearbook 1995 - DPLA - bcacf5bac0b59c51fb1fad46f09c46be (page 124).jpg | Fæ
2026-10-06 04:29:28,932 [INFO] Sent -> Category:Deletion requests October 2026 | Fæ
2026-10-06 04:29:29,039 [INFO] Sent -> Sonic the Hedgehog (videoxuegu de 1991) | ~2026-53657-60
2026-10-06 04:29:29,147 [INFO] Sent -> Category:Deletion requests October 2026 | Fæ
2026-10-06 04:29:29,256 [INFO] Sent -> File:Bible. A.T. Pentateuque-Hapṭarah-Megillôt (hébreu) - btv1b10549397c (172 of 639).jpg | Gzen92Bot
2026-10-06 04:29:29,366 [INFO] Sent -> Q141655612 | Chandapiwa Malema
2026-10-06 04:29:29,475 [INFO] Sent -> Q138805310 | Pudox
2026-10-06 04:29:29,586 [INFO] Sent -> Category:Butia yatay in Spain | Fadesga
2026-10-06 04:29:29,708 [INFO] Sent -> File:Westland High School yearbook 1995 - DPLA - bcacf5bac0b59c51fb1fad46f09c46be (page 123).jpg | Fæ
2026-10-06 04:29:29,817 [INFO] Sent -> Beauvoir, Yonne | Vikiçizer
2026-10-06 04:29:29,927 [INFO] Sent -> File:Westland High School yearbook 1995 - DPLA - bcacf5bac0b59c51fb1fad46f09c46be (page 121).jpg | Fæ
2026-10-06 04:29:30,037 [INFO] Sent -> Draft:Japan | Sam7spam111
2026-10-06 04:29:30,145 [INFO] Sent -> Q138804186 | Pudox
2026-10-06 04:29:30,256 [INFO] Sent -> Q37335657 | Cewbot
2026-10-06 04:29:30,364 [INFO] Sent -> File:Westland High School yearbook 1995 - DPLA - bcacf5bac0b59c51fb1fad46f09c46be (page 122).jpg | Fæ
2026-10-06 04:29:30,474 [INFO] Sent -> Draft:Japan | Sam7spam111
2026-10-06 04:29:30,582 [INFO] Sent -> File:Westland High School yearbook 1995 - DPLA - bcacf5bac0b59c51fb1fad46f09c46be (page 125).jpg | Fæ
2026-10-06 04:29:30,691 [INFO] Sent -> Category:Deletion requests October 2026 | Fæ
2026-10-06 04:29:30,803 [INFO] Sent -> Draft:Japan | Sam7spam111
2026-10-06 04:29:30,925 [INFO] Sent -> Q124554296 | Mrwdat3
2026-10-06 04:29:31,032 [INFO] Sent -> Open-mid central rounded vowel | SaoiDunNeachdain
2026-10-06 04:29:31,141 [INFO] Sent -> Osteostraci | Hemiauchenia
2026-10-06 04:29:31,251 [INFO] Sent -> Categoría:Wikipedia:Videoxuegos que necesiten imáxenes | ~2026-53657-60
2026-10-06 04:29:31,360 [INFO] Sent -> Categoría:Wikipedia:Páxines con errores de referencies | ~2026-53657-60
2026-10-06 04:29:31,470 [INFO] Sent -> Category:Artworks without Wikidata item | Gzen92Bot
2026-10-06 04:29:31,579 [INFO] Sent -> User:Easitem | Easitem
2026-10-06 04:29:31,689 [INFO] Sent -> Category:PD France | Gzen92Bot
2026-10-06 04:29:31,797 [INFO] Progress: 500 sent, 0 skipped.
2026-10-06 04:29:31,904 [INFO] Sent -> Q138805329 | Pudox
2026-10-06 04:29:32,014 [INFO] Sent -> Category:Manuscripts from Gallica (Bibliothèque nationale de France) uploaded by Gzen92Bot | Gzen92Bot
2026-10-06 04:29:32,122 [INFO] Sent -> Q116395634 | DERDAKI ILIAS
2026-10-06 04:29:32,232 [INFO] Sent -> Category:Bible. A.T. Pentateuque-Hapṭarah-Megillôt (hébreu) - btv1b10549397c | Gzen92Bot
2026-10-06 04:29:32,342 [INFO] Sent -> Category:Files with no machine-readable author | Gzen92Bot
2026-10-06 04:29:32,450 [INFO] Sent -> File:Westland High School yearbook 1995 - DPLA - bcacf5bac0b59c51fb1fad46f09c46be (page 129).jpg | Fæ
2026-10-06 04:29:32,560 [INFO] Sent -> File:Westland High School yearbook 1995 - DPLA - bcacf5bac0b59c51fb1fad46f09c46be (page 12).jpg | Fæ
2026-10-06 04:29:32,669 [INFO] Sent -> Category:Deletion requests October 2026 | Fæ
2026-10-06 04:29:32,778 [INFO] Sent -> File:Westland High School yearbook 1995 - DPLA - bcacf5bac0b59c51fb1fad46f09c46be (page 128).jpg | Fæ
2026-10-06 04:29:32,889 [INFO] Sent -> Q138804188 | Pudox
2026-10-06 04:29:33,000 [INFO] Sent -> Category:Deletion requests October 2026 | Fæ
2026-10-06 04:29:33,108 [INFO] Sent -> File:ISS074-E-573276 - View of South Africa.jpg | OptimusPrimeBot
2026-10-06 04:29:33,216 [INFO] Sent -> Category:Deletion requests October 2026 | Fæ
2026-10-06 04:29:33,326 [INFO] Sent -> File:Westland High School yearbook 1995 - DPLA - bcacf5bac0b59c51fb1fad46f09c46be (page 131).jpg | Fæ
2026-10-06 04:29:33,438 [INFO] Sent -> File:Recueil de pièces (copies), pour la plupart historiques, quelques-unes littéraires, se rapportant aux règnes de François II, Charles IX, Henri III, et surtout Henri IV et Louis XIII ; plusieurs ne... - btv1b530546582 (125 of 286).jpg | SchlurcherBot
2026-10-06 04:29:33,547 [INFO] Sent -> Debian | ~2026-53832-93
2026-10-06 04:29:33,655 [INFO] Sent -> Category:Deletion requests October 2026 | Fæ
2026-10-06 04:29:33,764 [INFO] Sent -> Category:Deletion requests October 2026 | Fæ
2026-10-06 04:29:33,873 [INFO] Sent -> Q138805332 | Pudox
2026-10-06 04:29:33,985 [INFO] Sent -> File:Westland High School yearbook 1995 - DPLA - bcacf5bac0b59c51fb1fad46f09c46be (page 127).jpg | Fæ
2026-10-06 04:29:34,093 [INFO] Sent -> Q116395636 | DERDAKI ILIAS
2026-10-06 04:29:34,203 [INFO] Sent -> Q928689 | MsynBot
2026-10-06 04:29:34,313 [INFO] Sent -> Couchmaster | Doctorhawkes
2026-10-06 04:29:34,422 [INFO] Sent -> Rivalité entre la Belgique et la France en football | Elfast
2026-10-06 04:29:34,531 [INFO] Sent -> Q138804192 | Pudox
2026-10-06 04:29:34,642 [INFO] Sent -> Category:Deletion requests October 2026 | Fæ
2026-10-06 04:29:34,754 [INFO] Sent -> Q141657017 | Rohini
2026-10-06 04:29:34,874 [INFO] Sent -> Category:Deletion requests October 2026 | Fæ
2026-10-06 04:29:34,983 [INFO] Sent -> Category:Deletion requests October 2026 | Fæ
2026-10-06 04:29:35,092 [INFO] Sent -> Q2509030 | Mrwdat3
2026-10-06 04:29:35,201 [INFO] Sent -> Category:Deletion requests October 2026 | Fæ
2026-10-06 04:29:35,312 [INFO] Sent -> Category:Deletion requests October 2026 | Fæ
2026-10-06 04:29:35,420 [INFO] Sent -> File:Westland High School yearbook 1995 - DPLA - bcacf5bac0b59c51fb1fad46f09c46be (page 135).jpg | Fæ
2026-10-06 04:29:35,528 [INFO] Sent -> Q27190017 | Nabbot
2026-10-06 04:29:35,637 [INFO] Sent -> File:Westland High School yearbook 1995 - DPLA - bcacf5bac0b59c51fb1fad46f09c46be (page 130).jpg | Fæ
2026-10-06 04:29:35,747 [INFO] Sent -> Category:Deletion requests October 2026 | Fæ
2026-10-06 04:29:35,857 [INFO] Sent -> Category:Flora of Spain by genus or species | Fadesga
2026-10-06 04:29:35,967 [INFO] Sent -> Category:Flora of Spain by genus | Fadesga
2026-10-06 04:29:36,074 [INFO] Sent -> File:Westland High School yearbook 1995 - DPLA - bcacf5bac0b59c51fb1fad46f09c46be (page 136).jpg | Fæ
2026-10-06 04:29:36,185 [INFO] Sent -> Category:Deletion requests October 2026 | Fæ
2026-10-06 04:29:36,295 [INFO] Sent -> Q116395637 | DERDAKI ILIAS
2026-10-06 04:29:36,405 [INFO] Sent -> File:Westland High School yearbook 1995 - DPLA - bcacf5bac0b59c51fb1fad46f09c46be (page 134).jpg | Fæ
2026-10-06 04:29:36,515 [INFO] Sent -> Q141657017 | Rohini
2026-10-06 04:29:36,625 [INFO] Sent -> Category:Deletion requests October 2026 | Fæ
2026-10-06 04:29:36,733 [INFO] Sent -> Q141655612 | Chandapiwa Malema
2026-10-06 04:29:36,886 [INFO] Sent -> Categoria:Cestisti svincolati | ~2026-53919-85
2026-10-06 04:29:37,070 [INFO] Sent -> User:AHbot/WLM-2026 UA/images/small | AHbot
2026-10-06 04:29:37,786 [INFO] Sent -> Category:Pages using the Phonos extension | Sam7spam111
2026-10-06 04:29:37,976 [INFO] Sent -> Seven Mountain Mandate | ~2026-53597-88
2026-10-06 04:29:38,126 [INFO] Sent -> Category:CS1 uses Japanese-language script (ja) | Sam7spam111
2026-10-06 04:29:38,367 [INFO] Sent -> File:Westland High School yearbook 1995 - DPLA - bcacf5bac0b59c51fb1fad46f09c46be (page 132).jpg | Fæ
2026-10-06 04:29:38,562 [INFO] Sent -> Category:CS1 Japanese-language sources (ja) | Sam7spam111
2026-10-06 04:29:38,895 [INFO] Sent -> Category:CS1: long volume value | Sam7spam111
2026-10-06 04:29:39,137 [INFO] Sent -> Category:Pages using gadget WikiMiniAtlas | Sam7spam111
2026-10-06 04:29:39,556 [INFO] Sent -> Category:Draft AfC submissions | Sam7spam111
2026-10-06 04:29:39,707 [INFO] Sent -> Category:Wikipedia pages with incorrect protection templates | Sam7spam111
2026-10-06 04:29:39,854 [INFO] Sent -> Category:Pages using multiple image with auto scaled images | Sam7spam111
2026-10-06 04:29:39,987 [INFO] Sent -> Category:Japan | Sam7spam111
2026-10-06 04:29:40,145 [INFO] Sent -> Category:Countries in Asia | Sam7spam111
2026-10-06 04:29:40,268 [INFO] Sent -> Category:Countries in East Asia | Sam7spam111
2026-10-06 04:29:40,394 [INFO] Sent -> Category:OECD members | Sam7spam111
2026-10-06 04:29:40,574 [INFO] Sent -> Category:G20 members | Sam7spam111
2026-10-06 04:29:40,756 [INFO] Sent -> Q13655402 | Mrwdat3
2026-10-06 04:29:40,926 [INFO] Sent -> Category:Island countries | Sam7spam111
2026-10-06 04:29:41,327 [INFO] Sent -> Category:Member states of the United Nations | Sam7spam111
2026-10-06 04:29:41,522 [INFO] Sent -> File:Westland High School yearbook 1995 - DPLA - bcacf5bac0b59c51fb1fad46f09c46be (page 139).jpg | Fæ
2026-10-06 04:29:41,749 [INFO] Sent -> Category:Järva cykelled 30 | Salgo60
2026-10-06 04:29:41,879 [INFO] Sent -> Category:Countries in Northeast Asia | Sam7spam111
2026-10-06 04:29:42,010 [INFO] Sent -> File:Westland High School yearbook 1995 - DPLA - bcacf5bac0b59c51fb1fad46f09c46be (page 140).jpg | Fæ
2026-10-06 04:29:42,141 [INFO] Sent -> Category:Japanese archipelago | Sam7spam111
2026-10-06 04:29:42,335 [INFO] Sent -> Category:Harv and Sfn no-target errors | SaoiDunNeachdain
2026-10-06 04:29:42,468 [INFO] Sent -> Category:Deletion requests October 2026 | Fæ
2026-10-06 04:29:42,586 [INFO] Sent -> Category:Deletion requests October 2026 | Fæ
2026-10-06 04:29:42,781 [INFO] Sent -> Category:Deletion requests October 2026 | Fæ
2026-10-06 04:29:42,910 [INFO] Sent -> Q116395638 | DERDAKI ILIAS
2026-10-06 04:29:43,033 [INFO] Sent -> File:Westland High School yearbook 1995 - DPLA - bcacf5bac0b59c51fb1fad46f09c46be (page 13).jpg | Fæ
2026-10-06 04:29:43,152 [INFO] Sent -> File:Westland High School yearbook 1995 - DPLA - bcacf5bac0b59c51fb1fad46f09c46be (page 141).jpg | Fæ
2026-10-06 04:29:43,264 [INFO] Sent -> File:Westland High School yearbook 1995 - DPLA - bcacf5bac0b59c51fb1fad46f09c46be (page 137).jpg | Fæ
2026-10-06 04:29:43,385 [INFO] Sent -> Q14600091 | Mrwdat3
2026-10-06 04:29:43,495 [INFO] Sent -> Category:Deletion requests October 2026 | Fæ
2026-10-06 04:29:43,618 [INFO] Sent -> File:Accés occidental de l'antiga muralla de Coll de Nargó.JPG | Rkieferbot
2026-10-06 04:29:43,741 [INFO] Sent -> Ralph Hoffm. | BosaFi
2026-10-06 04:29:43,848 [INFO] Sent -> Q116395639 | DERDAKI ILIAS
2026-10-06 04:29:43,956 [INFO] Sent -> Lexeme:L1742988 | Oung ring
2026-10-06 04:29:44,079 [INFO] Sent -> File:Westland High School yearbook 1995 - DPLA - bcacf5bac0b59c51fb1fad46f09c46be (page 133).jpg | Fæ
2026-10-06 04:29:44,185 [INFO] Sent -> Carter Arey | Ernsanchez00
2026-10-06 04:29:44,295 [INFO] Sent -> File:Westland High School yearbook 1995 - DPLA - bcacf5bac0b59c51fb1fad46f09c46be (page 142).jpg | Fæ
2026-10-06 04:29:44,404 [INFO] Sent -> File:Westland High School yearbook 1995 - DPLA - bcacf5bac0b59c51fb1fad46f09c46be (page 138).jpg | Fæ
2026-10-06 04:29:44,512 [INFO] Sent -> Category:Deletion requests October 2026 | Fæ
2026-10-06 04:29:44,628 [INFO] Sent -> კატეგორია:სამკუთხედის გალაქტიკა | Surprizi
2026-10-06 04:29:44,747 [INFO] Sent -> Category:Deletion requests October 2026 | Fæ
2026-10-06 04:29:44,858 [INFO] Sent -> Category:Deletion requests October 2026 | Fæ
2026-10-06 04:29:44,967 [INFO] Sent -> File:Westland High School yearbook 1995 - DPLA - bcacf5bac0b59c51fb1fad46f09c46be (page 144).jpg | Fæ
2026-10-06 04:29:45,078 [INFO] Sent -> Category:Deletion requests October 2026 | Fæ
2026-10-06 04:29:45,186 [INFO] Sent -> Category:INKA E-Inobus | TTTNIS
2026-10-06 04:29:45,295 [INFO] Sent -> Category:Deletion requests October 2026 | Fæ
2026-10-06 04:29:45,405 [INFO] Sent -> Category:Deletion requests October 2026 | Fæ
2026-10-06 04:29:45,515 [INFO] Sent -> File:Westland High School yearbook 1995 - DPLA - bcacf5bac0b59c51fb1fad46f09c46be (page 14).jpg | Fæ
2026-10-06 04:29:45,636 [INFO] Sent -> Участник:EyeBot/Отчёты/Автоматические откаты | EyeBot
2026-10-06 04:29:45,745 [INFO] Progress: 600 sent, 0 skipped.
2026-10-06 04:29:45,854 [INFO] Sent -> Q116395640 | DERDAKI ILIAS
2026-10-06 04:29:45,977 [INFO] Sent -> Category:CS1 maint: article number as page number | Hemiauchenia
2026-10-06 04:29:46,086 [INFO] Sent -> File:NOUVEAU D'HOZIER. Combe-Contaud. - btv1b10083547v (294 of 407).jpg | Gzen92Bot
2026-10-06 04:29:46,194 [INFO] Sent -> File:Westland High School yearbook 1995 - DPLA - bcacf5bac0b59c51fb1fad46f09c46be (page 148).jpg | Fæ
2026-10-06 04:29:46,303 [INFO] Sent -> Category:INKA Inobus | TTTNIS
2026-10-06 04:29:46,413 [INFO] Sent -> Category:Deletion requests October 2026 | Fæ
2026-10-06 04:29:46,521 [INFO] Sent -> კატეგორია:სამკუთხედის ქვეჯგუფი | Surprizi
2026-10-06 04:29:46,631 [INFO] Sent -> Q141657017 | Rohini
2026-10-06 04:29:46,740 [INFO] Sent -> Category:Deletion requests October 2026 | Fæ
2026-10-06 04:29:46,851 [INFO] Sent -> Category:Basketball players from Columbia, Missouri | Ernsanchez00
2026-10-06 04:29:46,960 [INFO] Sent -> Q10505130 | Mrwdat3
2026-10-06 04:29:47,069 [INFO] Sent -> کنستانتین روکوسوفسکی | Amir4400
2026-10-06 04:29:47,178 [INFO] Sent -> Category:Cameo of Claudius (Kunsthistorisches Museum, IXa 23) | ManuelKomnenos
2026-10-06 04:29:47,285 [INFO] Sent -> Category:Sportspeople from Columbia, Missouri | Ernsanchez00
2026-10-06 04:29:47,396 [INFO] Sent -> File:Westland High School yearbook 1995 - DPLA - bcacf5bac0b59c51fb1fad46f09c46be (page 15).jpg | Fæ
2026-10-06 04:29:47,506 [INFO] Sent -> 2026年SP网球公开赛 | Sukerchang
2026-10-06 04:29:47,617 [INFO] Sent -> Category:Deletion requests October 2026 | Fæ
2026-10-06 04:29:47,733 [INFO] Sent -> Category:Naval ships commissioned in 1966 | SmartyPants22
2026-10-06 04:29:47,855 [INFO] Sent -> 中国 | ~2026-53920-45
2026-10-06 04:29:47,979 [INFO] Sent -> Q116395641 | DERDAKI ILIAS
2026-10-06 04:29:48,086 [INFO] Sent -> Category:Naval ships decommissioned in 1977 | SmartyPants22
2026-10-06 04:29:48,197 [INFO] Sent -> File:Westland High School yearbook 1995 - DPLA - bcacf5bac0b59c51fb1fad46f09c46be (page 143).jpg | Fæ
2026-10-06 04:29:48,306 [INFO] Sent -> File:Dje vysokých kol praských od secessí cizích národu po dobu bitvy blohorské, 1409-1622 (IA djevysokchkolp00wint).pdf | Fæ
2026-10-06 04:29:48,415 [INFO] Sent -> Category:Deletion requests October 2026 | Fæ
2026-10-06 04:29:48,530 [INFO] Sent -> Q141657017 | Rohini
2026-10-06 04:29:48,649 [INFO] Sent -> Category:Artworks without Wikidata item | Gzen92Bot
2026-10-06 04:29:48,771 [INFO] Sent -> பக்கம்:சமயச் சொல்லகராதி.pdf/362 | SENTHAMIZHSELVI A
2026-10-06 04:29:48,882 [INFO] Sent -> Category:PD France | Gzen92Bot
2026-10-06 04:29:48,992 [INFO] Sent -> Category:Deletion requests October 2026 | Fæ
2026-10-06 04:29:49,100 [INFO] Sent -> Category:PD US expired | Gzen92Bot
2026-10-06 04:29:49,221 [INFO] Sent -> Category:Deletion requests October 2026 | Fæ
2026-10-06 04:29:49,332 [INFO] Sent -> Beine | Vikiçizer
2026-10-06 04:29:49,441 [INFO] Sent -> Category:PD-US missing SDC copyright status | Gzen92Bot
2026-10-06 04:29:49,553 [INFO] Sent -> فرط النمو البكتيري في الأمعاء الدقيقة | ~2026-53747-08
2026-10-06 04:29:49,674 [INFO] Sent -> Counter-reforms (Russian Empire) | MrCryptoNerd
2026-10-06 04:29:49,784 [INFO] Sent -> Category:PD-old missing SDC copyright status | Gzen92Bot
2026-10-06 04:29:49,890 [INFO] Sent -> Category:CC-PD-Mark | Gzen92Bot
2026-10-06 04:29:50,002 [INFO] Sent -> File:Westland High School yearbook 1995 - DPLA - bcacf5bac0b59c51fb1fad46f09c46be (page 150).jpg | Fæ
2026-10-06 04:29:50,113 [INFO] Sent -> Category:PD Old (assumed) | Gzen92Bot
2026-10-06 04:29:50,221 [INFO] Sent -> File:Westland High School yearbook 1995 - DPLA - bcacf5bac0b59c51fb1fad46f09c46be (page 145).jpg | Fæ
2026-10-06 04:29:50,329 [INFO] Sent -> File:Westland High School yearbook 1995 - DPLA - bcacf5bac0b59c51fb1fad46f09c46be (page 147).jpg | Fæ
2026-10-06 04:29:50,440 [INFO] Sent -> Category:Manuscripts from Gallica (Bibliothèque nationale de France) uploaded by Gzen92Bot | Gzen92Bot
2026-10-06 04:29:50,548 [INFO] Sent -> Category:NOUVEAU D'HOZIER. Combe-Contaud. - btv1b10083547v | Gzen92Bot
2026-10-06 04:29:50,663 [INFO] Sent -> Category:Chalcedony objects | ManuelKomnenos
2026-10-06 04:29:50,783 [INFO] Sent -> Category:Files with no machine-readable author | Gzen92Bot
2026-10-06 04:29:50,906 [INFO] Sent -> File:S. Hieronymus - btv1b52504546z (405 of 620).jpg | Gzen92Bot
2026-10-06 04:29:51,015 [INFO] Sent -> Category:Deletion requests October 2026 | Fæ
2026-10-06 04:29:51,125 [INFO] Sent -> Category:Scans from the Internet Archive | Fæ
2026-10-06 04:29:51,233 [INFO] Sent -> Category:Scans from the Internet Archive/unverified | Fæ
2026-10-06 04:29:51,345 [INFO] Sent -> File:Westland High School yearbook 1995 - DPLA - bcacf5bac0b59c51fb1fad46f09c46be (page 146).jpg | Fæ
2026-10-06 04:29:51,457 [INFO] Sent -> Category:PD-old missing SDC copyright status | Fæ
2026-10-06 04:29:51,566 [INFO] Sent -> Category:CC-PD-Mark | Fæ
2026-10-06 04:29:51,673 [INFO] Sent -> Q116395642 | DERDAKI ILIAS
2026-10-06 04:29:51,902 [INFO] Sent -> Q10585937 | Mrwdat3
2026-10-06 04:29:52,424 [INFO] Sent -> Category:PD-old-100-expired | Fæ
2026-10-06 04:29:52,677 [INFO] Sent -> Category:Scans from University of Toronto | Fæ
2026-10-06 04:29:52,850 [INFO] Sent -> Q37335657 | Cewbot
2026-10-06 04:29:53,096 [INFO] Sent -> பகுப்பு:மெய்ப்பு பார்க்கப்படாதவை | SENTHAMIZHSELVI A
2026-10-06 04:29:53,372 [INFO] Sent -> Category:IA uploads needing categories | Fæ
2026-10-06 04:29:53,521 [INFO] Sent -> File:Westland High School yearbook 1995 - DPLA - bcacf5bac0b59c51fb1fad46f09c46be (page 149).jpg | Fæ
2026-10-06 04:29:53,704 [INFO] Sent -> Category:Books uploaded by Fæ | Fæ
2026-10-06 04:29:53,850 [INFO] Sent -> Carlos el Calvo | ~2026-53761-89
2026-10-06 04:29:54,078 [INFO] Sent -> File:Westland High School yearbook 1995 - DPLA - bcacf5bac0b59c51fb1fad46f09c46be (page 153).jpg | Fæ
2026-10-06 04:29:54,257 [INFO] Sent -> File:Westland High School yearbook 1995 - DPLA - bcacf5bac0b59c51fb1fad46f09c46be (page 154).jpg | Fæ
2026-10-06 04:29:54,388 [INFO] Sent -> Q118736595 | Mrwdat3
2026-10-06 04:29:54,550 [INFO] Sent -> Category:Artworks without Wikidata item | Gzen92Bot
2026-10-06 04:29:54,733 [INFO] Sent -> Category:PD France | Gzen92Bot
2026-10-06 04:29:54,908 [INFO] Sent -> Template:PRC admin/data/11/01/13/002/033 | Hamish-bot
2026-10-06 04:29:55,054 [INFO] Sent -> Category:PD US expired | Gzen92Bot
2026-10-06 04:29:55,406 [INFO] Sent -> Category:PD-US missing SDC copyright status | Gzen92Bot
2026-10-06 04:29:55,548 [INFO] Sent -> Category:Deletion requests October 2026 | Fæ
2026-10-06 04:29:55,752 [INFO] Sent -> Category:PD-old missing SDC copyright status | Gzen92Bot
2026-10-06 04:29:55,946 [INFO] Sent -> Category:CC-PD-Mark | Gzen92Bot
2026-10-06 04:29:56,129 [INFO] Sent -> File:Westland High School yearbook 1995 - DPLA - bcacf5bac0b59c51fb1fad46f09c46be (page 155).jpg | Fæ
2026-10-06 04:29:56,330 [INFO] Sent -> Category:PD Old (assumed) | Gzen92Bot
2026-10-06 04:29:56,573 [INFO] Sent -> Q116395643 | DERDAKI ILIAS
2026-10-06 04:29:56,693 [INFO] Sent -> Category:Manuscripts from Gallica (Bibliothèque nationale de France) uploaded by Gzen92Bot | Gzen92Bot
2026-10-06 04:29:56,812 [INFO] Sent -> Lee Jung | Phraowin
2026-10-06 04:29:56,940 [INFO] Sent -> Category:Deletion requests October 2026 | Fæ
2026-10-06 04:29:57,063 [INFO] Sent -> Category:S. Hieronymus - btv1b52504546z | Gzen92Bot
2026-10-06 04:29:57,219 [INFO] Sent -> Category:Deletion requests October 2026 | Fæ
2026-10-06 04:29:57,336 [INFO] Sent -> Category:Deletion requests October 2026 | Fæ
2026-10-06 04:29:57,446 [INFO] Sent -> Category:Deletion requests October 2026 | Fæ
2026-10-06 04:29:57,557 [INFO] Sent -> File:Tian zhu sheng jiao ri ke. - btv1b90069149 (111 of 235).jpg | Gzen92Bot
2026-10-06 04:29:57,667 [INFO] Sent -> Draft:Kristina Rybalchenko | Psychomike
2026-10-06 04:29:57,794 [INFO] Sent -> Category:Deletion requests October 2026 | Fæ
2026-10-06 04:29:57,913 [INFO] Sent -> Nochmal so wie letzte Nacht | Phzh
2026-10-06 04:29:58,021 [INFO] Sent -> File:Westland High School yearbook 1995 - DPLA - bcacf5bac0b59c51fb1fad46f09c46be (page 152).jpg | Fæ
2026-10-06 04:29:58,129 [INFO] Sent -> Q116390440 | DERDAKI ILIAS
2026-10-06 04:29:58,237 [INFO] Sent -> Category:Deletion requests October 2026 | Fæ
2026-10-06 04:29:58,347 [INFO] Sent -> Category:Deletion requests October 2026 | Fæ
2026-10-06 04:29:58,457 [INFO] Sent -> ထာမ်ပလိက်:vrddhi derivative/documentation | Intobesa.bot
2026-10-06 04:29:58,566 [INFO] Sent -> 지적인 잡담 | ~2026-39342-97
2026-10-06 04:29:58,677 [INFO] Sent -> Category:Deletion requests October 2026 | Fæ
2026-10-06 04:29:58,785 [INFO] Sent -> Category:因历史原因保留的已停用模板 | Hamish-bot
2026-10-06 04:29:58,895 [INFO] Sent -> Q37335694 | Cewbot
2026-10-06 04:29:59,004 [INFO] Sent -> -cel | Aydin Guluzada
2026-10-06 04:29:59,113 [INFO] Sent -> Category:Artworks without Wikidata item | Gzen92Bot
2026-10-06 04:29:59,223 [INFO] Sent -> File:Westland High School yearbook 1995 - DPLA - bcacf5bac0b59c51fb1fad46f09c46be (page 16).jpg | Fæ
2026-10-06 04:29:59,333 [INFO] Progress: 700 sent, 0 skipped.
2026-10-06 04:29:59,443 [INFO] Sent -> File:Kolomna Moskvoretskaya street 15 2020-05 301.JPG | Svetlov Artem
2026-10-06 04:29:59,553 [INFO] Sent -> Luciana Gurgel | Accccepting
2026-10-06 04:29:59,661 [INFO] Sent -> Category:Deletion requests October 2026 | Fæ
2026-10-06 04:29:59,775 [INFO] Sent -> Category:Manuscripts from Gallica (Bibliothèque nationale de France) uploaded by Gzen92Bot | Gzen92Bot
2026-10-06 04:29:59,884 [INFO] Sent -> Category:Tian zhu sheng jiao ri ke. - btv1b90069149 | Gzen92Bot
2026-10-06 04:29:59,997 [INFO] Sent -> Category:Files with no machine-readable author | Gzen92Bot
2026-10-06 04:30:00,109 [INFO] Sent -> Nhoa Sangui | Fan2football
2026-10-06 04:30:00,229 [INFO] Sent -> Q116395644 | DERDAKI ILIAS
2026-10-06 04:30:00,338 [INFO] Sent -> File:Westland High School yearbook 1995 - DPLA - bcacf5bac0b59c51fb1fad46f09c46be (page 151).jpg | Fæ
2026-10-06 04:30:00,444 [INFO] Sent -> Thomas Biedermann | Thobie2578
2026-10-06 04:30:00,552 [INFO] Sent -> File:Westland High School yearbook 1995 - DPLA - bcacf5bac0b59c51fb1fad46f09c46be (page 159).jpg | Fæ
2026-10-06 04:30:00,660 [INFO] Sent -> Musa Station (Hokkaido) | Fulani215
2026-10-06 04:30:00,771 [INFO] Sent -> File:Westland High School yearbook 1995 - DPLA - bcacf5bac0b59c51fb1fad46f09c46be (page 158).jpg | Fæ
2026-10-06 04:30:00,892 [INFO] Sent -> Q141657017 | Rohini
2026-10-06 04:30:01,002 [INFO] Sent -> ကဏ္ဍ:မုက်လိက်သောဲသောဲမဆေၚ်စပ်ကဵုလိက်စၟတ်သမ္တီမချူပတိုန်လဝ်မဇ္ဇျဟ်ထောံဂမၠိုၚ် | Intobesa.bot
2026-10-06 04:30:01,115 [INFO] Sent -> Category:Deletion requests October 2026 | Fæ
2026-10-06 04:30:01,236 [INFO] Sent -> File:Westland High School yearbook 1995 - DPLA - bcacf5bac0b59c51fb1fad46f09c46be (page 156).jpg | Fæ
2026-10-06 04:30:01,347 [INFO] Sent -> アメリカ合衆国における死刑 | Fnweirkmnwperojvnu
2026-10-06 04:30:01,456 [INFO] Sent -> Rhode Island | ~2026-53688-96
2026-10-06 04:30:01,565 [INFO] Sent -> Q116395645 | DERDAKI ILIAS
2026-10-06 04:30:01,672 [INFO] Sent -> Q1957147 | Mrwdat3
2026-10-06 04:30:01,781 [INFO] Sent -> File:Westland High School yearbook 1995 - DPLA - bcacf5bac0b59c51fb1fad46f09c46be (page 161).jpg | Fæ
2026-10-06 04:30:01,893 [INFO] Sent -> File:Westland High School yearbook 1995 - DPLA - bcacf5bac0b59c51fb1fad46f09c46be (page 163).jpg | Fæ
2026-10-06 04:30:02,002 [INFO] Sent -> Utilisateur:عمردهبي | عمردهبي
2026-10-06 04:30:02,111 [INFO] Sent -> File:Westland High School yearbook 1995 - DPLA - bcacf5bac0b59c51fb1fad46f09c46be (page 157).jpg | Fæ
2026-10-06 04:30:02,219 [INFO] Sent -> Q137919864 | باسم
2026-10-06 04:30:02,328 [INFO] Sent -> Category:Deletion requests October 2026 | Fæ
2026-10-06 04:30:02,436 [INFO] Sent -> Category:Deletion requests October 2026 | Fæ
2026-10-06 04:30:02,544 [INFO] Sent -> Category:Deletion requests October 2026 | Fæ
2026-10-06 04:30:02,655 [INFO] Sent -> Q128842697 | ~2026-52458-45
2026-10-06 04:30:02,762 [INFO] Sent -> Q116395647 | DERDAKI ILIAS
2026-10-06 04:30:02,875 [INFO] Sent -> Q1895504 | Mrwdat3
2026-10-06 04:30:02,983 [INFO] Sent -> File:Westland High School yearbook 1995 - DPLA - bcacf5bac0b59c51fb1fad46f09c46be (page 164).jpg | Fæ
2026-10-06 04:30:03,092 [INFO] Sent -> Giuseppe Paupini | Thisiscarmend
2026-10-06 04:30:03,203 [INFO] Sent -> Marek Heinz | İmmortalance
2026-10-06 04:30:03,312 [INFO] Sent -> Category:Deletion requests October 2026 | Fæ
2026-10-06 04:30:03,421 [INFO] Sent -> Category:Deletion requests October 2026 | Fæ
2026-10-06 04:30:03,531 [INFO] Sent -> Q141657007 | Eqmaker
2026-10-06 04:30:03,639 [INFO] Sent -> File:Westland High School yearbook 1995 - DPLA - bcacf5bac0b59c51fb1fad46f09c46be (page 160).jpg | Fæ
2026-10-06 04:30:03,747 [INFO] Sent -> Liste argentinischer Schriftsteller | Krdbot
2026-10-06 04:30:03,855 [INFO] Sent -> Category:Pages using infobox musical artist with associated acts | Phraowin
2026-10-06 04:30:03,964 [INFO] Sent -> User:Northernhenge/Sandbox | Northernhenge
2026-10-06 04:30:04,074 [INFO] Sent -> bıltır | Altobot
2026-10-06 04:30:04,183 [INFO] Sent -> File:Westland High School yearbook 1995 - DPLA - bcacf5bac0b59c51fb1fad46f09c46be (page 162).jpg | Fæ
2026-10-06 04:30:04,294 [INFO] Sent -> Category:Deletion requests October 2026 | Fæ
2026-10-06 04:30:04,402 [INFO] Sent -> Q116395648 | DERDAKI ILIAS
2026-10-06 04:30:04,512 [INFO] Sent -> File:Westland High School yearbook 1995 - DPLA - bcacf5bac0b59c51fb1fad46f09c46be (page 165).jpg | Fæ
2026-10-06 04:30:04,624 [INFO] Sent -> Category:Deletion requests October 2026 | Fæ
2026-10-06 04:30:04,745 [INFO] Sent -> Q13916936 | Mrwdat3
2026-10-06 04:30:04,853 [INFO] Sent -> Category:Deletion requests October 2026 | Fæ
2026-10-06 04:30:04,962 [INFO] Sent -> Category:Paintings of people with donkeys by year | AnRo0002
2026-10-06 04:30:05,071 [INFO] Sent -> Category:13-year-old human males | Antoine.01
2026-10-06 04:30:05,179 [INFO] Sent -> Harry Kewell | İmmortalance
2026-10-06 04:30:05,288 [INFO] Sent -> Жанашаруа | Autumndancer
2026-10-06 04:30:05,397 [INFO] Sent -> distribuo | MustafaCavlak
2026-10-06 04:30:05,505 [INFO] Sent -> File:Westland High School yearbook 1995 - DPLA - bcacf5bac0b59c51fb1fad46f09c46be (page 169).jpg | Fæ
2026-10-06 04:30:05,616 [INFO] Sent -> File:Westland High School yearbook 1995 - DPLA - bcacf5bac0b59c51fb1fad46f09c46be (page 166).jpg | Fæ
2026-10-06 04:30:05,726 [INFO] Sent -> File:Westland High School yearbook 1995 - DPLA - bcacf5bac0b59c51fb1fad46f09c46be (page 17).jpg | Fæ
2026-10-06 04:30:05,833 [INFO] Sent -> Éxodo Oriental | Nuria, the witch
2026-10-06 04:30:05,944 [INFO] Sent -> Category:User pages with broken file links | Northernhenge
2026-10-06 04:30:06,051 [INFO] Sent -> sebgħa u erbgħin | Bot-Jagwar
2026-10-06 04:30:06,161 [INFO] Sent -> Q138805336 | Pudox
2026-10-06 04:30:06,270 [INFO] Sent -> Kategori:Türkiye'deki gurbetçi erkek futbolcular | İmmortalance
2026-10-06 04:30:06,379 [INFO] Sent -> Kategori:Türkiye'deki gurbetçi futbolcular | İmmortalance
2026-10-06 04:30:06,488 [INFO] Sent -> Category:Paintings of people with donkeys | AnRo0002
2026-10-06 04:30:06,611 [INFO] Sent -> Category:Deletion requests October 2026 | Fæ
2026-10-06 04:30:06,720 [INFO] Sent -> Category:Paintings of people with animals by year | AnRo0002
2026-10-06 04:30:06,833 [INFO] Sent -> Category:Paintings of donkeys by year | AnRo0002
2026-10-06 04:30:07,232 [INFO] Sent -> Q116395649 | DERDAKI ILIAS
2026-10-06 04:30:07,359 [INFO] Sent -> Atomová fyzika | Vlakovod
2026-10-06 04:30:07,483 [INFO] Sent -> Videomäng | Morkoz
2026-10-06 04:30:07,597 [INFO] Sent -> Kategori:Esperanto dili sözcükler | MustafaCavlak
2026-10-06 04:30:07,719 [INFO] Sent -> Q21667561 | Rebot
2026-10-06 04:30:07,899 [INFO] Sent -> Kategori:Esperanto dili adlar | MustafaCavlak
2026-10-06 04:30:08,083 [INFO] Sent -> Category:Deletion requests October 2026 | Fæ
2026-10-06 04:30:08,220 [INFO] Sent -> Category:Deletion requests October 2026 | Fæ
2026-10-06 04:30:08,347 [INFO] Sent -> Q138804204 | Pudox
2026-10-06 04:30:08,479 [INFO] Sent -> Sokajy:maltey | Bot-Jagwar
2026-10-06 04:30:08,659 [INFO] Sent -> Викисловарь:Отчёты/v2/Общие шаблоны/multilang/Не хватает шаблона | VitalikBot
2026-10-06 04:30:08,863 [INFO] Sent -> Kurs:Singularitätentheorie (Osnabrück 2026-2027)/Körper/Polynomring/Maximale Ideale/Erzeugendenzahl/Fakt/Beweis/Aufgabe/Aufgabereferenznummer | Arbota
2026-10-06 04:30:09,001 [INFO] Sent -> Q13657223 | Mrwdat3
2026-10-06 04:30:09,120 [INFO] Sent -> Sokajy:Isa amin'ny teny maltey | Bot-Jagwar
2026-10-06 04:30:09,269 [INFO] Sent -> Sokajy:Maltese terms with IPA pronunciation | Bot-Jagwar
2026-10-06 04:30:09,400 [INFO] Sent -> Q141657020 | Ebi4real
2026-10-06 04:30:09,542 [INFO] Sent -> Halid Fadıl | İmmortalance
2026-10-06 04:30:09,713 [INFO] Sent -> Sokajy:Pejy avy any amin'ny wikibolana anglisy | Bot-Jagwar
2026-10-06 04:30:09,830 [INFO] Sent -> Carlos el Calvo | Automoderador
2026-10-06 04:30:09,943 [INFO] Sent -> File:Westland High School yearbook 1995 - DPLA - bcacf5bac0b59c51fb1fad46f09c46be (page 173).jpg | Fæ
2026-10-06 04:30:10,087 [INFO] Sent -> Himara revolt of 1912 | Buk21
2026-10-06 04:30:10,208 [INFO] Sent -> Draft:中华人民共和国居民身份证法 | Chatsven
2026-10-06 04:30:10,325 [INFO] Sent -> File:Westland High School yearbook 1995 - DPLA - bcacf5bac0b59c51fb1fad46f09c46be (page 168).jpg | Fæ
2026-10-06 04:30:10,483 [INFO] Sent -> User talk:IntMaMis | IntMaMis
2026-10-06 04:30:10,625 [INFO] Sent -> Category:Deletion requests October 2026 | Fæ
2026-10-06 04:30:10,770 [INFO] Sent -> Category:Deletion requests October 2026 | Fæ
2026-10-06 04:30:10,990 [INFO] Sent -> Q116395650 | DERDAKI ILIAS
2026-10-06 04:30:11,150 [INFO] Sent -> File:JP 日本 Japan 沖繩 OKINAWA 那霸 Naha 久茂地 Chome Kumoji 縣廳前站 Prefectural Office Station concourse ticket machine January 2025 R12S 221.jpg | Adeletron 3030
2026-10-06 04:30:11,259 [INFO] Sent -> Kategorie:Kurs:Singularitätentheorie (Osnabrück 2026-2027)/Referenznummer | Arbota
2026-10-06 04:30:11,370 [INFO] Sent -> Kategori:Türkiye'deki gurbetçi erkek futbolcular | İmmortalance
2026-10-06 04:30:11,495 [INFO] Sent -> Category:Deletion requests October 2026 | Fæ
2026-10-06 04:30:11,628 [INFO] Progress: 800 sent, 0 skipped.
2026-10-06 04:30:11,757 [INFO] Sent -> File:Westland High School yearbook 1995 - DPLA - bcacf5bac0b59c51fb1fad46f09c46be (page 19).jpg | Fæ
2026-10-06 04:30:11,876 [INFO] Sent -> File:Westland High School yearbook 1995 - DPLA - bcacf5bac0b59c51fb1fad46f09c46be (page 2).jpg | Fæ
2026-10-06 04:30:11,987 [INFO] Sent -> Category:Deletion requests October 2026 | Fæ
2026-10-06 04:30:12,109 [INFO] Sent -> File:Westland High School yearbook 1995 - DPLA - bcacf5bac0b59c51fb1fad46f09c46be (page 167).jpg | Fæ
2026-10-06 04:30:12,232 [INFO] Sent -> 2026年SP网球公开赛 | Sukerchang
2026-10-06 04:30:12,353 [INFO] Sent -> File:Westland High School yearbook 1995 - DPLA - bcacf5bac0b59c51fb1fad46f09c46be (page 172).jpg | Fæ
2026-10-06 04:30:12,605 [INFO] Sent -> Q13381031 | Mrwdat3
2026-10-06 04:30:12,730 [INFO] Sent -> Category:中华人民共和国普通法律 | Chatsven
2026-10-06 04:30:12,853 [INFO] Sent -> పుట:ప్రతాపరుద్రీయమ్ (విద్యానాథ).pdf/347 | దేవీప్రసాదశాస్త్రి
2026-10-06 04:30:12,976 [INFO] Sent -> Category:国家法律法规数据库收录的法律 | Chatsven
2026-10-06 04:30:13,083 [INFO] Sent -> File:Westland High School yearbook 1995 - DPLA - bcacf5bac0b59c51fb1fad46f09c46be (page 170).jpg | Fæ
2026-10-06 04:30:13,191 [INFO] Sent -> Usuario:Papouten/Taller | Papouten
2026-10-06 04:30:13,301 [INFO] Sent -> File:ISS074-E-566120 - View of Earth.jpg | SchlurcherBot
2026-10-06 04:30:13,411 [INFO] Sent -> Norsk Sprængstofindustri | Le Paragone
2026-10-06 04:30:13,519 [INFO] Sent -> Category:2026 in Prefectural Office Station | Adeletron 3030
2026-10-06 04:30:13,630 [INFO] Sent -> Kategori:Türkiye'deki gurbetçi erkek futbolcular | İmmortalance
2026-10-06 04:30:13,745 [INFO] Sent -> Category:Deletion requests October 2026 | Fæ
2026-10-06 04:30:13,865 [INFO] Sent -> Kategori:Türkiye'deki gurbetçi futbolcular | İmmortalance
2026-10-06 04:30:13,976 [INFO] Sent -> Category:Deletion requests October 2026 | Fæ
2026-10-06 04:30:14,084 [INFO] Sent -> Template:Not a chatbot | Maayaaaaa
2026-10-06 04:30:14,193 [INFO] Sent -> Rolling (film) | FR
2026-10-06 04:30:14,302 [INFO] Sent -> File:Westland High School yearbook 1995 - DPLA - bcacf5bac0b59c51fb1fad46f09c46be (page 20).jpg | Fæ
2026-10-06 04:30:14,409 [INFO] Sent -> File:Accés oriental a l'interior de la Muralla de Coll de Nargó.JPG | Rkieferbot
2026-10-06 04:30:14,517 [INFO] Sent -> File:Westland High School yearbook 1995 - DPLA - bcacf5bac0b59c51fb1fad46f09c46be (page 18).jpg | Fæ
2026-10-06 04:30:14,625 [INFO] Sent -> వర్గం:అచ్చుదిద్దబడని | దేవీప్రసాదశాస్త్రి
2026-10-06 04:30:14,736 [INFO] Sent -> Q116395651 | DERDAKI ILIAS
2026-10-06 04:30:14,845 [INFO] Sent -> 2026–27 FA Women's National League | Necrozmatic
2026-10-06 04:30:14,954 [INFO] Sent -> File:Westland High School yearbook 1995 - DPLA - bcacf5bac0b59c51fb1fad46f09c46be (page 171).jpg | Fæ
2026-10-06 04:30:15,063 [INFO] Sent -> Q14429277 | Mrwdat3
2026-10-06 04:30:15,174 [INFO] Sent -> Q3159938 | Python72
2026-10-06 04:30:15,283 [INFO] Sent -> File:Lindenberg Pfalz Hissflagge.svg | Klaus GFlag
2026-10-06 04:30:15,393 [INFO] Sent -> Катэгорыя:Вікіпедыя:Артыкулы аб населеных пунктах Казахстана без указання кода КАТА | Autumndancer
2026-10-06 04:30:15,501 [INFO] Sent -> Category:Deletion requests October 2026 | Fæ
2026-10-06 04:30:15,611 [INFO] Sent -> Катэгорыя:Артыкулы пра населеныя пункты Казахстана, створаныя аўтаматычна | Autumndancer
2026-10-06 04:30:15,720 [INFO] Sent -> Category:Battles of the Autonomous Republic of Northern Epirus | Buk21
2026-10-06 04:30:15,828 [INFO] Sent -> Langsep (rokok) | Fahmiwotamild
2026-10-06 04:30:15,938 [INFO] Sent -> File:Westland High School yearbook 1995 - DPLA - bcacf5bac0b59c51fb1fad46f09c46be (page 25).jpg | Fæ
2026-10-06 04:30:16,046 [INFO] Sent -> Q37335694 | Cewbot
2026-10-06 04:30:16,156 [INFO] Sent -> Category:Deletion requests October 2026 | Fæ
2026-10-06 04:30:16,263 [INFO] Sent -> Catégorie:Article à illustrer Entreprise | Le Paragone
2026-10-06 04:30:16,374 [INFO] Sent -> Catégorie:Page géolocalisable sans coordonnées paramétrées | Le Paragone
2026-10-06 04:30:16,494 [INFO] Sent -> File:Westland High School yearbook 1995 - DPLA - bcacf5bac0b59c51fb1fad46f09c46be (page 26).jpg | Fæ
2026-10-06 04:30:16,603 [INFO] Sent -> Catégorie:Article utilisant une Infobox | Le Paragone
2026-10-06 04:30:16,711 [INFO] Sent -> File:State Temple of the Martial God, Taisui Hall and incense burner, Tainan City (Taiwan).jpg | 阿道
2026-10-06 04:30:16,822 [INFO] Sent -> Catégorie:Page utilisant le modèle Autorité inactif | Le Paragone
2026-10-06 04:30:16,930 [INFO] Sent -> Catégorie:Portail:Chimie/Articles liés | Le Paragone
2026-10-06 04:30:17,041 [INFO] Sent -> Q116395652 | DERDAKI ILIAS
2026-10-06 04:30:17,150 [INFO] Sent -> Catégorie:Portail:Sciences/Articles liés | Le Paragone
2026-10-06 04:30:17,258 [INFO] Sent -> Category:Deletion requests October 2026 | Fæ
2026-10-06 04:30:17,368 [INFO] Sent -> Catégorie:Portail:Norvège/Articles liés | Le Paragone
2026-10-06 04:30:17,476 [INFO] Sent -> Catégorie:Portail:Europe/Articles liés | Le Paragone
2026-10-06 04:30:17,586 [INFO] Sent -> Catégorie:Portail:Entreprises/Articles liés | Le Paragone
2026-10-06 04:30:17,696 [INFO] Sent -> Category:Deletion requests October 2026 | Fæ
2026-10-06 04:30:17,805 [INFO] Sent -> Category:Creative Commons Attribution-Share Alike missing SDC copyright status | Klaus GFlag
2026-10-06 04:30:17,914 [INFO] Sent -> File:Westland High School yearbook 1995 - DPLA - bcacf5bac0b59c51fb1fad46f09c46be (page 27).jpg | Fæ
2026-10-06 04:30:18,035 [INFO] Sent -> Catégorie:Portail:Économie/Articles liés | Le Paragone
2026-10-06 04:30:18,145 [INFO] Sent -> Category:CC-BY-SA-4.0 | Klaus GFlag
2026-10-06 04:30:18,253 [INFO] Sent -> Category:Deletion requests October 2026 | Fæ
2026-10-06 04:30:18,376 [INFO] Sent -> Catégorie:Entreprise du secteur de la chimie | Le Paragone
2026-10-06 04:30:18,486 [INFO] Sent -> Category:Creative Commons Attribution-Share Alike 4.0 missing SDC copyright license | Klaus GFlag
2026-10-06 04:30:18,594 [INFO] Sent -> Category:Deletion requests October 2026 | Fæ
2026-10-06 04:30:18,704 [INFO] Sent -> Category:Self-published work | Klaus GFlag
2026-10-06 04:30:18,814 [INFO] Sent -> Category:Self-published work missing SDC copyright license | Klaus GFlag
2026-10-06 04:30:18,926 [INFO] Sent -> Category:Flags of municipalities in Rhineland-Palatinate | Klaus GFlag
2026-10-06 04:30:19,033 [INFO] Sent -> File:Westland High School yearbook 1995 - DPLA - bcacf5bac0b59c51fb1fad46f09c46be (page 24).jpg | Fæ
2026-10-06 04:30:19,144 [INFO] Sent -> Категория:Бунархисар | PowerBUL
2026-10-06 04:30:19,254 [INFO] Sent -> Category:Deletion requests October 2026 | Fæ
2026-10-06 04:30:19,363 [INFO] Sent -> Q6237699 | KaleemBot
2026-10-06 04:30:19,471 [INFO] Sent -> Category:Deletion requests October 2026 | Fæ
2026-10-06 04:30:19,583 [INFO] Sent -> Q14881887 | Mrwdat3
2026-10-06 04:30:19,689 [INFO] Sent -> File:Westland High School yearbook 1995 - DPLA - bcacf5bac0b59c51fb1fad46f09c46be (page 22).jpg | Fæ
2026-10-06 04:30:19,799 [INFO] Sent -> Erik Gustafsson (ice hockey, born 1992) | Triggerbit
2026-10-06 04:30:19,908 [INFO] Sent -> lewisandineke | JiyanBot
2026-10-06 04:30:20,015 [INFO] Sent -> Catégorie:Premier long métrage sorti en 1997 | FR
2026-10-06 04:30:20,124 [INFO] Sent -> Q141657017 | Rohini
2026-10-06 04:30:20,239 [INFO] Sent -> Hien Philippe | HIEN HONHELTE
2026-10-06 04:30:20,358 [INFO] Sent -> Category:Cultural heritage monuments in Taiwan | 阿道
2026-10-06 04:30:20,468 [INFO] Sent -> Q116395653 | DERDAKI ILIAS
2026-10-06 04:30:20,576 [INFO] Sent -> File:Westland High School yearbook 1995 - DPLA - bcacf5bac0b59c51fb1fad46f09c46be (page 3).jpg | Fæ
2026-10-06 04:30:20,687 [INFO] Sent -> File:Westland High School yearbook 1995 - DPLA - bcacf5bac0b59c51fb1fad46f09c46be (page 28).jpg | Fæ
2026-10-06 04:30:20,796 [INFO] Sent -> File:Westland High School yearbook 1995 - DPLA - bcacf5bac0b59c51fb1fad46f09c46be (page 21).jpg | Fæ
2026-10-06 04:30:20,906 [INFO] Sent -> File:Am Fürstenburgwall, Friedrichstadt.jpg | Z thomas
2026-10-06 04:30:21,020 [INFO] Sent -> Category:Deletion requests October 2026 | Fæ
2026-10-06 04:30:21,146 [INFO] Sent -> File:Westland High School yearbook 1995 - DPLA - bcacf5bac0b59c51fb1fad46f09c46be (page 29).jpg | Fæ
2026-10-06 04:30:21,277 [INFO] Sent -> Q37335923 | Cewbot
2026-10-06 04:30:21,402 [INFO] Sent -> Категория:Околия Бунархисар | PowerBUL
2026-10-06 04:30:21,530 [INFO] Sent -> File:Westland High School yearbook 1995 - DPLA - bcacf5bac0b59c51fb1fad46f09c46be (page 33).jpg | Fæ
2026-10-06 04:30:21,649 [INFO] Sent -> Q7239926 | Mrwdat3
2026-10-06 04:30:21,770 [INFO] Sent -> File:Westland High School yearbook 1995 - DPLA - bcacf5bac0b59c51fb1fad46f09c46be (page 31).jpg | Fæ
2026-10-06 04:30:21,899 [INFO] Sent -> File:Versuch einer systematischen Beschreibung in Deutschland vorhandener Kernobstsorten. 7 (IA 10311861bsb).pdf | Fæ
2026-10-06 04:30:22,510 [INFO] Sent -> Tomislav Merčep | Franjo-22121990
2026-10-06 04:30:22,805 [INFO] Sent -> Q16606753 | Kristbaumbot
2026-10-06 04:30:23,710 [INFO] Sent -> Category:Deletion requests October 2026 | Fæ
2026-10-06 04:30:24,014 [INFO] Sent -> Q141657017 | Rohini
2026-10-06 04:30:24,224 [INFO] Sent -> File:Westland High School yearbook 1995 - DPLA - bcacf5bac0b59c51fb1fad46f09c46be (page 23).jpg | Fæ
2026-10-06 04:30:24,459 [INFO] Sent -> Q840065 | DERDAKI ILIAS
2026-10-06 04:30:24,704 [INFO] Sent -> Q141656443 | RemyLeMoigne
2026-10-06 04:30:24,914 [INFO] Sent -> Basheerbagh | Kaira San
2026-10-06 04:30:25,084 [INFO] Sent -> Category:Deletion requests October 2026 | Fæ
2026-10-06 04:30:25,245 [INFO] Progress: 900 sent, 0 skipped.
2026-10-06 04:30:25,389 [INFO] Sent -> Category:Deletion requests October 2026 | Fæ
2026-10-06 04:30:25,536 [INFO] Sent -> Q141656443 | RemyLeMoigne
2026-10-06 04:30:25,683 [INFO] Sent -> Category:Wohn- und Geschäftshäuser Am Fürstenburgwall (Friedrichstadt) | Z thomas
2026-10-06 04:30:25,806 [INFO] Sent -> Category:Scans from the Internet Archive | Fæ
2026-10-06 04:30:25,927 [INFO] Sent -> Category:Brücke „Goldenes Tor“ (Friedrichstadt) | Z thomas
2026-10-06 04:30:26,066 [INFO] Sent -> Category:Scans from the Internet Archive/unverified | Fæ
2026-10-06 04:30:26,201 [INFO] Sent -> Progetto:Laboratorio grafico/Immagini da migliorare | Jilligate
2026-10-06 04:30:26,363 [INFO] Sent -> Category:Am Fürstenburgwall (Friedrichstadt) | Z thomas
2026-10-06 04:30:26,540 [INFO] Sent -> Category:PD-old missing SDC copyright status | Fæ
2026-10-06 04:30:26,670 [INFO] Sent -> Z44477 | 鈴音雨
2026-10-06 04:30:26,803 [INFO] Sent -> Q13863638 | Mrwdat3
2026-10-06 04:30:26,927 [INFO] Sent -> Category:CC-PD-Mark | Fæ
2026-10-06 04:30:27,066 [INFO] Sent -> File:Westland High School yearbook 1995 - DPLA - bcacf5bac0b59c51fb1fad46f09c46be (page 30).jpg | Fæ
2026-10-06 04:30:27,204 [INFO] Sent -> Category:Deletion requests October 2026 | Fæ
2026-10-06 04:30:27,334 [INFO] Sent -> Category:PD-old-100-expired | Fæ
2026-10-06 04:30:27,460 [INFO] Sent -> Category:German online libraries collection | Fæ
2026-10-06 04:30:27,574 [INFO] Sent -> Category:IA uploads needing categories | Fæ
2026-10-06 04:30:27,682 [INFO] Sent -> Category:Deletion requests October 2026 | Fæ
2026-10-06 04:30:27,796 [INFO] Sent -> Category:Books uploaded by Fæ | Fæ
2026-10-06 04:30:27,913 [INFO] Sent -> File:Westland High School yearbook 1995 - DPLA - bcacf5bac0b59c51fb1fad46f09c46be (page 32).jpg | Fæ
2026-10-06 04:30:28,042 [INFO] Sent -> Category:Deletion requests October 2026 | Fæ
2026-10-06 04:30:28,162 [INFO] Sent -> Category:Robert N. Mullin | Lotje
2026-10-06 04:30:28,290 [INFO] Sent -> Q141657017 | Rohini
2026-10-06 04:30:28,429 [INFO] Sent -> Finn Fisher-Black | Parklands cobbler
2026-10-06 04:30:28,547 [INFO] Sent -> Category:Los Angeles Kings players | Triggerbit
2026-10-06 04:30:28,655 [INFO] Sent -> Category:Deletion requests October 2026 | Fæ
2026-10-06 04:30:28,762 [INFO] Sent -> Q116395654 | DERDAKI ILIAS
2026-10-06 04:30:28,871 [INFO] Sent -> File:Westland High School yearbook 1995 - DPLA - bcacf5bac0b59c51fb1fad46f09c46be (page 37).jpg | Fæ
2026-10-06 04:30:28,980 [INFO] Sent -> File:Westland High School yearbook 1995 - DPLA - bcacf5bac0b59c51fb1fad46f09c46be (page 38).jpg | Fæ
2026-10-06 04:30:29,089 [INFO] Sent -> User:Krahtov | Krahtov
2026-10-06 04:30:29,196 [INFO] Sent -> Category:Deletion requests October 2026 | Fæ
2026-10-06 04:30:29,306 [INFO] Sent -> Category:Deletion requests October 2026 | Fæ
2026-10-06 04:30:29,420 [INFO] Sent -> File:Westland High School yearbook 1995 - DPLA - bcacf5bac0b59c51fb1fad46f09c46be (page 34).jpg | Fæ
2026-10-06 04:30:29,537 [INFO] Sent -> Category:Deletion requests October 2026 | Fæ
2026-10-06 04:30:29,653 [INFO] Sent -> Category:Talk message boxes | Maayaaaaa
2026-10-06 04:30:29,773 [INFO] Sent -> Category:Uses of Wikidata Infobox | Lotje
2026-10-06 04:30:29,894 [INFO] Sent -> Category:Mullin (surname) | Lotje
2026-10-06 04:30:30,007 [INFO] Sent -> زمرہ:1350ء کی دہائی میں ختم ہونے والی ریاستیں اور علاقے | KaleemBot
2026-10-06 04:30:30,133 [INFO] Sent -> Category:Robert (given name) | Lotje
2026-10-06 04:30:30,248 [INFO] Sent -> Category:Norville (given name) | Lotje
2026-10-06 04:30:30,358 [INFO] Sent -> Q141657017 | Rohini
2026-10-06 04:30:30,495 [INFO] Sent -> Category:Men of the United States by name | Lotje
2026-10-06 04:30:30,619 [INFO] Sent -> Q116390441 | DERDAKI ILIAS
2026-10-06 04:30:30,753 [INFO] Sent -> Category:Men by name | Lotje
2026-10-06 04:30:30,880 [INFO] Sent -> Category:People by name | Lotje
2026-10-06 04:30:31,021 [INFO] Sent -> File:Westland High School yearbook 1995 - DPLA - bcacf5bac0b59c51fb1fad46f09c46be (page 35).jpg | Fæ
2026-10-06 04:30:31,155 [INFO] Sent -> John Stossel | Epicydes
2026-10-06 04:30:31,290 [INFO] Sent -> Category:Deceased people by name | Lotje
2026-10-06 04:30:31,418 [INFO] Sent -> Q14901375 | Mrwdat3
2026-10-06 04:30:31,719 [INFO] Sent -> Category:Uses of Wikidata Infobox missing Commons Category statement | Lotje
2026-10-06 04:30:31,878 [INFO] Sent -> Category:Historians from the United States | Lotje
2026-10-06 04:30:32,027 [INFO] Sent -> Category:Deletion requests October 2026 | Fæ
2026-10-06 04:30:32,156 [INFO] Sent -> Category:User de-N | Krahtov
2026-10-06 04:30:32,289 [INFO] Sent -> Q116395655 | DERDAKI ILIAS
2026-10-06 04:30:32,412 [INFO] Sent -> Category:User bg-4 | Krahtov
2026-10-06 04:30:32,567 [INFO] Sent -> File:Westland High School yearbook 1995 - DPLA - bcacf5bac0b59c51fb1fad46f09c46be (page 36).jpg | Fæ
2026-10-06 04:30:32,795 [INFO] Sent -> Category:User en-3 | Krahtov
2026-10-06 04:30:32,915 [INFO] Sent -> Category:Deletion requests October 2026 | Fæ
2026-10-06 04:30:33,024 [INFO] Sent -> File:Westland High School yearbook 1995 - DPLA - bcacf5bac0b59c51fb1fad46f09c46be (page 44).jpg | Fæ
2026-10-06 04:30:33,147 [INFO] Sent -> File:Westland High School yearbook 1995 - DPLA - bcacf5bac0b59c51fb1fad46f09c46be (page 40).jpg | Fæ
2026-10-06 04:30:33,323 [INFO] Sent -> Somewhere in Afrika | Waynelai10
2026-10-06 04:30:33,743 [INFO] Sent -> Category:Articles using duplicate arguments in template calls | Franjo-22121990
2026-10-06 04:30:33,855 [INFO] Sent -> Alfredo J. Ramos | Rpajares
2026-10-06 04:30:33,962 [INFO] Sent -> vluchtelingetje | Kvdrgeus
2026-10-06 04:30:34,070 [INFO] Sent -> Category:Deletion requests October 2026 | Fæ
2026-10-06 04:30:34,178 [INFO] Sent -> Category:Deletion requests October 2026 | Fæ
2026-10-06 04:30:34,286 [INFO] Sent -> Steward requests/Global | Lymantria
2026-10-06 04:30:34,418 [INFO] Sent -> Q141657017 | Rohini
2026-10-06 04:30:34,548 [INFO] Sent -> File:Drietoma kostol 07.jpg | Ľuboš Repta
2026-10-06 04:30:34,671 [INFO] Sent -> File:Drietoma kostol 01.jpg | Ľuboš Repta
2026-10-06 04:30:34,779 [INFO] Sent -> File:Westland High School yearbook 1995 - DPLA - bcacf5bac0b59c51fb1fad46f09c46be (page 39).jpg | Fæ
2026-10-06 04:30:34,886 [INFO] Sent -> Q141657013 | Rémih
2026-10-06 04:30:35,046 [INFO] Sent -> Q116395656 | DERDAKI ILIAS
2026-10-06 04:30:35,242 [INFO] Sent -> File:Westland High School yearbook 1995 - DPLA - bcacf5bac0b59c51fb1fad46f09c46be (page 45).jpg | Fæ
2026-10-06 04:30:35,363 [INFO] Sent -> File:Westland High School yearbook 1995 - DPLA - bcacf5bac0b59c51fb1fad46f09c46be (page 4).jpg | Fæ
2026-10-06 04:30:35,473 [INFO] Sent -> Danie Gerber | ~2026-53521-31
2026-10-06 04:30:35,581 [INFO] Sent -> Category:Deletion requests October 2026 | Fæ
2026-10-06 04:30:35,689 [INFO] Sent -> Q14604440 | Mrwdat3
2026-10-06 04:30:35,798 [INFO] Sent -> Danie Gerber | ~2026-53521-31
2026-10-06 04:30:35,908 [INFO] Sent -> File:Detall del mur de l'accés oriental de la Muralla de Coll de Nargó.JPG | Rkieferbot
2026-10-06 04:30:36,018 [INFO] Sent -> File:Westland High School yearbook 1995 - DPLA - bcacf5bac0b59c51fb1fad46f09c46be (page 42).jpg | Fæ
2026-10-06 04:30:36,128 [INFO] Sent -> File:Drietoma kostol 06.jpg | Ľuboš Repta
2026-10-06 04:30:36,235 [INFO] Sent -> File:Westland High School yearbook 1995 - DPLA - bcacf5bac0b59c51fb1fad46f09c46be (page 47).jpg | Fæ
2026-10-06 04:30:36,344 [INFO] Sent -> Category:Pages with local camera coordinates and missing SDC coordinates | Ľuboš Repta
2026-10-06 04:30:36,454 [INFO] Sent -> Category:Files with coordinates missing SDC location of creation | Ľuboš Repta
2026-10-06 04:30:36,580 [INFO] Sent -> Category:Pages with local camera coordinates and missing SDC coordinates | Ľuboš Repta
2026-10-06 04:30:36,708 [INFO] Sent -> File:Fonte Luminosa da Praça Geraldo Silva Maia (Passos) 12.jpg | Rkieferbot
2026-10-06 04:30:37,407 [INFO] Sent -> Category:Deletion requests October 2026 | Fæ
2026-10-06 04:30:37,743 [INFO] Sent -> Category:Creative Commons Attribution missing SDC copyright status | Ľuboš Repta
2026-10-06 04:30:37,936 [INFO] Sent -> Category:Files with coordinates missing SDC location of creation | Ľuboš Repta
2026-10-06 04:30:38,254 [INFO] Sent -> Categorie:Woorden met 5 lettergrepen in het Nederlands | Kvdrgeus
2026-10-06 04:30:38,469 [INFO] Sent -> File:Westland High School yearbook 1995 - DPLA - bcacf5bac0b59c51fb1fad46f09c46be (page 41).jpg | Fæ
2026-10-06 04:30:38,651 [INFO] Sent -> Category:CC-BY-4.0 | Ľuboš Repta
2026-10-06 04:30:38,789 [INFO] Sent -> Category:Creative Commons Attribution missing SDC copyright status | Ľuboš Repta
2026-10-06 04:30:38,964 [INFO] Sent -> Category:Deletion requests October 2026 | Fæ
2026-10-06 04:30:39,132 [INFO] Sent -> Categorie:Woorden in het Nederlands met IPA-weergave | Kvdrgeus
2026-10-06 04:30:39,282 [INFO] Sent -> Category:Creative Commons Attribution 4.0 missing SDC copyright license | Ľuboš Repta
2026-10-06 04:30:39,438 [INFO] Sent -> Category:CC-BY-4.0 | Ľuboš Repta
2026-10-06 04:30:39,585 [INFO] Sent -> Q141657017 | Rohini
2026-10-06 04:30:39,771 [INFO] Progress: 1000 sent, 0 skipped.
2026-10-06 04:30:39,942 [INFO] Sent -> Category:Self-published work | Ľuboš Repta
2026-10-06 04:30:40,101 [INFO] Sent -> Category:Creative Commons Attribution 4.0 missing SDC copyright license | Ľuboš Repta
2026-10-06 04:30:40,234 [INFO] Sent -> Q141657024 | Andre Engels
2026-10-06 04:30:40,369 [INFO] Sent -> Category:Self-published work missing SDC copyright license | Ľuboš Repta
2026-10-06 04:30:40,595 [INFO] Sent -> Category:Self-published work | Ľuboš Repta
2026-10-06 04:30:40,807 [INFO] Sent -> Q116395658 | DERDAKI ILIAS
2026-10-06 04:30:40,949 [INFO] Sent -> Category:Church of Saint Catherine of Alexandria (Drietoma) | Ľuboš Repta
2026-10-06 04:30:41,152 [INFO] Sent -> Category:Self-published work missing SDC copyright license | Ľuboš Repta
2026-10-06 04:30:41,307 [INFO] Sent -> Category:Church of Saint Catherine of Alexandria (Drietoma) | Ľuboš Repta
2026-10-06 04:30:41,461 [INFO] Sent -> File:Read-out of the weekly meeting of the von der Leyen Commission by Raffaele Fitto, on the EU's eastern regions bordering Russia, Belarus and Ukraine (P-069035-00-03).jpg | SchlurcherBot
2026-10-06 04:30:41,654 [INFO] Sent -> Q14560991 | Mrwdat3
2026-10-06 04:30:41,828 [INFO] Sent -> Template:台灣職業排球聯盟 | 安狄
2026-10-06 04:30:42,050 [INFO] Sent -> File:Westland High School yearbook 1995 - DPLA - bcacf5bac0b59c51fb1fad46f09c46be (page 46).jpg | Fæ
2026-10-06 04:30:42,245 [INFO] Sent -> Category:Deletion requests October 2026 | Fæ
2026-10-06 04:30:42,435 [INFO] Sent -> File:Westland High School yearbook 1995 - DPLA - bcacf5bac0b59c51fb1fad46f09c46be (page 49).jpg | Fæ
2026-10-06 04:30:42,585 [INFO] Sent -> File:Westland High School yearbook 1995 - DPLA - bcacf5bac0b59c51fb1fad46f09c46be (page 43).jpg | Fæ
2026-10-06 04:30:42,704 [INFO] Sent -> Category:Pages with local camera coordinates and missing SDC coordinates | Ľuboš Repta
2026-10-06 04:30:42,813 [INFO] Sent -> Category:Deletion requests October 2026 | Fæ
2026-10-06 04:30:42,939 [INFO] Sent -> Category:Deletion requests October 2026 | Fæ
2026-10-06 04:30:43,061 [INFO] Sent -> Category:Files with coordinates missing SDC location of creation | Ľuboš Repta
2026-10-06 04:30:43,169 [INFO] Sent -> Commons:Deletion requests/Files in Category:DPLA Yearbooks 1989 or later | Fæ
2026-10-06 04:30:43,280 [INFO] Sent -> Category:Creative Commons Attribution missing SDC copyright status | Ľuboš Repta
2026-10-06 04:30:43,390 [INFO] Sent -> Q97176245 | MsynBot
2026-10-06 04:30:43,499 [INFO] Sent -> File:Westland High School yearbook 1995 - DPLA - bcacf5bac0b59c51fb1fad46f09c46be (page 5).jpg | Fæ
2026-10-06 04:30:43,607 [INFO] Sent -> Q141657017 | Rohini
2026-10-06 04:30:43,718 [INFO] Sent -> Category:CC-BY-4.0 | Ľuboš Repta
2026-10-06 04:30:43,827 [INFO] Sent -> File:Westland High School yearbook 1995 - DPLA - bcacf5bac0b59c51fb1fad46f09c46be (page 51).jpg | Fæ
2026-10-06 04:30:43,934 [INFO] Sent -> Gheorghe Hagi | İmmortalance
2026-10-06 04:30:44,043 [INFO] Sent -> Category:Creative Commons Attribution 4.0 missing SDC copyright license | Ľuboš Repta
2026-10-06 04:30:44,152 [INFO] Sent -> Category:Self-published work | Ľuboš Repta
2026-10-06 04:30:44,263 [INFO] Sent -> Category:Self-published work missing SDC copyright license | Ľuboš Repta
2026-10-06 04:30:44,371 [INFO] Sent -> Category:Church of Saint Catherine of Alexandria (Drietoma) | Ľuboš Repta
2026-10-06 04:30:44,481 [INFO] Sent -> Category:1980s concept albums | Waynelai10
2026-10-06 04:30:44,590 [INFO] Sent -> Category:Deletion requests October 2026 | Fæ
2026-10-06 04:30:44,699 [INFO] Sent -> Q116395659 | DERDAKI ILIAS
2026-10-06 04:30:44,810 [INFO] Sent -> Q141657007 | Eqmaker
2026-10-06 04:30:44,920 [INFO] Sent -> File:Westland High School yearbook 1995 - DPLA - bcacf5bac0b59c51fb1fad46f09c46be (page 52).jpg | Fæ
2026-10-06 04:30:45,029 [INFO] Sent -> User talk:~2026-53557-94 | ~2026-53557-94
2026-10-06 04:30:45,138 [INFO] Sent -> Category:Deletion requests October 2026 | Fæ
2026-10-06 04:30:45,245 [INFO] Sent -> Category:Deletion requests October 2026 | Fæ
2026-10-06 04:30:45,355 [INFO] Sent -> File:Westland High School yearbook 1995 - DPLA - bcacf5bac0b59c51fb1fad46f09c46be (page 50).jpg | Fæ
2026-10-06 04:30:45,464 [INFO] Sent -> File:Westland High School yearbook 1995 - DPLA - bcacf5bac0b59c51fb1fad46f09c46be (page 54).jpg | Fæ
2026-10-06 04:30:45,575 [INFO] Sent -> File:Bible. A.T. Pentateuque-Hapṭarah-Megillôt (hébreu) - btv1b10549397c (173 of 639).jpg | Gzen92Bot
2026-10-06 04:30:45,697 [INFO] Sent -> File:Westland High School yearbook 1995 - DPLA - bcacf5bac0b59c51fb1fad46f09c46be (page 48).jpg | Fæ
2026-10-06 04:30:45,804 [INFO] Sent -> Category:Deletion requests October 2026 | Fæ
2026-10-06 04:30:45,912 [INFO] Sent -> Category:Deletion requests October 2026 | Fæ
2026-10-06 04:30:46,021 [INFO] Sent -> File:Westland High School yearbook 1995 - DPLA - bcacf5bac0b59c51fb1fad46f09c46be (page 55).jpg | Fæ
2026-10-06 04:30:46,132 [INFO] Sent -> File:Drietoma kostol 07.jpg | Ľuboš Repta
2026-10-06 04:30:46,240 [INFO] Sent -> File:Drietoma kostol 06.jpg | Ľuboš Repta
2026-10-06 04:30:46,349 [INFO] Sent -> Category:Deletion requests October 2026 | Fæ
2026-10-06 04:30:46,457 [INFO] Sent -> Q141657017 | Rohini
2026-10-06 04:30:46,566 [INFO] Sent -> Q116395660 | DERDAKI ILIAS
2026-10-06 04:30:46,682 [INFO] Sent -> Category:Deletion requests October 2026 | Fæ
2026-10-06 04:30:46,841 [INFO] Sent -> Q141657007 | Eqmaker
2026-10-06 04:30:47,085 [INFO] Sent -> File:Westland High School yearbook 1995 - DPLA - bcacf5bac0b59c51fb1fad46f09c46be (page 58).jpg | Fæ
2026-10-06 04:30:47,382 [INFO] Sent -> File:Drietoma kostol 01.jpg | Ľuboš Repta
2026-10-06 04:30:47,589 [INFO] Sent -> File:Westland High School yearbook 1995 - DPLA - bcacf5bac0b59c51fb1fad46f09c46be (page 57).jpg | Fæ
2026-10-06 04:30:47,730 [INFO] Sent -> 開幕戦 | Championship2006
2026-10-06 04:30:47,909 [INFO] Sent -> Category:Artworks without Wikidata item | Gzen92Bot
2026-10-06 04:30:48,022 [INFO] Sent -> Category:PD France | Gzen92Bot
2026-10-06 04:30:48,132 [INFO] Sent -> Category:Manuscripts from Gallica (Bibliothèque nationale de France) uploaded by Gzen92Bot | Gzen92Bot
2026-10-06 04:30:48,240 [INFO] Sent -> Category:Deletion requests October 2026 | Fæ
2026-10-06 04:30:48,348 [INFO] Sent -> Category:Bible. A.T. Pentateuque-Hapṭarah-Megillôt (hébreu) - btv1b10549397c | Gzen92Bot
2026-10-06 04:30:48,457 [INFO] Sent -> Category:Deletion requests October 2026 | Fæ
2026-10-06 04:30:48,565 [INFO] Sent -> Q141657017 | Rohini
2026-10-06 04:30:48,679 [INFO] Sent -> Category:Files with no machine-readable author | Gzen92Bot
2026-10-06 04:30:48,786 [INFO] Sent -> Category:Deletion requests October 2026 | Fæ
2026-10-06 04:30:48,896 [INFO] Sent -> Category:Deletion requests October 2026 | Fæ
2026-10-06 04:30:49,006 [INFO] Sent -> Клагенфурт-ам-Вёртэрзэе | InternetArchiveBot
2026-10-06 04:30:49,114 [INFO] Sent -> Q53999433 | Nabbot
2026-10-06 04:30:49,224 [INFO] Sent -> Category:Deletion requests October 2026 | Fæ
2026-10-06 04:30:49,334 [INFO] Sent -> Category:Deletion requests October 2026 | Fæ
2026-10-06 04:30:49,445 [INFO] Sent -> Q10620135 | Mrwdat3
2026-10-06 04:30:49,553 [INFO] Sent -> Q138805338 | Pudox
2026-10-06 04:30:49,661 [INFO] Sent -> Q141657007 | Eqmaker
2026-10-06 04:30:49,769 [INFO] Sent -> Q116395661 | DERDAKI ILIAS
2026-10-06 04:30:49,880 [INFO] Sent -> File:Westland High School yearbook 1995 - DPLA - bcacf5bac0b59c51fb1fad46f09c46be (page 6).jpg | Fæ
2026-10-06 04:30:49,991 [INFO] Sent -> File:Westland High School yearbook 1995 - DPLA - bcacf5bac0b59c51fb1fad46f09c46be (page 56).jpg | Fæ
2026-10-06 04:30:50,102 [INFO] Sent -> Category:Deletion requests October 2026 | Fæ
2026-10-06 04:30:50,209 [INFO] Sent -> File:Westland High School yearbook 1995 - DPLA - bcacf5bac0b59c51fb1fad46f09c46be (page 63).jpg | Fæ
2026-10-06 04:30:50,318 [INFO] Sent -> Lula da Silva 2026 presidential campaign | Arobinson1987
2026-10-06 04:30:50,425 [INFO] Sent -> Q141657017 | Rohini
2026-10-06 04:30:50,534 [INFO] Sent -> Category:Deletion requests October 2026 | Fæ
2026-10-06 04:30:50,645 [INFO] Sent -> Kategori:Türkiye'deki gurbetçi erkek futbolcular | İmmortalance
2026-10-06 04:30:50,756 [INFO] Sent -> Kategori:Türkiye'deki gurbetçi futbolcular | İmmortalance
2026-10-06 04:30:50,884 [INFO] Sent -> Bilguun Ariunbaatar | Artemis Andromeda
2026-10-06 04:30:51,000 [INFO] Sent -> Alcidion | Refai881
2026-10-06 04:30:51,114 [INFO] Sent -> Викисловарь:Отчёты/v2 | VitalikBot
2026-10-06 04:30:51,221 [INFO] Sent -> Q138804206 | Pudox
2026-10-06 04:30:51,332 [INFO] Sent -> Q124490318 | Mrwdat3
2026-10-06 04:30:51,445 [INFO] Sent -> Q116395662 | DERDAKI ILIAS
2026-10-06 04:30:51,559 [INFO] Sent -> Category:Deletion requests October 2026 | Fæ
2026-10-06 04:30:51,680 [INFO] Sent -> File:Volta de l'accés occidental de l'antiga muralla de Coll de Nargó.JPG | Rkieferbot
2026-10-06 04:30:51,786 [INFO] Sent -> Q141657007 | Eqmaker
2026-10-06 04:30:52,054 [INFO] Sent -> Meximia decolorata | Lavalizard101
2026-10-06 04:30:52,310 [INFO] Sent -> File:Westland High School yearbook 1995 - DPLA - bcacf5bac0b59c51fb1fad46f09c46be (page 65).jpg | Fæ
2026-10-06 04:30:52,484 [INFO] Sent -> Q141657017 | Rohini
2026-10-06 04:30:52,650 [INFO] Sent -> Tennistavolo ai Giochi della XXV Olimpiade | CheckWikiBOT
2026-10-06 04:30:52,870 [INFO] Sent -> File:Westland High School yearbook 1995 - DPLA - bcacf5bac0b59c51fb1fad46f09c46be (page 60).jpg | Fæ
2026-10-06 04:30:53,113 [INFO] Progress: 1100 sent, 0 skipped.
2026-10-06 04:30:53,438 [INFO] Sent -> ڈونگینگ شنگلی ہوائی اڈا | Shuaib-bot
2026-10-06 04:30:53,616 [INFO] Sent -> مقیاس جودة الملكية الفكرية | LokasBot
2026-10-06 04:30:53,804 [INFO] Sent -> Q14467540 | Mrwdat3
2026-10-06 04:30:53,968 [INFO] Sent -> Q141657017 | Rohini
2026-10-06 04:30:54,163 [INFO] Sent -> Q141657007 | Eqmaker
2026-10-06 04:30:54,336 [INFO] Sent -> Category:Deletion requests October 2026 | Fæ
2026-10-06 04:30:54,549 [INFO] Sent -> File:Westland High School yearbook 1995 - DPLA - bcacf5bac0b59c51fb1fad46f09c46be (page 64).jpg | Fæ
2026-10-06 04:30:55,151 [INFO] Sent -> Category:Accepted species names | Lavalizard101
2026-10-06 04:30:55,286 [INFO] Sent -> Category:Accepted species name | Lavalizard101
2026-10-06 04:30:55,812 [INFO] Sent -> Category:Deletion requests October 2026 | Fæ
2026-10-06 04:30:55,980 [INFO] Sent -> File:Westland High School yearbook 1995 - DPLA - bcacf5bac0b59c51fb1fad46f09c46be (page 61).jpg | Fæ
2026-10-06 04:30:56,135 [INFO] Sent -> Category:Deletion requests October 2026 | Fæ
2026-10-06 04:30:56,251 [INFO] Sent -> File:Westland High School yearbook 1995 - DPLA - bcacf5bac0b59c51fb1fad46f09c46be (page 68).jpg | Fæ
2026-10-06 04:30:56,374 [INFO] Sent -> Clunies-Ross family | Sundostund
2026-10-06 04:30:56,502 [INFO] Sent -> Category:Deletion requests October 2026 | Fæ
2026-10-06 04:30:56,623 [INFO] Sent -> Q116395663 | DERDAKI ILIAS
2026-10-06 04:30:56,732 [INFO] Sent -> File:Drietoma kostol 02.jpg | Ľuboš Repta
2026-10-06 04:30:56,842 [INFO] Sent -> The Comfort of Strangers (film) | Keith-264
2026-10-06 04:30:56,950 [INFO] Sent -> File:Westland High School yearbook 1995 - DPLA - bcacf5bac0b59c51fb1fad46f09c46be (page 66).jpg | Fæ
2026-10-06 04:30:57,060 [INFO] Sent -> File:Westland High School yearbook 1995 - DPLA - bcacf5bac0b59c51fb1fad46f09c46be (page 62).jpg | Fæ
2026-10-06 04:30:57,173 [INFO] Sent -> File:Westland High School yearbook 1995 - DPLA - bcacf5bac0b59c51fb1fad46f09c46be (page 7).jpg | Fæ
2026-10-06 04:30:57,293 [INFO] Sent -> Francesco Pio Esposito | Fan2football
2026-10-06 04:30:57,402 [INFO] Sent -> Q37335923 | Cewbot
2026-10-06 04:30:57,511 [INFO] Sent -> File:Westland High School yearbook 1995 - DPLA - bcacf5bac0b59c51fb1fad46f09c46be (page 71).jpg | Fæ
2026-10-06 04:30:57,624 [INFO] Sent -> Q141657017 | Rohini
2026-10-06 04:30:57,734 [INFO] Sent -> File:Westland High School yearbook 1995 - DPLA - bcacf5bac0b59c51fb1fad46f09c46be (page 70).jpg | Fæ
2026-10-06 04:30:57,844 [INFO] Sent -> Q116395664 | DERDAKI ILIAS
2026-10-06 04:30:57,952 [INFO] Sent -> bloodbath | InternetArchiveBot
2026-10-06 04:30:58,062 [INFO] Sent -> Austrolepidopa | Uwe Gille
2026-10-06 04:30:58,173 [INFO] Sent -> Usuaria discusión:Zapipedia | Marc martinez guasch
2026-10-06 04:30:58,281 [INFO] Sent -> Category:Pages with local camera coordinates and missing SDC coordinates | Ľuboš Repta
2026-10-06 04:30:58,389 [INFO] Sent -> Сонкёль | Vulpo
2026-10-06 04:30:58,497 [INFO] Sent -> Category:Files with coordinates missing SDC location of creation | Ľuboš Repta
2026-10-06 04:30:58,607 [INFO] Sent -> Category:Creative Commons Attribution missing SDC copyright status | Ľuboš Repta
2026-10-06 04:30:58,717 [INFO] Sent -> Chelsea Clinton | Langue et poésie
2026-10-06 04:30:58,828 [INFO] Sent -> Q141657017 | Rohini
2026-10-06 04:30:58,950 [INFO] Sent -> Category:CC-BY-4.0 | Ľuboš Repta
2026-10-06 04:30:59,076 [INFO] Sent -> Category:Creative Commons Attribution 4.0 missing SDC copyright license | Ľuboš Repta
2026-10-06 04:30:59,197 [INFO] Sent -> Q2052080 | Mrwdat3
2026-10-06 04:30:59,307 [INFO] Sent -> Category:Self-published work | Ľuboš Repta
2026-10-06 04:30:59,414 [INFO] Sent -> Category:Self-published work missing SDC copyright license | Ľuboš Repta
2026-10-06 04:30:59,534 [INFO] Sent -> Jonkanal | Vame
2026-10-06 04:30:59,643 [INFO] Sent -> Kenan Hasagić | İmmortalance
2026-10-06 04:30:59,752 [INFO] Sent -> Category:Church of Saint Catherine of Alexandria (Drietoma) | Ľuboš Repta
2026-10-06 04:30:59,861 [INFO] Sent -> File:Kolomna Moskvoretskaya street 15 2020-05 301.JPG | Svetlov Artem
2026-10-06 04:30:59,971 [INFO] Sent -> File:Drietoma kostol 03.jpg | Ľuboš Repta
2026-10-06 04:31:00,081 [INFO] Sent -> Category:Deletion requests October 2026 | Fæ
2026-10-06 04:31:00,191 [INFO] Sent -> User:Chiangsaen | Chiangsaen
2026-10-06 04:31:00,305 [INFO] Sent -> File:Westland High School yearbook 1995 - DPLA - bcacf5bac0b59c51fb1fad46f09c46be (page 73).jpg | Fæ
2026-10-06 04:31:00,425 [INFO] Sent -> File:Westland High School yearbook 1995 - DPLA - bcacf5bac0b59c51fb1fad46f09c46be (page 77).jpg | Fæ
2026-10-06 04:31:00,533 [INFO] Sent -> Category:Deletion requests October 2026 | Fæ
2026-10-06 04:31:00,647 [INFO] Sent -> Category:Deletion requests October 2026 | Fæ
2026-10-06 04:31:00,767 [INFO] Sent -> File:Westland High School yearbook 1995 - DPLA - bcacf5bac0b59c51fb1fad46f09c46be (page 67).jpg | Fæ
2026-10-06 04:31:00,875 [INFO] Sent -> Category:Deletion requests October 2026 | Fæ
2026-10-06 04:31:00,985 [INFO] Sent -> File:Westland High School yearbook 1995 - DPLA - bcacf5bac0b59c51fb1fad46f09c46be (page 78).jpg | Fæ
2026-10-06 04:31:01,094 [INFO] Sent -> Category:Deletion requests October 2026 | Fæ
2026-10-06 04:31:01,202 [INFO] Sent -> Q14503955 | Mrwdat3
2026-10-06 04:31:01,313 [INFO] Sent -> Template:PRC admin/data/11/01/13/002/034 | Hamish-bot
2026-10-06 04:31:01,422 [INFO] Sent -> Q141657017 | Rohini
2026-10-06 04:31:01,531 [INFO] Sent -> Category:Deletion requests October 2026 | Fæ
2026-10-06 04:31:01,642 [INFO] Sent -> Category:Pages with local camera coordinates and missing SDC coordinates | Ľuboš Repta
2026-10-06 04:31:01,749 [INFO] Sent -> Bellechaume | Vikiçizer
2026-10-06 04:31:01,857 [INFO] Sent -> File:Generalmajor Demus des 4.Armeekommandos (BildID 15710178).jpg | Noah.Albert.ZivMilFü
2026-10-06 04:31:01,970 [INFO] Sent -> Category:Deletion requests October 2026 | Fæ
2026-10-06 04:31:02,080 [INFO] Sent -> Category:Files with coordinates missing SDC location of creation | Ľuboš Repta
2026-10-06 04:31:02,188 [INFO] Sent -> Instituto Nacional General José Miguel Carrera | Pristino
2026-10-06 04:31:02,299 [INFO] Sent -> Q116395665 | DERDAKI ILIAS
2026-10-06 04:31:02,409 [INFO] Sent -> File:Drietoma kostol 02.jpg | Ľuboš Repta
2026-10-06 04:31:02,517 [INFO] Sent -> Category:Creative Commons Attribution missing SDC copyright status | Ľuboš Repta
2026-10-06 04:31:02,626 [INFO] Sent -> Category:Deletion requests October 2026 | Fæ
2026-10-06 04:31:02,735 [INFO] Sent -> Category:CC-BY-4.0 | Ľuboš Repta
2026-10-06 04:31:02,844 [INFO] Sent -> Category:Creative Commons Attribution 4.0 missing SDC copyright license | Ľuboš Repta
2026-10-06 04:31:02,955 [INFO] Sent -> Category:Self-published work | Ľuboš Repta
2026-10-06 04:31:03,064 [INFO] Sent -> Category:Self-published work missing SDC copyright license | Ľuboš Repta
2026-10-06 04:31:03,173 [INFO] Sent -> Guti | İmmortalance
2026-10-06 04:31:03,282 [INFO] Sent -> Kategorie:Wikipedia:In Bearbeitung | Uwe Gille
2026-10-06 04:31:03,391 [INFO] Sent -> Category:Church of Saint Catherine of Alexandria (Drietoma) | Ľuboš Repta
2026-10-06 04:31:03,501 [INFO] Sent -> File:Westland High School yearbook 1995 - DPLA - bcacf5bac0b59c51fb1fad46f09c46be (page 75).jpg | Fæ
2026-10-06 04:31:03,611 [INFO] Sent -> Q137919864 | باسم
2026-10-06 04:31:03,718 [INFO] Sent -> Q37335966 | Cewbot
2026-10-06 04:31:03,829 [INFO] Sent -> ထာမ်ပလိက်:vrddhi-ya/documentation | Intobesa.bot
2026-10-06 04:31:03,936 [INFO] Sent -> Template:Interlanguage link/doc | YSSYguy
2026-10-06 04:31:04,044 [INFO] Sent -> Category:Deletion requests October 2026 | Fæ
2026-10-06 04:31:04,153 [INFO] Sent -> File:Drietoma kostol 04.jpg | Ľuboš Repta
2026-10-06 04:31:04,263 [INFO] Sent -> Q141657017 | Rohini
2026-10-06 04:31:04,373 [INFO] Sent -> Category:第七屆威爾斯議會議員 | Dragoon17cc
2026-10-06 04:31:04,483 [INFO] Sent -> Зёбер, Яцек | Глямлик
2026-10-06 04:31:04,591 [INFO] Sent -> File:Westland High School yearbook 1995 - DPLA - bcacf5bac0b59c51fb1fad46f09c46be (page 79).jpg | Fæ
2026-10-06 04:31:04,701 [INFO] Sent -> File:Westland High School yearbook 1995 - DPLA - bcacf5bac0b59c51fb1fad46f09c46be (page 59).jpg | Fæ
2026-10-06 04:31:04,812 [INFO] Sent -> Kategori:Türkiye'deki gurbetçi erkek futbolcular | İmmortalance
2026-10-06 04:31:04,922 [INFO] Sent -> File:Westland High School yearbook 1995 - DPLA - bcacf5bac0b59c51fb1fad46f09c46be (page 53).jpg | Fæ
2026-10-06 04:31:05,031 [INFO] Sent -> Kategori:Türkiye'deki gurbetçi futbolcular | İmmortalance
2026-10-06 04:31:05,141 [INFO] Sent -> Category:Deletion requests October 2026 | Fæ
2026-10-06 04:31:05,248 [INFO] Sent -> Category:DPLA deletion cases | Fæ
2026-10-06 04:31:05,358 [INFO] Sent -> Category:因历史原因保留的已停用模板 | Hamish-bot
2026-10-06 04:31:05,468 [INFO] Sent -> Q116390444 | DERDAKI ILIAS
2026-10-06 04:31:05,578 [INFO] Sent -> File:ISS074-E-573279 - View of South Africa.jpg | OptimusPrimeBot
2026-10-06 04:31:05,687 [INFO] Sent -> File:2026 World Teacher's Day protest in Manila - 5.jpg | Borhan
2026-10-06 04:31:05,796 [INFO] Sent -> File:Drietoma kostol 03.jpg | Ľuboš Repta
2026-10-06 04:31:05,905 [INFO] Progress: 1200 sent, 0 skipped.
2026-10-06 04:31:06,017 [INFO] Sent -> Elrio van Heerden | İmmortalance
2026-10-06 04:31:06,124 [INFO] Sent -> Q116395666 | DERDAKI ILIAS
2026-10-06 04:31:06,235 [INFO] Sent -> File:Westland High School yearbook 1995 - DPLA - bcacf5bac0b59c51fb1fad46f09c46be (page 74).jpg | Fæ
2026-10-06 04:31:06,344 [INFO] Sent -> File:Westland High School yearbook 1995 - DPLA - bcacf5bac0b59c51fb1fad46f09c46be (page 72).jpg | Fæ
2026-10-06 04:31:06,453 [INFO] Sent -> Q141656923 | Hitsuji777
2026-10-06 04:31:06,562 [INFO] Sent -> Q10657870 | Mrwdat3
2026-10-06 04:31:06,669 [INFO] Sent -> User:Thhhhj | Thhhhj
2026-10-06 04:31:06,779 [INFO] Sent -> Category:Deletion requests October 2026 | Fæ
2026-10-06 04:31:06,904 [INFO] Sent -> Category:Pages with local camera coordinates and missing SDC coordinates | Ľuboš Repta
2026-10-06 04:31:07,248 [INFO] Sent -> Category:Deletion requests October 2026 | Fæ
2026-10-06 04:31:07,375 [INFO] Sent -> Category:Files with coordinates missing SDC location of creation | Ľuboš Repta
2026-10-06 04:31:07,494 [INFO] Sent -> Category:Creative Commons Attribution missing SDC copyright status | Ľuboš Repta
2026-10-06 04:31:07,604 [INFO] Sent -> Q138805343 | Pudox
2026-10-06 04:31:07,727 [INFO] Sent -> Q141657017 | Rohini
2026-10-06 04:31:07,837 [INFO] Sent -> Category:CC-BY-4.0 | Ľuboš Repta
2026-10-06 04:31:07,963 [INFO] Sent -> Category:Creative Commons Attribution 4.0 missing SDC copyright license | Ľuboš Repta
2026-10-06 04:31:08,097 [INFO] Sent -> Category:Self-published work | Ľuboš Repta
2026-10-06 04:31:08,210 [INFO] Sent -> Category:Deletion requests October 2026 | Fæ
2026-10-06 04:31:08,332 [INFO] Sent -> Category:Self-published work missing SDC copyright license | Ľuboš Repta
2026-10-06 04:31:08,470 [INFO] Sent -> Tennistavolo ai Giochi della XXIV Olimpiade | CheckWikiBOT
2026-10-06 04:31:08,584 [INFO] Sent -> Category:Church of Saint Catherine of Alexandria (Drietoma) | Ľuboš Repta
2026-10-06 04:31:08,704 [INFO] Sent -> Larry Storch | AnsterBot
2026-10-06 04:31:08,825 [INFO] Sent -> File:ISS074-E-573277 - View of South Africa.jpg | OptimusPrimeBot
2026-10-06 04:31:08,963 [INFO] Sent -> Category:Industri Kereta Api | TTTNIS
2026-10-06 04:31:09,095 [INFO] Sent -> Category:各屆別威爾斯議會議員 | Dragoon17cc
2026-10-06 04:31:09,220 [INFO] Sent -> Category:ISS photographs taken on 2026-05-03 | OptimusPrimeBot
2026-10-06 04:31:09,342 [INFO] Sent -> File:State St, Portsmouth, NH, 2012 (9).jpg | Rkieferbot
2026-10-06 04:31:09,463 [INFO] Sent -> File:Westland High School yearbook 1995 - DPLA - bcacf5bac0b59c51fb1fad46f09c46be (page 76).jpg | Fæ
2026-10-06 04:31:09,572 [INFO] Sent -> Category:Taken on missing SDC inception | OptimusPrimeBot
2026-10-06 04:31:09,683 [INFO] Sent -> Category:各屆別英國議會議員 | Dragoon17cc
2026-10-06 04:31:09,793 [INFO] Sent -> File:Westland High School yearbook 1995 - DPLA - bcacf5bac0b59c51fb1fad46f09c46be (page 82).jpg | Fæ
2026-10-06 04:31:09,901 [INFO] Sent -> Category:Images from the Earth Science and Remote Sensing Unit, Lyndon B. Johnson Space Center | OptimusPrimeBot
2026-10-06 04:31:10,010 [INFO] Sent -> Talk:上海市虹口区凉城第四小学 | Leo114514
2026-10-06 04:31:10,118 [INFO] Sent -> Category:Pages with local object coordinates and missing SDC coordinates | OptimusPrimeBot
2026-10-06 04:31:10,226 [INFO] Sent -> Category:Files with coordinates missing SDC location of creation | OptimusPrimeBot
2026-10-06 04:31:10,338 [INFO] Sent -> File:Westland High School yearbook 1995 - DPLA - bcacf5bac0b59c51fb1fad46f09c46be (page 8).jpg | Fæ
2026-10-06 04:31:10,445 [INFO] Sent -> Category:PD NASA | OptimusPrimeBot
2026-10-06 04:31:10,554 [INFO] Sent -> Category:Deletion requests October 2026 | Fæ
2026-10-06 04:31:10,662 [INFO] Sent -> File:Westland High School yearbook 1995 - DPLA - bcacf5bac0b59c51fb1fad46f09c46be (page 69).jpg | Fæ
2026-10-06 04:31:10,771 [INFO] Sent -> Category:PD-USGov missing SDC copyright status | OptimusPrimeBot
2026-10-06 04:31:10,880 [INFO] Sent -> Category:ISS Expedition 74 Crew Earth Observations (dump) | OptimusPrimeBot
2026-10-06 04:31:10,989 [INFO] Sent -> Category:People with necklets of orders | Noah.Albert.ZivMilFü
2026-10-06 04:31:11,097 [INFO] Sent -> File:Westland High School yearbook 1995 - DPLA - bcacf5bac0b59c51fb1fad46f09c46be (page 84).jpg | Fæ
2026-10-06 04:31:11,204 [INFO] Sent -> Category:NASA GAPE files uploaded by OptimusPrimeBot | OptimusPrimeBot
2026-10-06 04:31:11,312 [INFO] Sent -> Category:Photos of South Africa by ISS Expedition 74 Crew Earth Observations | OptimusPrimeBot
2026-10-06 04:31:11,421 [INFO] Sent -> Q141657017 | Rohini
2026-10-06 04:31:11,530 [INFO] Sent -> Category:Taken with Nikon Z 9 | OptimusPrimeBot
2026-10-06 04:31:11,639 [INFO] Sent -> Kategori:Türkiye'deki gurbetçi erkek futbolcular | İmmortalance
2026-10-06 04:31:11,750 [INFO] Sent -> File:Drietoma kostol 04.jpg | Ľuboš Repta
2026-10-06 04:31:11,861 [INFO] Sent -> File:Westland High School yearbook 1995 - DPLA - bcacf5bac0b59c51fb1fad46f09c46be (page 85).jpg | Fæ
2026-10-06 04:31:11,969 [INFO] Sent -> Kategori:Türkiye'deki gurbetçi futbolcular | İmmortalance
2026-10-06 04:31:12,079 [INFO] Sent -> Category:Deletion requests October 2026 | Fæ
2026-10-06 04:31:12,199 [INFO] Sent -> Категория:Недавно умершие | Глямлик
2026-10-06 04:31:12,308 [INFO] Sent -> User talk:Ihaxell | Kowal2701
2026-10-06 04:31:12,418 [INFO] Sent -> Категория:Проект:Футбол:Последняя правка в 2026 году | Глямлик
2026-10-06 04:31:12,526 [INFO] Sent -> Категория:Проект:Футбол:Последняя правка в текущем месяце | Глямлик
2026-10-06 04:31:12,634 [INFO] Sent -> Q116395667 | DERDAKI ILIAS
2026-10-06 04:31:12,744 [INFO] Sent -> Category:ISS photographs taken on 2026-05-03 | OptimusPrimeBot
2026-10-06 04:31:12,854 [INFO] Sent -> Категория:Проект:Футбол:Последняя правка в 2025 году | Глямлик
2026-10-06 04:31:12,962 [INFO] Sent -> Category:Taken on missing SDC inception | OptimusPrimeBot
2026-10-06 04:31:13,072 [INFO] Sent -> Категория:ПРО:ВО:Последняя правка: в текущем месяце | Vulpo
2026-10-06 04:31:13,182 [INFO] Sent -> Category:Deletion requests October 2026 | Fæ
2026-10-06 04:31:13,289 [INFO] Sent -> Category:Images from the Earth Science and Remote Sensing Unit, Lyndon B. Johnson Space Center | OptimusPrimeBot
2026-10-06 04:31:13,401 [INFO] Sent -> Категория:Википедия:Нет источников с октября 2026 | Vulpo
2026-10-06 04:31:13,510 [INFO] Sent -> Usuario discusión:~2026-53647-71 | Nuria, the witch
2026-10-06 04:31:13,618 [INFO] Sent -> File:Westland High School yearbook 1995 - DPLA - bcacf5bac0b59c51fb1fad46f09c46be (page 80).jpg | Fæ
2026-10-06 04:31:13,727 [INFO] Sent -> Category:Pages with local object coordinates and missing SDC coordinates | OptimusPrimeBot
2026-10-06 04:31:13,836 [INFO] Sent -> Категория:ПРО:ВО:Последняя правка: в прошлом году | Vulpo
2026-10-06 04:31:13,946 [INFO] Sent -> File:ISS074-E-573278 - View of South Africa.jpg | OptimusPrimeBot
2026-10-06 04:31:14,055 [INFO] Sent -> Kategori:Türkiye'deki gurbetçi erkek futbolcular | İmmortalance
2026-10-06 04:31:14,164 [INFO] Sent -> Категория:Википедия:Статьи с разделами без ссылок на источники с апреля 2020 года | Vulpo
2026-10-06 04:31:14,271 [INFO] Sent -> Category:Files with coordinates missing SDC location of creation | OptimusPrimeBot
2026-10-06 04:31:14,381 [INFO] Sent -> Kategori:Türkiye'deki gurbetçi futbolcular | İmmortalance
2026-10-06 04:31:14,490 [INFO] Sent -> Category:PD NASA | OptimusPrimeBot
2026-10-06 04:31:14,597 [INFO] Sent -> File:Pelliot tibétain 116 - btv1b10096631g (011 of 126).jpg | SchlurcherBot
2026-10-06 04:31:14,705 [INFO] Sent -> Category:PD-USGov missing SDC copyright status | OptimusPrimeBot
2026-10-06 04:31:14,816 [INFO] Sent -> Category:ISS Expedition 74 Crew Earth Observations (dump) | OptimusPrimeBot
2026-10-06 04:31:14,925 [INFO] Sent -> How to Build an Ocean: Instructions | Ansgar Slopsbane
2026-10-06 04:31:15,035 [INFO] Sent -> Category:NASA GAPE files uploaded by OptimusPrimeBot | OptimusPrimeBot
2026-10-06 04:31:15,145 [INFO] Sent -> Q14092689 | Mrwdat3
2026-10-06 04:31:15,255 [INFO] Sent -> Q141657017 | Rohini
2026-10-06 04:31:15,363 [INFO] Sent -> Category:Photos of South Africa by ISS Expedition 74 Crew Earth Observations | OptimusPrimeBot
2026-10-06 04:31:15,473 [INFO] Sent -> Category:Deletion requests October 2026 | Fæ
2026-10-06 04:31:15,582 [INFO] Sent -> Category:Taken with Nikon Z 9 | OptimusPrimeBot
2026-10-06 04:31:15,690 [INFO] Sent -> Q138804212 | Pudox
2026-10-06 04:31:15,799 [INFO] Sent -> Category:Deletion requests October 2026 | Fæ
2026-10-06 04:31:15,907 [INFO] Sent -> Category:Deletion requests October 2026 | Fæ
2026-10-06 04:31:16,015 [INFO] Sent -> Doormats (play) | Rodw
2026-10-06 04:31:16,126 [INFO] Sent -> Category:Deletion requests October 2026 | Fæ
2026-10-06 04:31:16,236 [INFO] Sent -> Category:Deletion requests October 2026 | Fæ
2026-10-06 04:31:16,344 [INFO] Sent -> Nogometna reprezentacija Litvanije | Makenzis
2026-10-06 04:31:16,467 [INFO] Sent -> Category:ISS photographs taken on 2026-05-03 | OptimusPrimeBot
2026-10-06 04:31:16,580 [INFO] Sent -> File:Westland High School yearbook 1995 - DPLA - bcacf5bac0b59c51fb1fad46f09c46be (page 81).jpg | Fæ
2026-10-06 04:31:16,690 [INFO] Sent -> Category:Taken on missing SDC inception | OptimusPrimeBot
2026-10-06 04:31:16,798 [INFO] Sent -> Samsung | Epohgx zoegbp
2026-10-06 04:31:16,909 [INFO] Sent -> Category:Images from the Earth Science and Remote Sensing Unit, Lyndon B. Johnson Space Center | OptimusPrimeBot
2026-10-06 04:31:17,019 [INFO] Sent -> File:Westland High School yearbook 1995 - DPLA - bcacf5bac0b59c51fb1fad46f09c46be (page 89).jpg | Fæ
2026-10-06 04:31:17,129 [INFO] Sent -> Category:Deletion requests October 2026 | Fæ
2026-10-06 04:31:17,239 [INFO] Sent -> File:Westland High School yearbook 1995 - DPLA - bcacf5bac0b59c51fb1fad46f09c46be (page 9).jpg | Fæ
2026-10-06 04:31:17,348 [INFO] Progress: 1300 sent, 0 skipped.
2026-10-06 04:31:17,456 [INFO] Sent -> Category:Pages with local object coordinates and missing SDC coordinates | OptimusPrimeBot
2026-10-06 04:31:17,565 [INFO] Sent -> Category:Deletion requests October 2026 | Fæ
2026-10-06 04:31:17,676 [INFO] Sent -> Category:Files with coordinates missing SDC location of creation | OptimusPrimeBot
2026-10-06 04:31:17,787 [INFO] Sent -> File:Westland High School yearbook 1995 - DPLA - bcacf5bac0b59c51fb1fad46f09c46be (page 90).jpg | Fæ
2026-10-06 04:31:17,896 [INFO] Sent -> Category:PD NASA | OptimusPrimeBot
2026-10-06 04:31:18,006 [INFO] Sent -> Béon, Yonne | Vikiçizer
2026-10-06 04:31:18,115 [INFO] Sent -> File:Westland High School yearbook 1995 - DPLA - bcacf5bac0b59c51fb1fad46f09c46be (page 83).jpg | Fæ
2026-10-06 04:31:18,226 [INFO] Sent -> Category:PD-USGov missing SDC copyright status | OptimusPrimeBot
2026-10-06 04:31:18,346 [INFO] Sent -> Category:User talk pages with conflict of interest notices | Kowal2701
2026-10-06 04:31:18,452 [INFO] Sent -> Category:ISS Expedition 74 Crew Earth Observations (dump) | OptimusPrimeBot
2026-10-06 04:31:18,561 [INFO] Sent -> Histoire de la Wallonie | Jmh2o
2026-10-06 04:31:18,668 [INFO] Sent -> Q141657017 | Rohini
2026-10-06 04:31:18,780 [INFO] Sent -> Jordánia a 2024. évi nyári olimpiai játékokon | Battila27
2026-10-06 04:31:18,889 [INFO] Sent -> Category:NASA GAPE files uploaded by OptimusPrimeBot | OptimusPrimeBot
2026-10-06 04:31:18,997 [INFO] Sent -> Category:Photos of South Africa by ISS Expedition 74 Crew Earth Observations | OptimusPrimeBot
2026-10-06 04:31:19,107 [INFO] Sent -> Category:Taken with Nikon Z 9 | OptimusPrimeBot
2026-10-06 04:31:19,215 [INFO] Sent -> Category:Deletion requests October 2026 | Fæ
2026-10-06 04:31:19,329 [INFO] Sent -> The Prince Gallery Kioichō | NihonKofee
2026-10-06 04:31:19,448 [INFO] Sent -> File:Westland High School yearbook 1995 - DPLA - bcacf5bac0b59c51fb1fad46f09c46be (page 91).jpg | Fæ
2026-10-06 04:31:19,557 [INFO] Sent -> Q124698568 | Mrwdat3
2026-10-06 04:31:19,669 [INFO] Sent -> Jordánia a 2024. évi nyári olimpiai játékokon | Battila27
2026-10-06 04:31:19,776 [INFO] Sent -> File:S. Hieronymus - btv1b52504546z (406 of 620).jpg | Gzen92Bot
2026-10-06 04:31:19,886 [INFO] Sent -> File:Westland High School yearbook 1995 - DPLA - bcacf5bac0b59c51fb1fad46f09c46be (page 92).jpg | Fæ
2026-10-06 04:31:19,995 [INFO] Sent -> File:Westland High School yearbook 1995 - DPLA - bcacf5bac0b59c51fb1fad46f09c46be (page 87).jpg | Fæ
2026-10-06 04:31:20,105 [INFO] Sent -> File:Westland High School yearbook 1995 - DPLA - bcacf5bac0b59c51fb1fad46f09c46be (page 88).jpg | Fæ
2026-10-06 04:31:20,215 [INFO] Sent -> File:Westland High School yearbook 1995 - DPLA - bcacf5bac0b59c51fb1fad46f09c46be (page 86).jpg | Fæ
2026-10-06 04:31:20,325 [INFO] Sent -> User:John johnyson | John johnyson
2026-10-06 04:31:20,434 [INFO] Sent -> File:La Conquête de la Terre sainte (par GUILLAUME DE TYR), avec la continuation. - btv1b9058986s (012 of 271).jpg | Gzen92Bot
2026-10-06 04:31:20,542 [INFO] Sent -> Category:Deletion requests October 2026 | Fæ
2026-10-06 04:31:20,653 [INFO] Sent -> Q141657017 | Rohini
2026-10-06 04:31:20,761 [INFO] Sent -> Q10502041 | Mrwdat3
2026-10-06 04:31:20,875 [INFO] Sent -> Category:Deletion requests October 2026 | Fæ
2026-10-06 04:31:20,993 [INFO] Sent -> Category:Deletion requests October 2026 | Fæ
2026-10-06 04:31:21,103 [INFO] Sent -> File:Westland High School yearbook 1995 - DPLA - bcacf5bac0b59c51fb1fad46f09c46be (page 95).jpg | Fæ
2026-10-06 04:31:21,213 [INFO] Sent -> File:Westland High School yearbook 1995 - DPLA - bcacf5bac0b59c51fb1fad46f09c46be (page 93).jpg | Fæ
2026-10-06 04:31:21,323 [INFO] Sent -> File:Westland High School yearbook 1995 - DPLA - bcacf5bac0b59c51fb1fad46f09c46be (page 97).jpg | Fæ
2026-10-06 04:31:21,432 [INFO] Sent -> Category:Artworks without Wikidata item | Gzen92Bot
2026-10-06 04:31:21,541 [INFO] Sent -> Kurs:Singularitätentheorie (Osnabrück 2026-2027)/Nenneraufnahme/Idealerzeuger/Nenneraufnahme an Element/Fakt/Beweis/Aufgabe/Aufgabereferenznummer | Arbota
2026-10-06 04:31:21,650 [INFO] Sent -> Category:Deletion requests October 2026 | Fæ
2026-10-06 04:31:21,759 [INFO] Sent -> Category:Deletion requests October 2026 | Fæ
2026-10-06 04:31:21,869 [INFO] Sent -> Category:PD France | Gzen92Bot
2026-10-06 04:31:22,233 [INFO] Sent -> Category:PD US expired | Gzen92Bot
2026-10-06 04:31:22,361 [INFO] Sent -> Q21667563 | Rebot
2026-10-06 04:31:22,486 [INFO] Sent -> Category:PD-US missing SDC copyright status | Gzen92Bot
2026-10-06 04:31:22,595 [INFO] Sent -> Category:PD-old missing SDC copyright status | Gzen92Bot
2026-10-06 04:31:22,704 [INFO] Sent -> Category:Artworks without Wikidata item | Gzen92Bot
2026-10-06 04:31:22,814 [INFO] Sent -> File:Drietoma kostol 05.jpg | Ľuboš Repta
2026-10-06 04:31:22,937 [INFO] Sent -> Category:CC-PD-Mark | Gzen92Bot
2026-10-06 04:31:23,050 [INFO] Sent -> Category:PD France | Gzen92Bot
2026-10-06 04:31:23,174 [INFO] Sent -> File:ISS074-E-573279 - View of South Africa.jpg | OptimusPrimeBot
2026-10-06 04:31:23,299 [INFO] Sent -> Category:PD Old (assumed) | Gzen92Bot
2026-10-06 04:31:23,411 [INFO] Sent -> Category:PD US expired | Gzen92Bot
2026-10-06 04:31:23,533 [INFO] Sent -> Category:Manuscripts from Gallica (Bibliothèque nationale de France) uploaded by Gzen92Bot | Gzen92Bot
2026-10-06 04:31:23,642 [INFO] Sent -> Category:Deletion requests October 2026 | Fæ
2026-10-06 04:31:23,767 [INFO] Sent -> Category:PD-US missing SDC copyright status | Gzen92Bot
2026-10-06 04:31:23,879 [INFO] Sent -> Category:S. Hieronymus - btv1b52504546z | Gzen92Bot
2026-10-06 04:31:23,989 [INFO] Sent -> Q138805344 | Pudox
2026-10-06 04:31:24,098 [INFO] Sent -> Category:PD-old missing SDC copyright status | Gzen92Bot
2026-10-06 04:31:24,221 [INFO] Sent -> Участник:EyeBot/Отчёты/Автоматические откаты | EyeBot
2026-10-06 04:31:24,330 [INFO] Sent -> Category:CC-PD-Mark | Gzen92Bot
2026-10-06 04:31:24,447 [INFO] Sent -> Category:PD Old (assumed) | Gzen92Bot
2026-10-06 04:31:24,565 [INFO] Sent -> Category:Manuscripts from Gallica (Bibliothèque nationale de France) uploaded by Gzen92Bot | Gzen92Bot
2026-10-06 04:31:24,690 [INFO] Sent -> Category:La Conquête de la Terre sainte (par GUILLAUME DE TYR), avec la continuation. - btv1b9058986s | Gzen92Bot
2026-10-06 04:31:24,799 [INFO] Sent -> Kategorie:Kurs:Singularitätentheorie (Osnabrück 2026-2027)/Referenznummer | Arbota
2026-10-06 04:31:24,924 [INFO] Sent -> Category:Files with no machine-readable author | Gzen92Bot
2026-10-06 04:31:25,033 [INFO] Sent -> Category:Deletion requests October 2026 | Fæ
2026-10-06 04:31:25,143 [INFO] Sent -> Q14324519 | Mrwdat3
2026-10-06 04:31:25,253 [INFO] Sent -> Category:Deletion requests October 2026 | Fæ
2026-10-06 04:31:25,362 [INFO] Sent -> Ahmed Hasan (1975 doğumlu futbolcu) | İmmortalance
2026-10-06 04:31:25,471 [INFO] Sent -> Category:Pages with local camera coordinates and missing SDC coordinates | Ľuboš Repta
2026-10-06 04:31:25,577 [INFO] Sent -> 25th Hour | SchlurcherBot
2026-10-06 04:31:25,686 [INFO] Sent -> Category:Files with coordinates missing SDC location of creation | Ľuboš Repta
2026-10-06 04:31:25,798 [INFO] Sent -> Q141657017 | Rohini
2026-10-06 04:31:25,907 [INFO] Sent -> Category:Creative Commons Attribution missing SDC copyright status | Ľuboš Repta
2026-10-06 04:31:26,017 [INFO] Sent -> Category:CC-BY-4.0 | Ľuboš Repta
2026-10-06 04:31:26,124 [INFO] Sent -> File:Westland High School yearbook 1995 - DPLA - bcacf5bac0b59c51fb1fad46f09c46be (page 98).jpg | Fæ
2026-10-06 04:31:26,234 [INFO] Sent -> Category:Creative Commons Attribution 4.0 missing SDC copyright license | Ľuboš Repta
2026-10-06 04:31:26,343 [INFO] Sent -> Q138804215 | Pudox
2026-10-06 04:31:26,454 [INFO] Sent -> Category:Deletion requests October 2026 | Fæ
2026-10-06 04:31:26,561 [INFO] Sent -> Category:Deletion requests October 2026 | Fæ
2026-10-06 04:31:26,685 [INFO] Sent -> Category:Self-published work | Ľuboš Repta
2026-10-06 04:31:26,795 [INFO] Sent -> File:Westland High School yearbook 1996 - DPLA - 4e23a67bf5a2276af487b0eba66bc6fd (page 100).jpg | Fæ
2026-10-06 04:31:26,904 [INFO] Sent -> Category:Self-published work missing SDC copyright license | Ľuboš Repta
2026-10-06 04:31:27,027 [INFO] Sent -> Category:Deletion requests October 2026 | Fæ
2026-10-06 04:31:27,134 [INFO] Sent -> Category:Deletion requests October 2026 | Fæ
2026-10-06 04:31:27,243 [INFO] Sent -> Category:Church of Saint Catherine of Alexandria (Drietoma) | Ľuboš Repta
2026-10-06 04:31:27,369 [INFO] Sent -> File:Westland High School yearbook 1996 - DPLA - 4e23a67bf5a2276af487b0eba66bc6fd (page 10).jpg | Fæ
2026-10-06 04:31:27,480 [INFO] Sent -> File:Westland High School yearbook 1995 - DPLA - bcacf5bac0b59c51fb1fad46f09c46be (page 96).jpg | Fæ
2026-10-06 04:31:27,603 [INFO] Sent -> Category:Deletion requests October 2026 | Fæ
2026-10-06 04:31:27,711 [INFO] Sent -> Q13507717 | Mrwdat3
2026-10-06 04:31:27,820 [INFO] Sent -> File:ISS074-E-573277 - View of South Africa.jpg | OptimusPrimeBot
2026-10-06 04:31:27,928 [INFO] Sent -> Lexeme:L1742988 | Oung ring
2026-10-06 04:31:28,039 [INFO] Sent -> Q141657017 | Rohini
2026-10-06 04:31:28,149 [INFO] Sent -> Category:Deletion requests October 2026 | Fæ
2026-10-06 04:31:28,269 [INFO] Sent -> File:Житловий будинок по вул. Татарській,13а (частина колишньої садиби по вул. Татарській, 13).jpg | Rkieferbot
2026-10-06 04:31:28,378 [INFO] Sent -> File:Westland High School yearbook 1995 - DPLA - bcacf5bac0b59c51fb1fad46f09c46be (page 94).jpg | Fæ
2026-10-06 04:31:28,485 [INFO] Sent -> File:Budapest, Transport Museum 2015, 138.jpg | Globetrotter19
2026-10-06 04:31:28,594 [INFO] Sent -> File:Westland High School yearbook 1996 - DPLA - 4e23a67bf5a2276af487b0eba66bc6fd (page 1).jpg | Fæ
2026-10-06 04:31:28,705 [INFO] Sent -> File:Westland High School yearbook 1996 - DPLA - 4e23a67bf5a2276af487b0eba66bc6fd (page 104).jpg | Fæ
2026-10-06 04:31:28,815 [INFO] Progress: 1400 sent, 0 skipped.
2026-10-06 04:31:28,925 [INFO] Sent -> File:ISS074-E-573278 - View of South Africa.jpg | OptimusPrimeBot
2026-10-06 04:31:29,032 [INFO] Sent -> File:Drietoma kostol 05.jpg | Ľuboš Repta
2026-10-06 04:31:29,143 [INFO] Sent -> 中谷莉奈 | Hmaienmods
2026-10-06 04:31:29,253 [INFO] Sent -> Q138805347 | Pudox
2026-10-06 04:31:29,361 [INFO] Sent -> Category:Deletion requests October 2026 | Fæ
2026-10-06 04:31:29,472 [INFO] Sent -> Q141657017 | Rohini
2026-10-06 04:31:29,580 [INFO] Sent -> Q37335966 | Cewbot
2026-10-06 04:31:29,693 [INFO] Sent -> File:Westland High School yearbook 1995 - DPLA - bcacf5bac0b59c51fb1fad46f09c46be (page 99).jpg | Fæ
2026-10-06 04:31:29,813 [INFO] Sent -> Caner Cindoruk | PERLA.NEGRA
2026-10-06 04:31:29,921 [INFO] Sent -> File:Westland High School yearbook 1996 - DPLA - 4e23a67bf5a2276af487b0eba66bc6fd (page 109).jpg | Fæ
2026-10-06 04:31:30,032 [INFO] Sent -> File:Westland High School yearbook 1996 - DPLA - 4e23a67bf5a2276af487b0eba66bc6fd (page 101).jpg | Fæ
2026-10-06 04:31:30,155 [INFO] Sent -> File:Westland High School yearbook 1996 - DPLA - 4e23a67bf5a2276af487b0eba66bc6fd (page 108).jpg | Fæ
2026-10-06 04:31:30,263 [INFO] Sent -> Category:Deletion requests October 2026 | Fæ
2026-10-06 04:31:30,381 [INFO] Sent -> File:Tian zhu sheng jiao ri ke. - btv1b90069149 (112 of 235).jpg | Gzen92Bot
2026-10-06 04:31:30,495 [INFO] Sent -> Q3233801 | Kaletrosa~eswiki
2026-10-06 04:31:30,607 [INFO] Sent -> File:Westland High School yearbook 1996 - DPLA - 4e23a67bf5a2276af487b0eba66bc6fd (page 102).jpg | Fæ
2026-10-06 04:31:30,717 [INFO] Sent -> ကဏ္ဍ:မုက်လိက်သောဲသောဲမဆေၚ်စပ်ကဵုလိက်စၟတ်သမ္တီမချူပတိုန်လဝ်မဇ္ဇျဟ်ထောံဂမၠိုၚ် | Intobesa.bot
2026-10-06 04:31:30,824 [INFO] Sent -> Category:Deletion requests October 2026 | Fæ
2026-10-06 04:31:30,933 [INFO] Sent -> Category:Deletion requests October 2026 | Fæ
2026-10-06 04:31:31,042 [INFO] Sent -> Wikidata:WikiProject Video games/Statistics/Rating/USK | InteGraalityBot
2026-10-06 04:31:31,149 [INFO] Sent -> Q141657017 | Rohini
2026-10-06 04:31:31,260 [INFO] Sent -> Q138804216 | Pudox
2026-10-06 04:31:31,368 [INFO] Sent -> 지적인 잡담 | ~2026-39342-97
2026-10-06 04:31:31,475 [INFO] Sent -> பயனர்:தலைவி | தலைவி
2026-10-06 04:31:31,586 [INFO] Sent -> File:Westland High School yearbook 1996 - DPLA - 4e23a67bf5a2276af487b0eba66bc6fd (page 11).jpg | Fæ
2026-10-06 04:31:31,693 [INFO] Sent -> Category:Deletion requests October 2026 | Fæ
2026-10-06 04:31:31,804 [INFO] Sent -> Q1765401 | Mrwdat3
2026-10-06 04:31:31,914 [INFO] Sent -> Category:Artworks without Wikidata item | Gzen92Bot
2026-10-06 04:31:32,023 [INFO] Sent -> Category:Models of tugboats | Globetrotter19
2026-10-06 04:31:32,133 [INFO] Sent -> Category:Deletion requests October 2026 | Fæ
2026-10-06 04:31:32,245 [INFO] Sent -> Category:PD France | Gzen92Bot
2026-10-06 04:31:32,355 [INFO] Sent -> lewisandinekê | JiyanBot
2026-10-06 04:31:32,465 [INFO] Sent -> Category:Manuscripts from Gallica (Bibliothèque nationale de France) uploaded by Gzen92Bot | Gzen92Bot
2026-10-06 04:31:32,573 [INFO] Sent -> Q3233801 | Kaletrosa~eswiki
2026-10-06 04:31:32,683 [INFO] Sent -> Category:Tian zhu sheng jiao ri ke. - btv1b90069149 | Gzen92Bot
2026-10-06 04:31:32,792 [INFO] Sent -> Category:Deletion requests October 2026 | Fæ
2026-10-06 04:31:32,902 [INFO] Sent -> File:Westland High School yearbook 1996 - DPLA - 4e23a67bf5a2276af487b0eba66bc6fd (page 105).jpg | Fæ
2026-10-06 04:31:33,013 [INFO] Sent -> Q14557020 | Mrwdat3
2026-10-06 04:31:33,134 [INFO] Sent -> పుట:ప్రతాపరుద్రీయమ్ (విద్యానాథ).pdf/348 | దేవీప్రసాదశాస్త్రి
2026-10-06 04:31:33,244 [INFO] Sent -> Category:Files with no machine-readable author | Gzen92Bot
2026-10-06 04:31:33,352 [INFO] Sent -> Autostrada A1 (România) | Andrei Stroe
2026-10-06 04:31:33,464 [INFO] Sent -> Q138805349 | Pudox
2026-10-06 04:31:33,584 [INFO] Sent -> Q97176257 | MsynBot
2026-10-06 04:31:33,691 [INFO] Sent -> File:Westland High School yearbook 1996 - DPLA - 4e23a67bf5a2276af487b0eba66bc6fd (page 116).jpg | Fæ
2026-10-06 04:31:33,799 [INFO] Sent -> Category:Deletion requests October 2026 | Fæ
2026-10-06 04:31:33,906 [INFO] Sent -> Category:Deletion requests October 2026 | Fæ
2026-10-06 04:31:34,017 [INFO] Sent -> Bernouil | Vikiçizer
2026-10-06 04:31:34,137 [INFO] Sent -> Q141657017 | Rohini
2026-10-06 04:31:34,246 [INFO] Sent -> Category:Deletion requests October 2026 | Fæ
2026-10-06 04:31:34,353 [INFO] Sent -> Q37335996 | Cewbot
2026-10-06 04:31:34,463 [INFO] Sent -> వర్గం:అచ్చుదిద్దబడని | దేవీప్రసాదశాస్త్రి
2026-10-06 04:31:34,574 [INFO] Sent -> Category:Deletion requests October 2026 | Fæ
2026-10-06 04:31:34,684 [INFO] Sent -> Vodnopólová extraliga mužov 2007/08 | InternetArchiveBot
2026-10-06 04:31:34,794 [INFO] Sent -> Q16606757 | Kristbaumbot
2026-10-06 04:31:34,903 [INFO] Sent -> File:Westland High School yearbook 1996 - DPLA - 4e23a67bf5a2276af487b0eba66bc6fd (page 12).jpg | Fæ
2026-10-06 04:31:35,016 [INFO] Sent -> Category:Deletion requests October 2026 | Fæ
2026-10-06 04:31:35,134 [INFO] Sent -> Category:Deletion requests October 2026 | Fæ
2026-10-06 04:31:35,242 [INFO] Sent -> Q141657017 | Rohini
2026-10-06 04:31:35,351 [INFO] Sent -> Audiogenic | Go D. Usopp
2026-10-06 04:31:35,461 [INFO] Sent -> Template:台灣排球 | 安狄
2026-10-06 04:31:35,570 [INFO] Sent -> Dyskusja:Inny punkt widzenia | MastiBot
2026-10-06 04:31:35,678 [INFO] Sent -> Q138804219 | Pudox
2026-10-06 04:31:35,788 [INFO] Sent -> Category:Deletion requests October 2026 | Fæ
2026-10-06 04:31:35,898 [INFO] Sent -> Canton de Sore | Montgallet
2026-10-06 04:31:36,008 [INFO] Sent -> Q730799 | Mrwdat3
2026-10-06 04:31:36,118 [INFO] Sent -> Utente:L'Ospite Inatteso/Sandbox/The Big Bang Theory Theme | L'Ospite Inatteso
2026-10-06 04:31:36,228 [INFO] Sent -> Q141657017 | Rohini
2026-10-06 04:31:36,337 [INFO] Sent -> Category:Deletion requests October 2026 | Fæ
2026-10-06 04:31:36,445 [INFO] Sent -> Barthélémy Kéré | SONGBOUDOU
2026-10-06 04:31:36,553 [INFO] Sent -> Béru | Vikiçizer
2026-10-06 04:31:36,669 [INFO] Sent -> File:Westland High School yearbook 1996 - DPLA - 4e23a67bf5a2276af487b0eba66bc6fd (page 113).jpg | Fæ
2026-10-06 04:31:36,787 [INFO] Sent -> File:Westland High School yearbook 1996 - DPLA - 4e23a67bf5a2276af487b0eba66bc6fd (page 121).jpg | Fæ
2026-10-06 04:31:36,895 [INFO] Sent -> File:Friedrichstadt Am Fürstenburgwall 7 2201.jpg | Z thomas
2026-10-06 04:31:37,282 [INFO] Sent -> File:Westland High School yearbook 1996 - DPLA - 4e23a67bf5a2276af487b0eba66bc6fd (page 119).jpg | Fæ
2026-10-06 04:31:37,415 [INFO] Sent -> Utilisateur:Konstantinos/Brouillon5 | Konstantinos
2026-10-06 04:31:37,542 [INFO] Sent -> Q646807 | ~2026-52563-05
2026-10-06 04:31:37,663 [INFO] Sent -> Q138805353 | Pudox
2026-10-06 04:31:37,775 [INFO] Sent -> File:Westland High School yearbook 1996 - DPLA - 4e23a67bf5a2276af487b0eba66bc6fd (page 127).jpg | Fæ
2026-10-06 04:31:37,895 [INFO] Sent -> Kategori:Türkiye'deki gurbetçi erkek futbolcular | İmmortalance
2026-10-06 04:31:38,023 [INFO] Sent -> Q141657017 | Rohini
2026-10-06 04:31:38,154 [INFO] Sent -> Q138804222 | Pudox
2026-10-06 04:31:38,284 [INFO] Sent -> Kategori:Türkiye'deki gurbetçi futbolcular | İmmortalance
2026-10-06 04:31:38,409 [INFO] Sent -> File:Westland High School yearbook 1996 - DPLA - 4e23a67bf5a2276af487b0eba66bc6fd (page 128).jpg | Fæ
2026-10-06 04:31:38,534 [INFO] Sent -> Category:Deletion requests October 2026 | Fæ
2026-10-06 04:31:38,671 [INFO] Sent -> Q14699101 | Mrwdat3
2026-10-06 04:31:38,802 [INFO] Sent -> Center for Strategic and International Studies | Perlimplim
2026-10-06 04:31:38,920 [INFO] Sent -> Category:Deletion requests October 2026 | Fæ
2026-10-06 04:31:39,031 [INFO] Sent -> Q141657017 | Rohini
2026-10-06 04:31:39,140 [INFO] Sent -> Center for Strategic and International Studies | Perlimplim
2026-10-06 04:31:39,249 [INFO] Sent -> Q138805355 | Pudox
2026-10-06 04:31:39,359 [INFO] Sent -> File:Westland High School yearbook 1996 - DPLA - 4e23a67bf5a2276af487b0eba66bc6fd (page 133).jpg | Fæ
2026-10-06 04:31:39,467 [INFO] Sent -> File:Gdańsk ulica Sieroca 6 (tablice 2 i 3).JPG | Rkieferbot
2026-10-06 04:31:39,575 [INFO] Sent -> File:Westland High School yearbook 1996 - DPLA - 4e23a67bf5a2276af487b0eba66bc6fd (page 134).jpg | Fæ
2026-10-06 04:31:39,684 [INFO] Sent -> Category:Short description is different from Wikidata | Go D. Usopp
2026-10-06 04:31:39,793 [INFO] Sent -> Category:Short description matches Wikidata | Go D. Usopp
2026-10-06 04:31:39,913 [INFO] Sent -> Category:Deletion requests October 2026 | Fæ
2026-10-06 04:31:40,036 [INFO] Sent -> ויקיפדיה:בקשות ממפעילים | שיפוץ-ניק
2026-10-06 04:31:40,147 [INFO] Sent -> Category:Wohn- und Geschäftshäuser Am Fürstenburgwall (Friedrichstadt) | Z thomas
2026-10-06 04:31:40,260 [INFO] Sent -> Category:Deletion requests October 2026 | Fæ
2026-10-06 04:31:40,381 [INFO] Progress: 1500 sent, 0 skipped.
2026-10-06 04:31:40,489 [INFO] Sent -> Q138804224 | Pudox
2026-10-06 04:31:40,598 [INFO] Sent -> Q141657017 | Rohini
2026-10-06 04:31:40,707 [INFO] Sent -> Category:Deletion requests October 2026 | Fæ
2026-10-06 04:31:40,832 [INFO] Sent -> File:Westland High School yearbook 1996 - DPLA - 4e23a67bf5a2276af487b0eba66bc6fd (page 125).jpg | Fæ
2026-10-06 04:31:40,939 [INFO] Sent -> Category:Deletion requests October 2026 | Fæ
2026-10-06 04:31:41,063 [INFO] Sent -> Q14429385 | Mrwdat3
2026-10-06 04:31:41,173 [INFO] Sent -> File:Westland High School yearbook 1996 - DPLA - 4e23a67bf5a2276af487b0eba66bc6fd (page 124).jpg | Fæ
2026-10-06 04:31:41,281 [INFO] Sent -> Nightlife (1989) | Phzh
2026-10-06 04:31:41,393 [INFO] Sent -> Bessy-sur-Cure | Vikiçizer
2026-10-06 04:31:41,514 [INFO] Sent -> روبرت برايس | InternetArchiveBot
2026-10-06 04:31:41,624 [INFO] Sent -> File:Westland High School yearbook 1996 - DPLA - 4e23a67bf5a2276af487b0eba66bc6fd (page 126).jpg | Fæ
2026-10-06 04:31:41,732 [INFO] Sent -> Category:Deletion requests October 2026 | Fæ
2026-10-06 04:31:41,841 [INFO] Sent -> File:Westland High School yearbook 1996 - DPLA - 4e23a67bf5a2276af487b0eba66bc6fd (page 136).jpg | Fæ
2026-10-06 04:31:41,956 [INFO] Sent -> Category:Deletion requests October 2026 | Fæ
2026-10-06 04:31:42,081 [INFO] Sent -> File:Westland High School yearbook 1996 - DPLA - 4e23a67bf5a2276af487b0eba66bc6fd (page 131).jpg | Fæ
2026-10-06 04:31:42,210 [INFO] Sent -> Комплекс зданий Мещанского общества (Санкт-Петербург, набережная реки Фонтанки, 86–88) | Abafanasev
2026-10-06 04:31:42,327 [INFO] Sent -> Q116390445 | DERDAKI ILIAS
2026-10-06 04:31:42,439 [INFO] Sent -> Le Brave Soldat Chvéïk (film, 1955) | Nore11
2026-10-06 04:31:42,547 [INFO] Sent -> Bibliography of George W. Bush | D11JKS128132
2026-10-06 04:31:42,658 [INFO] Sent -> Q116395668 | DERDAKI ILIAS
2026-10-06 04:31:42,767 [INFO] Sent -> Q138804227 | Pudox
2026-10-06 04:31:42,878 [INFO] Sent -> Q2388133 | Mrwdat3
2026-10-06 04:31:42,988 [INFO] Sent -> Tonino Lamborghini (rokok) | Takutniancik
2026-10-06 04:31:43,097 [INFO] Sent -> Q27190022 | Nabbot
2026-10-06 04:31:43,207 [INFO] Sent -> Category:2025 in Prefectural Office Station | Adeletron 3030
2026-10-06 04:31:43,317 [INFO] Sent -> Category:Deletion requests October 2026 | Fæ
2026-10-06 04:31:43,426 [INFO] Sent -> File:Westland High School yearbook 1996 - DPLA - 4e23a67bf5a2276af487b0eba66bc6fd (page 139).jpg | Fæ
2026-10-06 04:31:43,537 [INFO] Sent -> File:Westland High School yearbook 1996 - DPLA - 4e23a67bf5a2276af487b0eba66bc6fd (page 140).jpg | Fæ
2026-10-06 04:31:43,646 [INFO] Sent -> Beugnon | Vikiçizer
2026-10-06 04:31:43,756 [INFO] Sent -> File:Westland High School yearbook 1996 - DPLA - 4e23a67bf5a2276af487b0eba66bc6fd (page 137).jpg | Fæ
2026-10-06 04:31:43,863 [INFO] Sent -> Category:Deletion requests October 2026 | Fæ
2026-10-06 04:31:43,974 [INFO] Sent -> Category:Deletion requests October 2026 | Fæ
2026-10-06 04:31:44,087 [INFO] Sent -> Q4405446 | Mrwdat3
2026-10-06 04:31:44,196 [INFO] Sent -> Q100805636 | HanTsî
2026-10-06 04:31:44,305 [INFO] Sent -> Q138804228 | Pudox
2026-10-06 04:31:44,414 [INFO] Sent -> Z44478 | 鈴音雨
2026-10-06 04:31:44,526 [INFO] Sent -> File:Westland High School yearbook 1996 - DPLA - 4e23a67bf5a2276af487b0eba66bc6fd (page 14).jpg | Fæ
2026-10-06 04:31:44,636 [INFO] Sent -> Hameur Bouazza | İmmortalance
2026-10-06 04:31:44,744 [INFO] Sent -> Բզեզ (քանդակ) | 23artashes
2026-10-06 04:31:44,854 [INFO] Sent -> File:Westland High School yearbook 1996 - DPLA - 4e23a67bf5a2276af487b0eba66bc6fd (page 142).jpg | Fæ
2026-10-06 04:31:44,964 [INFO] Sent -> File:Westland High School yearbook 1996 - DPLA - 4e23a67bf5a2276af487b0eba66bc6fd (page 141).jpg | Fæ
2026-10-06 04:31:45,075 [INFO] Sent -> Category:2025 in Kumoji, Okinawa prefecture | Adeletron 3030
2026-10-06 04:31:45,182 [INFO] Sent -> Category:2025 in Okinawa prefecture | Adeletron 3030
2026-10-06 04:31:45,294 [INFO] Sent -> Coppa del mondo di tennistavolo | CheckWikiBOT
2026-10-06 04:31:45,415 [INFO] Sent -> User talk:Pickersgill-Cunliffe | Pickersgill-Cunliffe
2026-10-06 04:31:45,525 [INFO] Sent -> Q124721649 | Mrwdat3
2026-10-06 04:31:45,634 [INFO] Sent -> Category:Deletion requests October 2026 | Fæ
2026-10-06 04:31:45,742 [INFO] Sent -> User:AHbot/WLM-2026 UA/images/1 | AHbot
2026-10-06 04:31:45,852 [INFO] Sent -> Category:Deletion requests October 2026 | Fæ
2026-10-06 04:31:45,964 [INFO] Sent -> File:Westland High School yearbook 1996 - DPLA - 4e23a67bf5a2276af487b0eba66bc6fd (page 138).jpg | Fæ
2026-10-06 04:31:46,072 [INFO] Sent -> Q25633487 | باسم
2026-10-06 04:31:46,181 [INFO] Sent -> File:Westland High School yearbook 1996 - DPLA - 4e23a67bf5a2276af487b0eba66bc6fd (page 143).jpg | Fæ
2026-10-06 04:31:46,290 [INFO] Sent -> Category:Deletion requests October 2026 | Fæ
2026-10-06 04:31:46,400 [INFO] Sent -> Category:Deletion requests October 2026 | Fæ
2026-10-06 04:31:46,510 [INFO] Sent -> Category:Deletion requests October 2026 | Fæ
2026-10-06 04:31:46,619 [INFO] Sent -> Category:Deletion requests October 2026 | Fæ
2026-10-06 04:31:46,728 [INFO] Sent -> Կատեգորիա:CS1 ամերիկյան անգլերեն աղբյուրներով էջեր (en-us) | 23artashes
2026-10-06 04:31:46,836 [INFO] Sent -> File:Westland High School yearbook 1996 - DPLA - 4e23a67bf5a2276af487b0eba66bc6fd (page 146).jpg | Fæ
2026-10-06 04:31:46,943 [INFO] Sent -> Կատեգորիա:CS1 չեխերեն աղբյուրներով էջեր (cs) | 23artashes
2026-10-06 04:31:47,053 [INFO] Sent -> Category:Deletion requests October 2026 | Fæ
2026-10-06 04:31:47,161 [INFO] Sent -> Կատեգորիա:CS1 անգլերեն աղբյուրներով էջեր (en) | 23artashes
2026-10-06 04:31:47,268 [INFO] Sent -> Կատեգորիա:Articles which use infobox templates with no data rows | 23artashes
2026-10-06 04:31:47,377 [INFO] Sent -> Կատեգորիա:Հուշարձաններ այբբենական կարգով | 23artashes
2026-10-06 04:31:47,485 [INFO] Sent -> Hamid Kaviyanpur | İmmortalance
2026-10-06 04:31:47,594 [INFO] Sent -> Kategori:Türkiye'deki gurbetçi erkek futbolcular | İmmortalance
2026-10-06 04:31:47,705 [INFO] Sent -> Rupert Lowe | Kind Tennis Fan
2026-10-06 04:31:47,814 [INFO] Sent -> Kategori:Türkiye'deki gurbetçi futbolcular | İmmortalance
2026-10-06 04:31:47,925 [INFO] Sent -> File:Westland High School yearbook 1996 - DPLA - 4e23a67bf5a2276af487b0eba66bc6fd (page 148).jpg | Fæ
2026-10-06 04:31:48,034 [INFO] Sent -> Q138804230 | Pudox
2026-10-06 04:31:48,142 [INFO] Sent -> Category:Deletion requests October 2026 | Fæ
2026-10-06 04:31:48,256 [INFO] Sent -> Q138805356 | Pudox
2026-10-06 04:31:48,383 [INFO] Sent -> Q10621450 | Mrwdat3
2026-10-06 04:31:48,497 [INFO] Sent -> File:Westland High School yearbook 1996 - DPLA - 4e23a67bf5a2276af487b0eba66bc6fd (page 150).jpg | Fæ
2026-10-06 04:31:48,621 [INFO] Sent -> Souleymanou Hamidou | İmmortalance
2026-10-06 04:31:48,741 [INFO] Sent -> File:Westland High School yearbook 1996 - DPLA - 4e23a67bf5a2276af487b0eba66bc6fd (page 15).jpg | Fæ
2026-10-06 04:31:48,848 [INFO] Sent -> File:Westland High School yearbook 1996 - DPLA - 4e23a67bf5a2276af487b0eba66bc6fd (page 144).jpg | Fæ
2026-10-06 04:31:48,959 [INFO] Sent -> Q138804232 | Pudox
2026-10-06 04:31:49,069 [INFO] Sent -> Category:Deletion requests October 2026 | Fæ
2026-10-06 04:31:49,177 [INFO] Sent -> Amulet (comics) | ~2026-53651-91
2026-10-06 04:31:49,286 [INFO] Sent -> Category:Deletion requests October 2026 | Fæ
2026-10-06 04:31:49,397 [INFO] Sent -> Category:Deletion requests October 2026 | Fæ
2026-10-06 04:31:49,505 [INFO] Sent -> Dyskusja:Inny punkt widzenia | MastiBot
2026-10-06 04:31:49,615 [INFO] Sent -> USS Carbonero | SmartyPants22
2026-10-06 04:31:49,723 [INFO] Sent -> 秋村謙宏 | たいきん
2026-10-06 04:31:49,833 [INFO] Sent -> File:Westland High School yearbook 1996 - DPLA - 4e23a67bf5a2276af487b0eba66bc6fd (page 145).jpg | Fæ
2026-10-06 04:31:49,943 [INFO] Sent -> File:Westland High School yearbook 1996 - DPLA - 4e23a67bf5a2276af487b0eba66bc6fd (page 153).jpg | Fæ
2026-10-06 04:31:50,050 [INFO] Sent -> Q955186 | Mrwdat3
2026-10-06 04:31:50,158 [INFO] Sent -> Kategori:Türkiye'deki gurbetçi erkek futbolcular | İmmortalance
2026-10-06 04:31:50,267 [INFO] Sent -> File:Château Frontenac National Historic Site of Canada-2.JPG | Rkieferbot
2026-10-06 04:31:50,378 [INFO] Sent -> Kategori:Türkiye'deki gurbetçi futbolcular | İmmortalance
2026-10-06 04:31:50,500 [INFO] Sent -> Q138805360 | Pudox
2026-10-06 04:31:50,614 [INFO] Sent -> Bierry-les-Belles-Fontaines | Vikiçizer
2026-10-06 04:31:50,733 [INFO] Sent -> კატეგორია:სამკუთხედის ქვეჯგუფი | Surprizi
2026-10-06 04:31:50,843 [INFO] Sent -> Category:Deletion requests October 2026 | Fæ
2026-10-06 04:31:50,952 [INFO] Sent -> Category:Deletion requests October 2026 | Fæ
2026-10-06 04:31:51,064 [INFO] Sent -> Q138804235 | Pudox
2026-10-06 04:31:51,174 [INFO] Sent -> Category:Deletion requests October 2026 | Fæ
2026-10-06 04:31:51,282 [INFO] Sent -> File:Hyundai Avante 2.0 Inspiration CN8 Raptor Gray Matte (35).jpg | Damian B Oh
2026-10-06 04:31:51,393 [INFO] Sent -> File:Hyundai Avante 2.0 Inspiration CN8 Raptor Gray Matte (34).jpg | Damian B Oh
2026-10-06 04:31:51,503 [INFO] Progress: 1600 sent, 0 skipped.
2026-10-06 04:31:51,611 [INFO] Sent -> File:Westland High School yearbook 1996 - DPLA - 4e23a67bf5a2276af487b0eba66bc6fd (page 159).jpg | Fæ
2026-10-06 04:31:51,718 [INFO] Sent -> User:Ahonc/WLM-2026 UA/images/1 | AHbot
2026-10-06 04:31:51,828 [INFO] Sent -> File:Hyundai Avante 2.0 Inspiration CN8 Raptor Gray Matte (34).jpg | Damian B Oh
2026-10-06 04:31:51,939 [INFO] Sent -> File:Hyundai Avante 2.0 Inspiration CN8 Raptor Gray Matte (35).jpg | Damian B Oh
2026-10-06 04:31:52,293 [INFO] Sent -> Category:Järva cykelled 29 | Salgo60
2026-10-06 04:31:52,410 [INFO] Sent -> File:Westland High School yearbook 1996 - DPLA - 4e23a67bf5a2276af487b0eba66bc6fd (page 149).jpg | Fæ
2026-10-06 04:31:52,534 [INFO] Sent -> Kategori:Türkiye'deki gurbetçi erkek futbolcular | İmmortalance
2026-10-06 04:31:52,646 [INFO] Sent -> Kategori:Türkiye'deki gurbetçi futbolcular | İmmortalance
2026-10-06 04:31:52,755 [INFO] Sent -> Q2758204 | Mrwdat3
2026-10-06 04:31:52,864 [INFO] Sent -> Q138805365 | Pudox
2026-10-06 04:31:52,986 [INFO] Sent -> Category:Deletion requests October 2026 | Fæ
2026-10-06 04:31:53,099 [INFO] Sent -> კატეგორია:ადგილობრივი ჯგუფი | Surprizi
2026-10-06 04:31:53,219 [INFO] Sent -> File:Westland High School yearbook 1996 - DPLA - 4e23a67bf5a2276af487b0eba66bc6fd (page 162).jpg | Fæ
2026-10-06 04:31:53,346 [INFO] Sent -> Category:Deletion requests October 2026 | Fæ
2026-10-06 04:31:53,467 [INFO] Sent -> Category:Deletion requests October 2026 | Fæ
2026-10-06 04:31:53,590 [INFO] Sent -> File:Westland High School yearbook 1996 - DPLA - 4e23a67bf5a2276af487b0eba66bc6fd (page 132).jpg | Fæ
2026-10-06 04:31:53,715 [INFO] Sent -> File:Westland High School yearbook 1996 - DPLA - 4e23a67bf5a2276af487b0eba66bc6fd (page 160).jpg | Fæ
2026-10-06 04:31:53,824 [INFO] Sent -> Category:Creative Commons Attribution-Share Alike missing SDC copyright status | Damian B Oh
2026-10-06 04:31:53,932 [INFO] Sent -> روبرت برايس (اقتصادي) | InternetArchiveBot
2026-10-06 04:31:54,043 [INFO] Sent -> Category:CC-BY-SA-4.0 | Damian B Oh
2026-10-06 04:31:54,164 [INFO] Sent -> Category:Creative Commons Attribution-Share Alike missing SDC copyright status | Damian B Oh
2026-10-06 04:31:54,274 [INFO] Sent -> Category:Creative Commons Attribution-Share Alike 4.0 missing SDC copyright license | Damian B Oh
2026-10-06 04:31:54,386 [INFO] Sent -> Category:CC-BY-SA-4.0 | Damian B Oh
2026-10-06 04:31:54,507 [INFO] Sent -> Q138804238 | Pudox
2026-10-06 04:31:54,617 [INFO] Sent -> Category:Creative Commons Attribution-Share Alike 4.0 missing SDC copyright license | Damian B Oh
2026-10-06 04:31:54,725 [INFO] Sent -> File:Westland High School yearbook 1996 - DPLA - 4e23a67bf5a2276af487b0eba66bc6fd (page 163).jpg | Fæ
2026-10-06 04:31:54,838 [INFO] Sent -> Category:Self-published work | Damian B Oh
2026-10-06 04:31:54,959 [INFO] Sent -> Category:Self-published work | Damian B Oh
2026-10-06 04:31:55,075 [INFO] Sent -> Category:Self-published work missing SDC copyright license | Damian B Oh
2026-10-06 04:31:55,194 [INFO] Sent -> Q138805367 | Pudox
2026-10-06 04:31:55,304 [INFO] Sent -> Category:Self-published work missing SDC copyright license | Damian B Oh
2026-10-06 04:31:55,414 [INFO] Sent -> Template:PRC admin/data/11/01/13/002/035 | Hamish-bot
2026-10-06 04:31:55,524 [INFO] Sent -> Category:Hyundai Avante (CN8) | Damian B Oh
2026-10-06 04:31:55,633 [INFO] Sent -> Category:Deletion requests October 2026 | Fæ
2026-10-06 04:31:55,750 [INFO] Sent -> Category:Hyundai Avante (CN8) | Damian B Oh
2026-10-06 04:31:55,865 [INFO] Sent -> Category:Gray Hyundai sedans | Damian B Oh
2026-10-06 04:31:55,974 [INFO] Sent -> Category:Gray Hyundai sedans | Damian B Oh
2026-10-06 04:31:56,085 [INFO] Sent -> Wake of the Flood | Mandorake
2026-10-06 04:31:56,193 [INFO] Sent -> Wikipedia:Pagine da cancellare/Festa dei popoli padani | .mau.
2026-10-06 04:31:56,300 [INFO] Sent -> Q2788458 | Mrwdat3
2026-10-06 04:31:56,411 [INFO] Sent -> 恆安國際 | Huandy618
2026-10-06 04:31:56,522 [INFO] Sent -> File:Hyundai Avante 2.0 Inspiration CN8 Raptor Gray Matte (33).jpg | Damian B Oh
2026-10-06 04:31:56,633 [INFO] Sent -> Hans Somers | İmmortalance
2026-10-06 04:31:56,743 [INFO] Sent -> Category:Deletion requests October 2026 | Fæ
2026-10-06 04:31:56,854 [INFO] Sent -> Nitin Wasudeo Sambre | Junbeesh
2026-10-06 04:31:56,961 [INFO] Sent -> File:Hyundai Avante 2.0 Inspiration CN8 Raptor Gray Matte (33).jpg | Damian B Oh
2026-10-06 04:31:57,069 [INFO] Sent -> ထာမ်ပလိက်:vro-decl-stems/documentation | Intobesa.bot
2026-10-06 04:31:57,178 [INFO] Sent -> Diskuse s wikipedistou:Duchoň Emil Frey | Duchoň Emil Frey
2026-10-06 04:31:57,288 [INFO] Sent -> Q138805368 | Pudox
2026-10-06 04:31:57,398 [INFO] Sent -> Blacy, Yonne | Vikiçizer
2026-10-06 04:31:57,511 [INFO] Sent -> Category:Deletion requests October 2026 | Fæ
2026-10-06 04:31:57,619 [INFO] Sent -> Q138804240 | Pudox
2026-10-06 04:31:57,727 [INFO] Sent -> Category:Deletion requests October 2026 | Fæ
2026-10-06 04:31:57,836 [INFO] Sent -> Categoria:Álbuns de 1973 | Mandorake
2026-10-06 04:31:57,945 [INFO] Sent -> Nitin Wasudeo Sambre | Junbeesh
2026-10-06 04:31:58,055 [INFO] Sent -> File:Westland High School yearbook 1996 - DPLA - 4e23a67bf5a2276af487b0eba66bc6fd (page 168).jpg | Fæ
2026-10-06 04:31:58,165 [INFO] Sent -> Q5525736 | Mrwdat3
2026-10-06 04:31:58,294 [INFO] Sent -> Category:Creative Commons Attribution-Share Alike missing SDC copyright status | Damian B Oh
2026-10-06 04:31:58,413 [INFO] Sent -> File:Westland High School yearbook 1996 - DPLA - 4e23a67bf5a2276af487b0eba66bc6fd (page 16).jpg | Fæ
2026-10-06 04:31:58,521 [INFO] Sent -> Category:Deletion requests October 2026 | Fæ
2026-10-06 04:31:58,628 [INFO] Sent -> File:Westland High School yearbook 1996 - DPLA - 4e23a67bf5a2276af487b0eba66bc6fd (page 166).jpg | Fæ
2026-10-06 04:31:58,739 [INFO] Sent -> Category:CC-BY-SA-4.0 | Damian B Oh
2026-10-06 04:31:58,846 [INFO] Sent -> Category:Creative Commons Attribution-Share Alike 4.0 missing SDC copyright license | Damian B Oh
2026-10-06 04:31:58,956 [INFO] Sent -> ကဏ္ဍ:မုက်လိက်သောဲသောဲမဆေၚ်စပ်ကဵုလိက်စၟတ်သမ္တီမချူပတိုန်လဝ်မဇ္ဇျဟ်ထောံဂမၠိုၚ် | Intobesa.bot
2026-10-06 04:31:59,064 [INFO] Sent -> Category:因历史原因保留的已停用模板 | Hamish-bot
2026-10-06 04:31:59,172 [INFO] Sent -> Category:Self-published work | Damian B Oh
2026-10-06 04:31:59,280 [INFO] Sent -> Dyskusja:Inny punkt widzenia | MastiBot
2026-10-06 04:31:59,390 [INFO] Sent -> Category:Self-published work missing SDC copyright license | Damian B Oh
2026-10-06 04:31:59,497 [INFO] Sent -> Category:Hyundai Avante (CN8) | Damian B Oh
2026-10-06 04:31:59,605 [INFO] Sent -> Category:Gray Hyundai sedans | Damian B Oh
2026-10-06 04:31:59,716 [INFO] Sent -> File:Westland High School yearbook 1996 - DPLA - 4e23a67bf5a2276af487b0eba66bc6fd (page 165).jpg | Fæ
2026-10-06 04:31:59,825 [INFO] Sent -> Category:Deletion requests October 2026 | Fæ
2026-10-06 04:31:59,943 [INFO] Sent -> Q138805370 | Pudox
2026-10-06 04:32:00,057 [INFO] Sent -> Q138804245 | Pudox
2026-10-06 04:32:00,167 [INFO] Sent -> File:Westland High School yearbook 1996 - DPLA - 4e23a67bf5a2276af487b0eba66bc6fd (page 169).jpg | Fæ
2026-10-06 04:32:00,278 [INFO] Sent -> Category:Deletion requests October 2026 | Fæ
2026-10-06 04:32:00,384 [INFO] Sent -> Kategori:Türkiye'deki gurbetçi erkek futbolcular | İmmortalance
2026-10-06 04:32:00,491 [INFO] Sent -> Kategori:Türkiye'deki gurbetçi futbolcular | İmmortalance
2026-10-06 04:32:00,601 [INFO] Sent -> File:Westland High School yearbook 1996 - DPLA - 4e23a67bf5a2276af487b0eba66bc6fd (page 164).jpg | Fæ
2026-10-06 04:32:00,723 [INFO] Sent -> Subhankara Thakura | Sntshkumar750
2026-10-06 04:32:00,832 [INFO] Sent -> Camille Dolard | CodexBot2
2026-10-06 04:32:00,945 [INFO] Sent -> Brokind | SchlurcherBot
2026-10-06 04:32:01,062 [INFO] Sent -> Category:Naval ships commissioned in 1945 | SmartyPants22
2026-10-06 04:32:01,171 [INFO] Sent -> File:Westland High School yearbook 1996 - DPLA - 4e23a67bf5a2276af487b0eba66bc6fd (page 167).jpg | Fæ
2026-10-06 04:32:01,281 [INFO] Sent -> Category:Naval ships decommissioned in 1970 | SmartyPants22
2026-10-06 04:32:01,388 [INFO] Sent -> Category:Deletion requests October 2026 | Fæ
2026-10-06 04:32:01,495 [INFO] Sent -> Me, Myself and Her | Bohemian Baltimore
2026-10-06 04:32:01,604 [INFO] Sent -> Q14121047 | Mrwdat3
2026-10-06 04:32:01,715 [INFO] Sent -> File:Westland High School yearbook 1996 - DPLA - 4e23a67bf5a2276af487b0eba66bc6fd (page 172).jpg | Fæ
2026-10-06 04:32:01,824 [INFO] Sent -> File:Château Frontenac National Historic Site of Canada-1.JPG | Rkieferbot
2026-10-06 04:32:01,935 [INFO] Sent -> Blannay | Vikiçizer
2026-10-06 04:32:02,044 [INFO] Sent -> Category:Deletion requests October 2026 | Fæ
2026-10-06 04:32:02,154 [INFO] Sent -> Q138805371 | Pudox
2026-10-06 04:32:02,265 [INFO] Sent -> Sjabloon:Hoofdpagina - recent overleden | Ziqo
2026-10-06 04:32:02,375 [INFO] Sent -> Un chant de Noël (film, 2001) | ~2026-42133-96
2026-10-06 04:32:02,484 [INFO] Sent -> erbgħa u ħamsin | Bot-Jagwar
2026-10-06 04:32:02,593 [INFO] Sent -> Q97178318 | MsynBot
2026-10-06 04:32:02,704 [INFO] Sent -> File:Westland High School yearbook 1996 - DPLA - 4e23a67bf5a2276af487b0eba66bc6fd (page 174).jpg | Fæ
2026-10-06 04:32:02,812 [INFO] Sent -> Christopher von Deylen | Winkekatze
2026-10-06 04:32:02,923 [INFO] Progress: 1700 sent, 0 skipped.
2026-10-06 04:32:03,036 [INFO] Sent -> File:Westland High School yearbook 1996 - DPLA - 4e23a67bf5a2276af487b0eba66bc6fd (page 170).jpg | Fæ
2026-10-06 04:32:03,145 [INFO] Sent -> Category:Indian royalty | Sntshkumar750
2026-10-06 04:32:03,256 [INFO] Sent -> Category:Deletion requests October 2026 | Fæ
2026-10-06 04:32:03,365 [INFO] Sent -> Category:Deletion requests October 2026 | Fæ
2026-10-06 04:32:03,476 [INFO] Sent -> பக்கம்:சமயச் சொல்லகராதி.pdf/363 | SENTHAMIZHSELVI A
2026-10-06 04:32:03,584 [INFO] Sent -> Category:Deletion requests October 2026 | Fæ
2026-10-06 04:32:03,692 [INFO] Sent -> Sokajy:maltey | Bot-Jagwar
2026-10-06 04:32:03,801 [INFO] Sent -> Bleigny-le-Carreau | Vikiçizer
2026-10-06 04:32:03,911 [INFO] Sent -> Sokajy:Isa amin'ny teny maltey | Bot-Jagwar
2026-10-06 04:32:04,021 [INFO] Sent -> Sokajy:Maltese terms with IPA pronunciation | Bot-Jagwar
2026-10-06 04:32:04,131 [INFO] Sent -> Q2519151 | Mrwdat3
2026-10-06 04:32:04,240 [INFO] Sent -> File:Westland High School yearbook 1996 - DPLA - 4e23a67bf5a2276af487b0eba66bc6fd (page 17).jpg | Fæ
2026-10-06 04:32:04,351 [INFO] Sent -> Sokajy:Pejy avy any amin'ny wikibolana anglisy | Bot-Jagwar
2026-10-06 04:32:04,461 [INFO] Sent -> File:Westland High School yearbook 1996 - DPLA - 4e23a67bf5a2276af487b0eba66bc6fd (page 175).jpg | Fæ
2026-10-06 04:32:04,572 [INFO] Sent -> Pt | Lord Leliwa
2026-10-06 04:32:04,680 [INFO] Sent -> Category:Bisexuality-related romantic comedy-drama films | Bohemian Baltimore
2026-10-06 04:32:04,790 [INFO] Sent -> Category:Lesbian-related romantic comedy-drama films | Bohemian Baltimore
2026-10-06 04:32:04,898 [INFO] Sent -> Кало, Фрида | Avner
2026-10-06 04:32:05,007 [INFO] Sent -> பகுப்பு:மெய்ப்பு பார்க்கப்படாதவை | SENTHAMIZHSELVI A
2026-10-06 04:32:05,115 [INFO] Sent -> Category:LGBTQ-related romantic comedy-drama films | Bohemian Baltimore
2026-10-06 04:32:05,224 [INFO] Sent -> Q138805372 | Pudox
2026-10-06 04:32:05,335 [INFO] Sent -> File:ISS074-E-573280 - View of South Africa.jpg | OptimusPrimeBot
2026-10-06 04:32:05,444 [INFO] Sent -> File:Westland High School yearbook 1996 - DPLA - 4e23a67bf5a2276af487b0eba66bc6fd (page 177).jpg | Fæ
2026-10-06 04:32:05,554 [INFO] Sent -> Category:Deletion requests October 2026 | Fæ
2026-10-06 04:32:05,663 [INFO] Sent -> Category:Deletion requests October 2026 | Fæ
2026-10-06 04:32:05,771 [INFO] Sent -> Allouagne | Ltqphg
2026-10-06 04:32:05,882 [INFO] Sent -> Q13857539 | Mrwdat3
2026-10-06 04:32:05,992 [INFO] Sent -> Kategorie:Wikipedia:Defekte Weblinks/Ungeprüfte Archivlinks 2019-08 | Winkekatze
2026-10-06 04:32:06,101 [INFO] Sent -> Category:Deletion requests October 2026 | Fæ
2026-10-06 04:32:06,221 [INFO] Sent -> Q116390446 | DERDAKI ILIAS
2026-10-06 04:32:06,336 [INFO] Sent -> Q116395669 | DERDAKI ILIAS
2026-10-06 04:32:06,447 [INFO] Sent -> Q141657013 | Rémih
2026-10-06 04:32:06,556 [INFO] Sent -> Pyöräily | Jesper Vire
2026-10-06 04:32:06,666 [INFO] Sent -> Q21667565 | Rebot
2026-10-06 04:32:06,775 [INFO] Sent -> Robert d'Orléans (1840-1910) | MaxGERM
2026-10-06 04:32:06,888 [INFO] Sent -> William Verity Jr. | ~2026-53843-99
2026-10-06 04:32:07,013 [INFO] Sent -> Q138805373 | Pudox
2026-10-06 04:32:07,334 [INFO] Sent -> Category:Deletion requests October 2026 | Fæ
2026-10-06 04:32:07,465 [INFO] Sent -> Category:ISS photographs taken on 2026-05-03 | OptimusPrimeBot
2026-10-06 04:32:07,590 [INFO] Sent -> Category:Taken on missing SDC inception | OptimusPrimeBot
2026-10-06 04:32:07,715 [INFO] Sent -> Kurs:Singularitätentheorie (Osnabrück 2026-2027)/Varietät/Diagonale/Abgeschlossene Einbettung/Fakt/Beweis/Aufgabe/Aufgabereferenznummer | Arbota
2026-10-06 04:32:07,843 [INFO] Sent -> Category:Images from the Earth Science and Remote Sensing Unit, Lyndon B. Johnson Space Center | OptimusPrimeBot
2026-10-06 04:32:07,961 [INFO] Sent -> Category:Pages with local object coordinates and missing SDC coordinates | OptimusPrimeBot
2026-10-06 04:32:08,080 [INFO] Sent -> Category:Deletion requests October 2026 | Fæ
2026-10-06 04:32:08,194 [INFO] Sent -> Ebolavirus | Iztwoz
2026-10-06 04:32:08,392 [INFO] Sent -> Category:Files with coordinates missing SDC location of creation | OptimusPrimeBot
2026-10-06 04:32:08,556 [INFO] Sent -> Category:PD NASA | OptimusPrimeBot
2026-10-06 04:32:08,683 [INFO] Sent -> Category:PD-USGov missing SDC copyright status | OptimusPrimeBot
2026-10-06 04:32:08,800 [INFO] Sent -> Category:ISS Expedition 74 Crew Earth Observations (dump) | OptimusPrimeBot
2026-10-06 04:32:08,947 [INFO] Sent -> Category:Deletion requests October 2026 | Fæ
2026-10-06 04:32:09,062 [INFO] Sent -> File:Westland High School yearbook 1996 - DPLA - 4e23a67bf5a2276af487b0eba66bc6fd (page 171).jpg | Fæ
2026-10-06 04:32:09,183 [INFO] Sent -> Category:NASA GAPE files uploaded by OptimusPrimeBot | OptimusPrimeBot
2026-10-06 04:32:09,293 [INFO] Sent -> Category:Photos of South Africa by ISS Expedition 74 Crew Earth Observations | OptimusPrimeBot
2026-10-06 04:32:09,405 [INFO] Sent -> File:Westland High School yearbook 1996 - DPLA - 4e23a67bf5a2276af487b0eba66bc6fd (page 179).jpg | Fæ
2026-10-06 04:32:09,526 [INFO] Sent -> Category:Taken with Nikon Z 9 | OptimusPrimeBot
2026-10-06 04:32:09,637 [INFO] Sent -> Q5970793 | Aleks-ger
2026-10-06 04:32:09,745 [INFO] Sent -> Kategorie:Kurs:Singularitätentheorie (Osnabrück 2026-2027)/Referenznummer | Arbota
2026-10-06 04:32:09,855 [INFO] Sent -> File:Westland High School yearbook 1996 - DPLA - 4e23a67bf5a2276af487b0eba66bc6fd (page 176).jpg | Fæ
2026-10-06 04:32:09,964 [INFO] Sent -> Q7201429 | Mrwdat3
2026-10-06 04:32:10,087 [INFO] Sent -> Q138805375 | Pudox
2026-10-06 04:32:10,211 [INFO] Sent -> Category:Deletion requests October 2026 | Fæ
2026-10-06 04:32:10,333 [INFO] Sent -> Q100805636 | HanTsî
2026-10-06 04:32:10,445 [INFO] Sent -> File:Westland High School yearbook 1996 - DPLA - 4e23a67bf5a2276af487b0eba66bc6fd (page 180).jpg | Fæ
2026-10-06 04:32:10,553 [INFO] Sent -> ویکی‌پدیا:نظرخواهی برای حذف/آقای متشکرم - «Mr. Thank You» | WolfCapitan
2026-10-06 04:32:10,662 [INFO] Sent -> Daya Bai | Sylvaline39
2026-10-06 04:32:10,771 [INFO] Sent -> File:Westland High School yearbook 1996 - DPLA - 4e23a67bf5a2276af487b0eba66bc6fd (page 178).jpg | Fæ
2026-10-06 04:32:10,880 [INFO] Sent -> Q1876895 | הנדב הנכון
2026-10-06 04:32:10,990 [INFO] Sent -> File:Westland High School yearbook 1996 - DPLA - 4e23a67bf5a2276af487b0eba66bc6fd (page 18).jpg | Fæ
2026-10-06 04:32:11,099 [INFO] Sent -> File:ISS074-E-566123 - View of Earth.jpg | SchlurcherBot
2026-10-06 04:32:11,210 [INFO] Sent -> File:Westland High School yearbook 1996 - DPLA - 4e23a67bf5a2276af487b0eba66bc6fd (page 182).jpg | Fæ
2026-10-06 04:32:11,320 [INFO] Sent -> Q138805381 | Pudox
2026-10-06 04:32:11,429 [INFO] Sent -> Category:Deletion requests October 2026 | Fæ
2026-10-06 04:32:11,542 [INFO] Sent -> Statistiche e record del Pisa Sporting Club | Torsolo
2026-10-06 04:32:11,661 [INFO] Sent -> File:Westland High School yearbook 1996 - DPLA - 4e23a67bf5a2276af487b0eba66bc6fd (page 184).jpg | Fæ
2026-10-06 04:32:11,770 [INFO] Sent -> Q13583648 | Mrwdat3
2026-10-06 04:32:11,879 [INFO] Sent -> Category:Deletion requests October 2026 | Fæ
2026-10-06 04:32:11,991 [INFO] Sent -> Otú:Ụmụ nwanyị | Sylvaline39
2026-10-06 04:32:12,100 [INFO] Sent -> Category:Deletion requests October 2026 | Fæ
2026-10-06 04:32:12,209 [INFO] Sent -> Lebanon, Pennsylvania | InternetArchiveBot
2026-10-06 04:32:12,318 [INFO] Sent -> File:Westland High School yearbook 1996 - DPLA - 4e23a67bf5a2276af487b0eba66bc6fd (page 185).jpg | Fæ
2026-10-06 04:32:12,426 [INFO] Sent -> File:Tian zhu sheng jiao ri ke. - btv1b90069149 (113 of 235).jpg | Gzen92Bot
2026-10-06 04:32:12,535 [INFO] Sent -> vluchter | Kvdrgeus
2026-10-06 04:32:12,644 [INFO] Sent -> Manash Ranjan Pathak | Junbeesh
2026-10-06 04:32:12,753 [INFO] Sent -> Q14880719 | Mrwdat3
2026-10-06 04:32:12,863 [INFO] Sent -> Category:Deletion requests October 2026 | Fæ
2026-10-06 04:32:12,972 [INFO] Sent -> Category:Deletion requests October 2026 | Fæ
2026-10-06 04:32:13,081 [INFO] Sent -> File:ISS074-E-573281 - View of South Africa.jpg | OptimusPrimeBot
2026-10-06 04:32:13,193 [INFO] Sent -> File:Westland High School yearbook 1996 - DPLA - 4e23a67bf5a2276af487b0eba66bc6fd (page 181).jpg | Fæ
2026-10-06 04:32:13,301 [INFO] Sent -> Q138805382 | Pudox
2026-10-06 04:32:13,409 [INFO] Sent -> Manash Ranjan Pathak | Junbeesh
2026-10-06 04:32:13,518 [INFO] Sent -> File:Westland High School yearbook 1996 - DPLA - 4e23a67bf5a2276af487b0eba66bc6fd (page 186).jpg | Fæ
2026-10-06 04:32:13,628 [INFO] Sent -> File:Maison du Fort-1.JPG | Rkieferbot
2026-10-06 04:32:13,736 [INFO] Sent -> File:Westland High School yearbook 1996 - DPLA - 4e23a67bf5a2276af487b0eba66bc6fd (page 183).jpg | Fæ
2026-10-06 04:32:13,844 [INFO] Sent -> Category:Artworks without Wikidata item | Gzen92Bot
2026-10-06 04:32:13,954 [INFO] Sent -> Category:PD France | Gzen92Bot
2026-10-06 04:32:14,063 [INFO] Sent -> Category:Manuscripts from Gallica (Bibliothèque nationale de France) uploaded by Gzen92Bot | Gzen92Bot
2026-10-06 04:32:14,172 [INFO] Sent -> Category:Tian zhu sheng jiao ri ke. - btv1b90069149 | Gzen92Bot
2026-10-06 04:32:14,279 [INFO] Sent -> Bléneau | Vikiçizer
2026-10-06 04:32:14,389 [INFO] Sent -> Category:Deletion requests October 2026 | Fæ
2026-10-06 04:32:14,499 [INFO] Progress: 1800 sent, 0 skipped.
2026-10-06 04:32:14,608 [INFO] Sent -> Q138804246 | Pudox
2026-10-06 04:32:14,718 [INFO] Sent -> Džūkste | Score Beethoven
2026-10-06 04:32:14,827 [INFO] Sent -> dewletokeke | JiyanBot
2026-10-06 04:32:14,937 [INFO] Sent -> Categorie:Woorden met 2 lettergrepen in het Nederlands | Kvdrgeus
2026-10-06 04:32:15,048 [INFO] Sent -> Categorie:Woorden in het Nederlands met IPA-weergave | Kvdrgeus
2026-10-06 04:32:15,155 [INFO] Sent -> Category:Deletion requests October 2026 | Fæ
2026-10-06 04:32:15,262 [INFO] Sent -> File:Westland High School yearbook 1996 - DPLA - 4e23a67bf5a2276af487b0eba66bc6fd (page 190).jpg | Fæ
2026-10-06 04:32:15,379 [INFO] Sent -> Category:Deletion requests October 2026 | Fæ
2026-10-06 04:32:15,497 [INFO] Sent -> Category:ISS photographs taken on 2026-05-03 | OptimusPrimeBot
2026-10-06 04:32:15,610 [INFO] Sent -> File:Westland High School yearbook 1996 - DPLA - 4e23a67bf5a2276af487b0eba66bc6fd (page 189).jpg | Fæ
2026-10-06 04:32:15,734 [INFO] Sent -> Category:Taken on missing SDC inception | OptimusPrimeBot
2026-10-06 04:32:15,842 [INFO] Sent -> Category:Images from the Earth Science and Remote Sensing Unit, Lyndon B. Johnson Space Center | OptimusPrimeBot
2026-10-06 04:32:15,949 [INFO] Sent -> Category:Pages with local object coordinates and missing SDC coordinates | OptimusPrimeBot
2026-10-06 04:32:16,061 [INFO] Sent -> Category:Deletion requests October 2026 | Fæ
2026-10-06 04:32:16,187 [INFO] Sent -> Q138805398 | Pudox
2026-10-06 04:32:16,308 [INFO] Sent -> Category:Files with coordinates missing SDC location of creation | OptimusPrimeBot
2026-10-06 04:32:16,416 [INFO] Sent -> Category:PD NASA | OptimusPrimeBot
2026-10-06 04:32:16,526 [INFO] Sent -> Category:PD-USGov missing SDC copyright status | OptimusPrimeBot
2026-10-06 04:32:16,640 [INFO] Sent -> Category:ISS Expedition 74 Crew Earth Observations (dump) | OptimusPrimeBot
2026-10-06 04:32:16,759 [INFO] Sent -> File:Fonte Luminosa da Praça Geraldo Silva Maia (Passos) 14.jpg | Rkieferbot
2026-10-06 04:32:16,867 [INFO] Sent -> File:ISS074-E-573280 - View of South Africa.jpg | OptimusPrimeBot
2026-10-06 04:32:16,978 [INFO] Sent -> Category:NASA GAPE files uploaded by OptimusPrimeBot | OptimusPrimeBot
2026-10-06 04:32:17,087 [INFO] Sent -> Category:Photos of South Africa by ISS Expedition 74 Crew Earth Observations | OptimusPrimeBot
2026-10-06 04:32:17,198 [INFO] Sent -> Category:Taken with Nikon Z 9 | OptimusPrimeBot
2026-10-06 04:32:17,307 [INFO] Sent -> File:Westland High School yearbook 1996 - DPLA - 4e23a67bf5a2276af487b0eba66bc6fd (page 187).jpg | Fæ
2026-10-06 04:32:17,417 [INFO] Sent -> Q10578467 | Mrwdat3
2026-10-06 04:32:17,528 [INFO] Sent -> Category:Deletion requests October 2026 | Fæ
2026-10-06 04:32:17,638 [INFO] Sent -> Opel-RAK | Minorka Bzduisich
2026-10-06 04:32:17,745 [INFO] Sent -> Q138804248 | Pudox
2026-10-06 04:32:17,856 [INFO] Sent -> File:The rival theatres- or, a play-house to be lett Fleuron T169243-4.png | Santi Gomà
2026-10-06 04:32:17,965 [INFO] Sent -> Q16606758 | Kristbaumbot
2026-10-06 04:32:18,072 [INFO] Sent -> Category:Deletion requests October 2026 | Fæ
2026-10-06 04:32:18,183 [INFO] Sent -> Category:Deletion requests October 2026 | Fæ
2026-10-06 04:32:18,292 [INFO] Sent -> Q6517856 | DuckDuckGoWiki
2026-10-06 04:32:18,398 [INFO] Sent -> File:Westland High School yearbook 1996 - DPLA - 4e23a67bf5a2276af487b0eba66bc6fd (page 188).jpg | Fæ
2026-10-06 04:32:18,507 [INFO] Sent -> Q13847734 | Mrwdat3
2026-10-06 04:32:18,614 [INFO] Sent -> File:Westland High School yearbook 1996 - DPLA - 4e23a67bf5a2276af487b0eba66bc6fd (page 161).jpg | Fæ
2026-10-06 04:32:18,723 [INFO] Sent -> Супериор (Айова) | InternetArchiveBot
2026-10-06 04:32:18,832 [INFO] Sent -> Q138805409 | Pudox
2026-10-06 04:32:18,940 [INFO] Sent -> File:Westland High School yearbook 1996 - DPLA - 4e23a67bf5a2276af487b0eba66bc6fd (page 194).jpg | Fæ
2026-10-06 04:32:19,051 [INFO] Sent -> Utilisateur:Berdea/Projet:Récompenses et distinctions/Modèles de décorations | Berdea
2026-10-06 04:32:19,160 [INFO] Sent -> Category:Deletion requests October 2026 | Fæ
2026-10-06 04:32:19,268 [INFO] Sent -> Bánokszentgyörgy | AnsterBot
2026-10-06 04:32:19,377 [INFO] Sent -> Category:Deletion requests October 2026 | Fæ
2026-10-06 04:32:19,488 [INFO] Sent -> Category:Crowns in fleurons friezes | Santi Gomà
2026-10-06 04:32:19,599 [INFO] Sent -> Buick Velite 6 | Gringo Peregrinus
2026-10-06 04:32:19,708 [INFO] Sent -> Q138804251 | Pudox
2026-10-06 04:32:19,818 [INFO] Sent -> File:Westland High School yearbook 1996 - DPLA - 4e23a67bf5a2276af487b0eba66bc6fd (page 19).jpg | Fæ
2026-10-06 04:32:19,925 [INFO] Sent -> Buick Velite 6 | Gringo Peregrinus
2026-10-06 04:32:20,032 [INFO] Sent -> File:Westland High School yearbook 1996 - DPLA - 4e23a67bf5a2276af487b0eba66bc6fd (page 196).jpg | Fæ
2026-10-06 04:32:20,141 [INFO] Sent -> Q116390448 | DERDAKI ILIAS
2026-10-06 04:32:20,252 [INFO] Sent -> File:Westland High School yearbook 1996 - DPLA - 4e23a67bf5a2276af487b0eba66bc6fd (page 191).jpg | Fæ
2026-10-06 04:32:20,365 [INFO] Sent -> Q141656989 | Elsy EL IRANY
2026-10-06 04:32:20,484 [INFO] Sent -> Q141656989 | Elsy EL IRANY
2026-10-06 04:32:20,594 [INFO] Sent -> Category:Deletion requests October 2026 | Fæ
2026-10-06 04:32:20,703 [INFO] Sent -> Q116395671 | DERDAKI ILIAS
2026-10-06 04:32:20,813 [INFO] Sent -> Q138804255 | Pudox
2026-10-06 04:32:20,924 [INFO] Sent -> Category:Deletion requests October 2026 | Fæ
2026-10-06 04:32:21,032 [INFO] Sent -> Q138805411 | Pudox
2026-10-06 04:32:21,142 [INFO] Sent -> bırakışma | Altobot
2026-10-06 04:32:21,252 [INFO] Sent -> File:Westland High School yearbook 1996 - DPLA - 4e23a67bf5a2276af487b0eba66bc6fd (page 2).jpg | Fæ
2026-10-06 04:32:21,362 [INFO] Sent -> File:Westland High School yearbook 1996 - DPLA - 4e23a67bf5a2276af487b0eba66bc6fd (page 198).jpg | Fæ
2026-10-06 04:32:21,474 [INFO] Sent -> File:Westland High School yearbook 1996 - DPLA - 4e23a67bf5a2276af487b0eba66bc6fd (page 197).jpg | Fæ
2026-10-06 04:32:21,582 [INFO] Sent -> Category:Deletion requests October 2026 | Fæ
2026-10-06 04:32:21,692 [INFO] Sent -> Time Variance Authority | SogaFTW
2026-10-06 04:32:21,801 [INFO] Sent -> File:Westland High School yearbook 1996 - DPLA - 4e23a67bf5a2276af487b0eba66bc6fd (page 195).jpg | Fæ
2026-10-06 04:32:21,908 [INFO] Sent -> File:Westland High School yearbook 1996 - DPLA - 4e23a67bf5a2276af487b0eba66bc6fd (page 192).jpg | Fæ
2026-10-06 04:32:22,022 [INFO] Sent -> Royal Family Order of Elizabeth II | OGBC1992
2026-10-06 04:32:22,200 [INFO] Sent -> Category:Deletion requests October 2026 | Fæ
2026-10-06 04:32:22,390 [INFO] Sent -> Thomas Hengen | İmmortalance
2026-10-06 04:32:22,514 [INFO] Sent -> Bœurs-en-Othe | Vikiçizer
2026-10-06 04:32:22,622 [INFO] Sent -> Category:Deletion requests October 2026 | Fæ
2026-10-06 04:32:22,755 [INFO] Sent -> File:Westland High School yearbook 1996 - DPLA - 4e23a67bf5a2276af487b0eba66bc6fd (page 20).jpg | Fæ
2026-10-06 04:32:22,888 [INFO] Sent -> Q1040151 | Mrwdat3
2026-10-06 04:32:22,996 [INFO] Sent -> Супериор (Колорадо) | InternetArchiveBot
2026-10-06 04:32:23,106 [INFO] Sent -> File:Westland High School yearbook 1996 - DPLA - 4e23a67bf5a2276af487b0eba66bc6fd (page 173).jpg | Fæ
2026-10-06 04:32:23,229 [INFO] Sent -> Category:Deletion requests October 2026 | Fæ
2026-10-06 04:32:23,337 [INFO] Sent -> Q138804259 | Pudox
2026-10-06 04:32:23,445 [INFO] Sent -> Q10433676 | Mrwdat3
2026-10-06 04:32:23,554 [INFO] Sent -> Draft:National Commission for Biotechnology (Syria) | Moroluk
2026-10-06 04:32:23,665 [INFO] Sent -> Emmanuel Levinas | ~2026-52579-79
2026-10-06 04:32:23,782 [INFO] Sent -> File:Westland High School yearbook 1996 - DPLA - 4e23a67bf5a2276af487b0eba66bc6fd (page 21).jpg | Fæ
2026-10-06 04:32:23,895 [INFO] Sent -> Category:Deletion requests October 2026 | Fæ
2026-10-06 04:32:24,006 [INFO] Sent -> Category:Deletion requests October 2026 | Fæ
2026-10-06 04:32:24,130 [INFO] Sent -> Pacific Rim | I call the big one bitey
2026-10-06 04:32:24,256 [INFO] Sent -> Henrique Sereno | İmmortalance
2026-10-06 04:32:24,364 [INFO] Sent -> File:Bible. A.T. Pentateuque-Hapṭarah-Megillôt (hébreu) - btv1b10549397c (174 of 639).jpg | Gzen92Bot
2026-10-06 04:32:24,487 [INFO] Sent -> Category:Deletion requests October 2026 | Fæ
2026-10-06 04:32:24,596 [INFO] Sent -> File:JP 日本 Japan 沖繩 OKINAWA 那霸 Naha 久茂地 Chome Kumoji 縣廳前站 Prefectural Office Station beverage vending machines January 2025 R12S 205.jpg | Adeletron 3030
2026-10-06 04:32:24,705 [INFO] Sent -> File:Westland High School yearbook 1996 - DPLA - 4e23a67bf5a2276af487b0eba66bc6fd (page 25).jpg | Fæ
2026-10-06 04:32:24,815 [INFO] Sent -> Habib Habibou | İmmortalance
2026-10-06 04:32:24,925 [INFO] Sent -> File:Westland High School yearbook 1996 - DPLA - 4e23a67bf5a2276af487b0eba66bc6fd (page 23).jpg | Fæ
2026-10-06 04:32:25,033 [INFO] Sent -> Module:沙盒/a2569875/虛擬模組/Config | A2569875
2026-10-06 04:32:25,143 [INFO] Sent -> پلاک وسایل نقلیه استان مازندران | ~2026-53816-92
2026-10-06 04:32:25,254 [INFO] Sent -> File:ISS074-E-573281 - View of South Africa.jpg | OptimusPrimeBot
2026-10-06 04:32:25,363 [INFO] Sent -> Супериор (Монтана) | InternetArchiveBot
2026-10-06 04:32:25,473 [INFO] Sent -> Kisan Anwar Sadat | HK RIGASA2
2026-10-06 04:32:25,580 [INFO] Sent -> Ponts antiques sur la Loire dans l'agglomération tourangelle | Arcyon37
2026-10-06 04:32:25,690 [INFO] Sent -> Category:Deletion requests October 2026 | Fæ
2026-10-06 04:32:25,800 [INFO] Progress: 1900 sent, 0 skipped.
2026-10-06 04:32:25,911 [INFO] Sent -> Q14527593 | Mrwdat3
2026-10-06 04:32:26,020 [INFO] Sent -> Category:Artworks without Wikidata item | Gzen92Bot
2026-10-06 04:32:26,129 [INFO] Sent -> Category:PD France | Gzen92Bot
2026-10-06 04:32:26,238 [INFO] Sent -> File:Westland High School yearbook 1996 - DPLA - 4e23a67bf5a2276af487b0eba66bc6fd (page 193).jpg | Fæ
2026-10-06 04:32:26,349 [INFO] Sent -> Category:Manuscripts from Gallica (Bibliothèque nationale de France) uploaded by Gzen92Bot | Gzen92Bot
2026-10-06 04:32:26,458 [INFO] Sent -> File:Hyundai Avante 2.0 Inspiration CN8 Raptor Gray Matte (35).jpg | Damian B Oh
2026-10-06 04:32:26,580 [INFO] Sent -> Category:Bible. A.T. Pentateuque-Hapṭarah-Megillôt (hébreu) - btv1b10549397c | Gzen92Bot
2026-10-06 04:32:26,690 [INFO] Sent -> File:Westland High School yearbook 1996 - DPLA - 4e23a67bf5a2276af487b0eba66bc6fd (page 22).jpg | Fæ
2026-10-06 04:32:26,800 [INFO] Sent -> Category:Deletion requests October 2026 | Fæ
2026-10-06 04:32:26,910 [INFO] Sent -> Category:Files with no machine-readable author | Gzen92Bot
2026-10-06 04:32:27,020 [INFO] Sent -> Category:Deletion requests October 2026 | Fæ
2026-10-06 04:32:27,129 [INFO] Sent -> Category:Deletion requests October 2026 | Fæ
2026-10-06 04:32:27,237 [INFO] Sent -> Category:Deletion requests October 2026 | Fæ
2026-10-06 04:32:27,346 [INFO] Sent -> File:JP 日本 Japan 沖繩 OKINAWA 那霸 Naha 久茂地 Chome Kumoji 縣廳前站 Prefectural Office Station concourse January 2025 R12S 210.jpg | Adeletron 3030
2026-10-06 04:32:27,456 [INFO] Sent -> Kategori:Türkiye'deki gurbetçi erkek futbolcular | İmmortalance
2026-10-06 04:32:27,566 [INFO] Sent -> Kategori:Türkiye'deki gurbetçi erkek futbolcular | İmmortalance
2026-10-06 04:32:27,674 [INFO] Sent -> Kategori:Türkiye'deki gurbetçi futbolcular | İmmortalance
2026-10-06 04:32:27,784 [INFO] Sent -> Kategori:Türkiye'deki gurbetçi futbolcular | İmmortalance
2026-10-06 04:32:27,893 [INFO] Sent -> Category:2025 in Kumoji, Okinawa prefecture | Adeletron 3030
2026-10-06 04:32:28,001 [INFO] Sent -> File:Westland High School yearbook 1996 - DPLA - 4e23a67bf5a2276af487b0eba66bc6fd (page 29).jpg | Fæ
2026-10-06 04:32:28,110 [INFO] Sent -> Kategori:Türkiye'deki gurbetçi erkek futbolcular | İmmortalance
2026-10-06 04:32:28,223 [INFO] Sent -> Category:Deletion requests October 2026 | Fæ
2026-10-06 04:32:28,343 [INFO] Sent -> Kategori:Türkiye'deki gurbetçi futbolcular | İmmortalance
2026-10-06 04:32:28,452 [INFO] Sent -> File:Château Frontenac National Historic Site of Canada-5.JPG | Rkieferbot
2026-10-06 04:32:28,574 [INFO] Sent -> Q37335996 | Cewbot
2026-10-06 04:32:28,684 [INFO] Sent -> Category:Deletion requests October 2026 | Fæ
2026-10-06 04:32:28,792 [INFO] Sent -> File:Westland High School yearbook 1996 - DPLA - 4e23a67bf5a2276af487b0eba66bc6fd (page 30).jpg | Fæ
2026-10-06 04:32:28,900 [INFO] Sent -> Categorie:Wikipedia:Waarschuwing gebruiker | Machaerus
2026-10-06 04:32:29,010 [INFO] Sent -> File:JP 日本 Japan 沖繩 OKINAWA 那霸 Naha 久茂地 Chome Kumoji 縣廳前站 Prefectural Office Station concourse lockers January 2025 R12S 206.jpg | Adeletron 3030
2026-10-06 04:32:29,118 [INFO] Sent -> Q116395672 | DERDAKI ILIAS
2026-10-06 04:32:29,227 [INFO] Sent -> File:JP 日本 Japan 沖繩 OKINAWA 那霸 Naha 久茂地 Chome Kumoji 縣廳前站 Prefectural Office Station concourse January 2025 R12S 211.jpg | Adeletron 3030
2026-10-06 04:32:29,337 [INFO] Sent -> Category:Deletion requests October 2026 | Fæ
2026-10-06 04:32:29,445 [INFO] Sent -> File:JP 日本 Japan 沖繩 OKINAWA 那霸 Naha 久茂地 Chome Kumoji 縣廳前站 Prefectural Office Station concourse lockers January 2025 R12S 207.jpg | Adeletron 3030
2026-10-06 04:32:29,554 [INFO] Sent -> Bois-d'Arcy, Yonne | Vikiçizer
2026-10-06 04:32:29,662 [INFO] Sent -> Category:Awards disestablished in 2022 | OGBC1992
2026-10-06 04:32:29,771 [INFO] Sent -> File:JP 日本 Japan 沖繩 OKINAWA 那霸 Naha 久茂地 Chome Kumoji 縣廳前站 Prefectural Office Station concourse lockers January 2025 R12S 208.jpg | Adeletron 3030
2026-10-06 04:32:29,880 [INFO] Sent -> File:Westland High School yearbook 1996 - DPLA - 4e23a67bf5a2276af487b0eba66bc6fd (page 27).jpg | Fæ
2026-10-06 04:32:29,987 [INFO] Sent -> File:Westland High School yearbook 1996 - DPLA - 4e23a67bf5a2276af487b0eba66bc6fd (page 24).jpg | Fæ
2026-10-06 04:32:30,094 [INFO] Sent -> Category:2022 disestablishments in the United Kingdom | OGBC1992
2026-10-06 04:32:30,201 [INFO] Sent -> File:Hyundai Avante 2.0 Inspiration CN8 Raptor Gray Matte (34).jpg | Damian B Oh
2026-10-06 04:32:30,313 [INFO] Sent -> File:ISS074-E-573283 - View of South Africa.jpg | OptimusPrimeBot
2026-10-06 04:32:30,438 [INFO] Sent -> Invasione islamica della Gallia | Àncilu
2026-10-06 04:32:30,572 [INFO] Sent -> File:Read-out of the weekly meeting of the von der Leyen Commission by Raffaele Fitto, on the EU's eastern regions bordering Russia, Belarus and Ukraine (P-069035-00-04).jpg | SchlurcherBot
2026-10-06 04:32:30,704 [INFO] Sent -> Category:2025 in Kumoji, Okinawa prefecture | Adeletron 3030
2026-10-06 04:32:30,836 [INFO] Sent -> File:Westland High School yearbook 1996 - DPLA - 4e23a67bf5a2276af487b0eba66bc6fd (page 28).jpg | Fæ
2026-10-06 04:32:30,945 [INFO] Sent -> File:JP 日本 Japan 沖繩 OKINAWA 那霸 Naha 久茂地 Chome Kumoji 縣廳前站 Prefectural Office Station concourse lockers January 2025 R12S 209.jpg | Adeletron 3030
2026-10-06 04:32:31,058 [INFO] Sent -> Departamento Estatal de Servicios de Salud de Texas | InternetArchiveBot
2026-10-06 04:32:31,177 [INFO] Sent -> Category:Deletion requests October 2026 | Fæ
2026-10-06 04:32:31,286 [INFO] Sent -> Супериор (Небраска) | InternetArchiveBot
2026-10-06 04:32:31,398 [INFO] Sent -> File:Westland High School yearbook 1996 - DPLA - 4e23a67bf5a2276af487b0eba66bc6fd (page 26).jpg | Fæ
2026-10-06 04:32:31,507 [INFO] Sent -> Q116390449 | DERDAKI ILIAS
2026-10-06 04:32:31,615 [INFO] Sent -> File:Westland High School yearbook 1996 - DPLA - 4e23a67bf5a2276af487b0eba66bc6fd (page 32).jpg | Fæ
2026-10-06 04:32:31,723 [INFO] Sent -> Category:2025 in Kumoji, Okinawa prefecture | Adeletron 3030
2026-10-06 04:32:31,832 [INFO] Sent -> Q124723816 | Mrwdat3
2026-10-06 04:32:31,939 [INFO] Sent -> File:Westland High School yearbook 1996 - DPLA - 4e23a67bf5a2276af487b0eba66bc6fd (page 33).jpg | Fæ
2026-10-06 04:32:32,049 [INFO] Sent -> File:S. Hieronymus - btv1b52504546z (407 of 620).jpg | Gzen92Bot
2026-10-06 04:32:32,157 [INFO] Sent -> Category:Deletion requests October 2026 | Fæ
2026-10-06 04:32:32,267 [INFO] Sent -> File:JP 日本 Japan 沖繩 OKINAWA 那霸 Naha 久茂地 Chome Kumoji 縣廳前站 Prefectural Office Station concourse machines January 2025 R12S 204.jpg | Adeletron 3030
2026-10-06 04:32:32,376 [INFO] Sent -> Category:Deletion requests October 2026 | Fæ
2026-10-06 04:32:32,484 [INFO] Sent -> Category:ISS photographs taken on 2026-05-03 | OptimusPrimeBot
2026-10-06 04:32:32,593 [INFO] Sent -> Category:2025 in Kumoji, Okinawa prefecture | Adeletron 3030
2026-10-06 04:32:32,702 [INFO] Sent -> Category:2025 in Kumoji, Okinawa prefecture | Adeletron 3030
2026-10-06 04:32:32,814 [INFO] Sent -> Category:Taken on missing SDC inception | OptimusPrimeBot
2026-10-06 04:32:32,922 [INFO] Sent -> Category:Images from the Earth Science and Remote Sensing Unit, Lyndon B. Johnson Space Center | OptimusPrimeBot
2026-10-06 04:32:33,031 [INFO] Sent -> Category:2025 in Kumoji, Okinawa prefecture | Adeletron 3030
2026-10-06 04:32:33,141 [INFO] Sent -> Category:Pages with local object coordinates and missing SDC coordinates | OptimusPrimeBot
2026-10-06 04:32:33,251 [INFO] Sent -> File:Westland High School yearbook 1996 - DPLA - 4e23a67bf5a2276af487b0eba66bc6fd (page 36).jpg | Fæ
2026-10-06 04:32:33,358 [INFO] Sent -> Category:Files with coordinates missing SDC location of creation | OptimusPrimeBot
2026-10-06 04:32:33,469 [INFO] Sent -> Category:Deletion requests October 2026 | Fæ
2026-10-06 04:32:33,578 [INFO] Sent -> Category:PD NASA | OptimusPrimeBot
2026-10-06 04:32:33,687 [INFO] Sent -> Category:Butia in Spain | Fadesga
2026-10-06 04:32:33,797 [INFO] Sent -> Q53999677 | Nabbot
2026-10-06 04:32:33,907 [INFO] Sent -> Category:PD-USGov missing SDC copyright status | OptimusPrimeBot
2026-10-06 04:32:34,017 [INFO] Sent -> Category:2025 in Kumoji, Okinawa prefecture | Adeletron 3030
2026-10-06 04:32:34,124 [INFO] Sent -> Munozara:Diaporthe rudis | Abdufattohov Ibrohimjon
2026-10-06 04:32:34,234 [INFO] Sent -> Category:ISS Expedition 74 Crew Earth Observations (dump) | OptimusPrimeBot
2026-10-06 04:32:34,346 [INFO] Sent -> Викисловарь:Отчёты/v2/Общие шаблоны | VitalikBot
2026-10-06 04:32:34,455 [INFO] Sent -> Category:NASA GAPE files uploaded by OptimusPrimeBot | OptimusPrimeBot
2026-10-06 04:32:34,566 [INFO] Sent -> Category:Deletion requests October 2026 | Fæ
2026-10-06 04:32:34,675 [INFO] Sent -> Category:Photos of South Africa by ISS Expedition 74 Crew Earth Observations | OptimusPrimeBot
2026-10-06 04:32:34,784 [INFO] Sent -> Meximia perfusa | Lavalizard101
2026-10-06 04:32:34,893 [INFO] Sent -> Category:Taken with Nikon Z 9 | OptimusPrimeBot
2026-10-06 04:32:35,007 [INFO] Sent -> File:Westland High School yearbook 1996 - DPLA - 4e23a67bf5a2276af487b0eba66bc6fd (page 3).jpg | Fæ
2026-10-06 04:32:35,127 [INFO] Sent -> Category:Artworks without Wikidata item | Gzen92Bot
2026-10-06 04:32:35,235 [INFO] Sent -> Category:PD France | Gzen92Bot
2026-10-06 04:32:35,345 [INFO] Sent -> File:JP 日本 Japan 沖繩 OKINAWA 那霸 Naha 久茂地 Chome Kumoji 縣廳前站 Prefectural Office Station concourse lockers January 2025 R12S 222.jpg | Adeletron 3030
2026-10-06 04:32:35,456 [INFO] Sent -> Category:PD US expired | Gzen92Bot
2026-10-06 04:32:35,568 [INFO] Sent -> Category:PD-US missing SDC copyright status | Gzen92Bot
2026-10-06 04:32:35,677 [INFO] Sent -> Category:Deletion requests October 2026 | Fæ
2026-10-06 04:32:35,787 [INFO] Sent -> Category:PD-old missing SDC copyright status | Gzen92Bot
2026-10-06 04:32:35,897 [INFO] Sent -> Category:2025 in Kumoji, Okinawa prefecture | Adeletron 3030
2026-10-06 04:32:36,006 [INFO] Sent -> File:Hyundai Avante 2.0 Inspiration CN8 Raptor Gray Matte (33).jpg | Damian B Oh
2026-10-06 04:32:36,116 [INFO] Sent -> Category:Deletion requests October 2026 | Fæ
2026-10-06 04:32:36,225 [INFO] Sent -> Category:CC-PD-Mark | Gzen92Bot
2026-10-06 04:32:36,333 [INFO] Sent -> Category:PD Old (assumed) | Gzen92Bot
2026-10-06 04:32:36,443 [INFO] Sent -> User:N7899/sandbox | N7899
2026-10-06 04:32:36,553 [INFO] Sent -> Category:Manuscripts from Gallica (Bibliothèque nationale de France) uploaded by Gzen92Bot | Gzen92Bot
2026-10-06 04:32:36,660 [INFO] Sent -> Q116395673 | DERDAKI ILIAS
2026-10-06 04:32:36,769 [INFO] Sent -> Category:S. Hieronymus - btv1b52504546z | Gzen92Bot
2026-10-06 04:32:36,879 [INFO] Progress: 2000 sent, 0 skipped.
2026-10-06 04:32:36,989 [INFO] Sent -> File:Westland High School yearbook 1996 - DPLA - 4e23a67bf5a2276af487b0eba66bc6fd (page 31).jpg | Fæ
2026-10-06 04:32:37,571 [INFO] Sent -> Ludo van Bogaert | Archibald Tuttle
2026-10-06 04:32:37,725 [INFO] Sent -> File:Westland High School yearbook 1996 - DPLA - 4e23a67bf5a2276af487b0eba66bc6fd (page 34).jpg | Fæ
2026-10-06 04:32:37,851 [INFO] Sent -> Category:Butia by country | Fadesga
2026-10-06 04:32:37,984 [INFO] Sent -> Category:Arecaceae in Spain | Fadesga
2026-10-06 04:32:38,123 [INFO] Sent -> Category:Deletion requests October 2026 | Fæ
2026-10-06 04:32:38,271 [INFO] Sent -> Category:Deletion requests October 2026 | Fæ
2026-10-06 04:32:38,388 [INFO] Sent -> Category:Flora of Spain by genus | Fadesga
2026-10-06 04:32:38,538 [INFO] Sent -> File:Gender-religion.jpg | HanniMeyer
2026-10-06 04:32:38,673 [INFO] Sent -> Category:2025 in Kumoji, Okinawa prefecture | Adeletron 3030
2026-10-06 04:32:38,905 [INFO] Sent -> Category:Deletion requests October 2026 | Fæ
2026-10-06 04:32:39,086 [INFO] Sent -> File:JP 日本 Japan 沖繩 OKINAWA 那霸 Naha 久茂地 Chome Kumoji 縣廳前站 Prefectural Office Station concourse stairs n escalators January 2025 R12S 203.jpg | Adeletron 3030
2026-10-06 04:32:39,230 [INFO] Sent -> File:Gender-religion.jpg | HanniMeyer
2026-10-06 04:32:39,379 [INFO] Sent -> File:Westland High School yearbook 1996 - DPLA - 4e23a67bf5a2276af487b0eba66bc6fd (page 38).jpg | Fæ
2026-10-06 04:32:39,571 [INFO] Sent -> Bonnard, Yonne | Vikiçizer
2026-10-06 04:32:39,691 [INFO] Sent -> File:JP 日本 Japan 沖繩 OKINAWA 那霸 Naha 久茂地 Chome Kumoji 縣廳前站 Prefectural Office Station concourse machines n visitors January 2025 R12S 220.jpg | Adeletron 3030
2026-10-06 04:32:39,801 [INFO] Sent -> File:Westland High School yearbook 1996 - DPLA - 4e23a67bf5a2276af487b0eba66bc6fd (page 40).jpg | Fæ
2026-10-06 04:32:39,924 [INFO] Sent -> Category:Cameo of Claudius (Kunsthistorisches Museum, IXa 23) | ManuelKomnenos
2026-10-06 04:32:40,030 [INFO] Sent -> File:Westland High School yearbook 1996 - DPLA - 4e23a67bf5a2276af487b0eba66bc6fd (page 42).jpg | Fæ
2026-10-06 04:32:40,141 [INFO] Sent -> Q37336102 | Cewbot
2026-10-06 04:32:40,252 [INFO] Sent -> Q6386591 | Mrwdat3
2026-10-06 04:32:40,375 [INFO] Sent -> Category:Deletion requests October 2026 | Fæ
2026-10-06 04:32:40,482 [INFO] Sent -> Long Beach, Efrog Newydd | ListeriaBot
2026-10-06 04:32:40,593 [INFO] Sent -> Hélder Barbosa | İmmortalance
2026-10-06 04:32:40,703 [INFO] Sent -> Category:Accepted species names | Lavalizard101
2026-10-06 04:32:40,813 [INFO] Sent -> Category:Accepted species name | Lavalizard101
2026-10-06 04:32:40,921 [INFO] Sent -> File:JP 日本 Japan 沖繩 OKINAWA 那霸 Naha 久茂地 Chome Kumoji 縣廳前站 Prefectural Office Station concourse ticket machine January 2025 R12S 221.jpg | Adeletron 3030
2026-10-06 04:32:41,030 [INFO] Sent -> Category:Deletion requests October 2026 | Fæ
2026-10-06 04:32:41,140 [INFO] Sent -> File:Westland High School yearbook 1996 - DPLA - 4e23a67bf5a2276af487b0eba66bc6fd (page 41).jpg | Fæ
2026-10-06 04:32:41,250 [INFO] Sent -> Z44479 | 鈴音雨
2026-10-06 04:32:41,361 [INFO] Sent -> File:Westland High School yearbook 1996 - DPLA - 4e23a67bf5a2276af487b0eba66bc6fd (page 39).jpg | Fæ
2026-10-06 04:32:41,482 [INFO] Sent -> Category:2025 in Kumoji, Okinawa prefecture | Adeletron 3030
2026-10-06 04:32:41,593 [INFO] Sent -> Q116395674 | DERDAKI ILIAS
2026-10-06 04:32:41,703 [INFO] Sent -> 사용자:Altostratus/WikiVault/도널드 트럼프 2020년 대통령 선거 캠페인 | Altostratus.AIbot
2026-10-06 04:32:41,814 [INFO] Sent -> File:Westland High School yearbook 1996 - DPLA - 4e23a67bf5a2276af487b0eba66bc6fd (page 35).jpg | Fæ
2026-10-06 04:32:41,923 [INFO] Sent -> Category:Chalcedony jewellery | ManuelKomnenos
2026-10-06 04:32:42,031 [INFO] Sent -> Category:Chalcedony objects | ManuelKomnenos
2026-10-06 04:32:42,140 [INFO] Sent -> Category:Deletion requests October 2026 | Fæ
2026-10-06 04:32:42,248 [INFO] Sent -> Category:Creative Commons Attribution-Share Alike missing SDC copyright status | HanniMeyer
2026-10-06 04:32:42,356 [INFO] Sent -> Category:Deletion requests October 2026 | Fæ
2026-10-06 04:32:42,465 [INFO] Sent -> Category:CC-BY-SA-4.0 | HanniMeyer
2026-10-06 04:32:42,576 [INFO] Sent -> Category:Creative Commons Attribution-Share Alike 4.0 missing SDC copyright license | HanniMeyer
2026-10-06 04:32:42,689 [INFO] Sent -> Q116390453 | DERDAKI ILIAS
2026-10-06 04:32:42,798 [INFO] Sent -> Category:Self-published work | HanniMeyer
2026-10-06 04:32:42,906 [INFO] Sent -> File:Westland High School yearbook 1996 - DPLA - 4e23a67bf5a2276af487b0eba66bc6fd (page 44).jpg | Fæ
2026-10-06 04:32:43,024 [INFO] Sent -> Category:2025 in Kumoji, Okinawa prefecture | Adeletron 3030
2026-10-06 04:32:43,137 [INFO] Sent -> File:La Conquête de la Terre sainte (par GUILLAUME DE TYR), avec la continuation. - btv1b9058986s (013 of 271).jpg | Gzen92Bot
2026-10-06 04:32:43,248 [INFO] Sent -> File:JP 日本 Japan 沖繩 OKINAWA 那霸 Naha 久茂地 Chome Kumoji 縣廳前站 Prefectural Office Station January 2025 R12S 03.jpg | Adeletron 3030
2026-10-06 04:32:43,357 [INFO] Sent -> Category:Self-published work missing SDC copyright license | HanniMeyer
2026-10-06 04:32:43,466 [INFO] Sent -> Category:Wiki Loves Peace | HanniMeyer
2026-10-06 04:32:43,576 [INFO] Sent -> File:Hyundai Avante 2.0 Inspiration CN8 Raptor Gray Matte (36).jpg | Damian B Oh
2026-10-06 04:32:43,686 [INFO] Sent -> Category:Harassment | HanniMeyer
2026-10-06 04:32:43,795 [INFO] Sent -> Catherine Nanziri | Brenda Namulinda
2026-10-06 04:32:43,906 [INFO] Sent -> Category:Uploaded via Campaign:Wiki Loves Peace | HanniMeyer
2026-10-06 04:32:44,017 [INFO] Sent -> Branches, Yonne | Vikiçizer
2026-10-06 04:32:44,126 [INFO] Sent -> File:JP 日本 Japan 沖繩 OKINAWA 那霸 Naha 久茂地 Chome Kumoji 縣廳前站 Prefectural Office Station January 2025 R12S 01.jpg | Adeletron 3030
2026-10-06 04:32:44,237 [INFO] Sent -> Category:Deletion requests October 2026 | Fæ
2026-10-06 04:32:44,347 [INFO] Sent -> File:Westland High School yearbook 1996 - DPLA - 4e23a67bf5a2276af487b0eba66bc6fd (page 37).jpg | Fæ
2026-10-06 04:32:44,457 [INFO] Sent -> Q2300544 | Mrwdat3
2026-10-06 04:32:44,564 [INFO] Sent -> Category:Deletion requests October 2026 | Fæ
2026-10-06 04:32:44,673 [INFO] Sent -> Xeon Phi | InternetArchiveBot
2026-10-06 04:32:44,783 [INFO] Sent -> పుట:ప్రతాపరుద్రీయమ్ (విద్యానాథ).pdf/349 | దేవీప్రసాదశాస్త్రి
2026-10-06 04:32:44,896 [INFO] Sent -> Q141657025 | Chandapiwa Malema
2026-10-06 04:32:45,003 [INFO] Sent -> File:ISS074-E-573283 - View of South Africa.jpg | OptimusPrimeBot
2026-10-06 04:32:45,113 [INFO] Sent -> Category:Deletion requests October 2026 | Fæ
2026-10-06 04:32:45,225 [INFO] Sent -> Category:2025 in Kumoji, Okinawa prefecture | Adeletron 3030
2026-10-06 04:32:45,334 [INFO] Sent -> File:Hyundai Avante 2.0 Inspiration CN8 Raptor Gray Matte (36).jpg | Damian B Oh
2026-10-06 04:32:45,443 [INFO] Sent -> File:Westland High School yearbook 1996 - DPLA - 4e23a67bf5a2276af487b0eba66bc6fd (page 43).jpg | Fæ
2026-10-06 04:32:45,553 [INFO] Sent -> Kategori:Türkiye'deki gurbetçi erkek futbolcular | İmmortalance
2026-10-06 04:32:45,664 [INFO] Sent -> Category:Deletion requests October 2026 | Fæ
2026-10-06 04:32:45,784 [INFO] Sent -> Kategori:Türkiye'deki gurbetçi futbolcular | İmmortalance
2026-10-06 04:32:45,896 [INFO] Sent -> Category:Artworks without Wikidata item | Gzen92Bot
2026-10-06 04:32:46,004 [INFO] Sent -> File:Hyundai Avante 2.0 Inspiration CN8 Raptor Gray Matte (37).jpg | Damian B Oh
2026-10-06 04:32:46,113 [INFO] Sent -> World War II Online | A particle for world to form
2026-10-06 04:32:46,222 [INFO] Sent -> Category:PD France | Gzen92Bot
2026-10-06 04:32:46,333 [INFO] Sent -> Category:PD US expired | Gzen92Bot
2026-10-06 04:32:46,443 [INFO] Sent -> Category:PD-US missing SDC copyright status | Gzen92Bot
2026-10-06 04:32:46,552 [INFO] Sent -> Category:Deletion requests October 2026 | Fæ
2026-10-06 04:32:46,667 [INFO] Sent -> File:JP 日本 Japan 沖繩 OKINAWA 那霸 Naha 久茂地 Chome Kumoji 縣廳前站 Prefectural Office Station January 2025 R12S 02.jpg | Adeletron 3030
2026-10-06 04:32:46,785 [INFO] Sent -> File:JP 日本 Japan 沖繩 OKINAWA 那霸 Naha 久茂地 Chome Kumoji 縣廳前站 Prefectural Office Station January 2025 R12S 04.jpg | Adeletron 3030
2026-10-06 04:32:46,898 [INFO] Sent -> Catégorie:Portail:Province d'Anvers/Articles liés | Archibald Tuttle
2026-10-06 04:32:47,007 [INFO] Sent -> Category:PD-old missing SDC copyright status | Gzen92Bot
2026-10-06 04:32:47,117 [INFO] Sent -> Catégorie:Portail:Région flamande/Articles liés | Archibald Tuttle
2026-10-06 04:32:47,227 [INFO] Sent -> Category:CC-PD-Mark | Gzen92Bot
2026-10-06 04:32:47,339 [INFO] Sent -> File:Hyundai Avante 2.0 Inspiration CN8 Raptor Gray Matte (37).jpg | Damian B Oh
2026-10-06 04:32:47,449 [INFO] Sent -> Category:PD Old (assumed) | Gzen92Bot
2026-10-06 04:32:47,560 [INFO] Sent -> Category:Manuscripts from Gallica (Bibliothèque nationale de France) uploaded by Gzen92Bot | Gzen92Bot
2026-10-06 04:32:47,669 [INFO] Sent -> Category:2025 in Kumoji, Okinawa prefecture | Adeletron 3030
2026-10-06 04:32:47,777 [INFO] Sent -> Category:La Conquête de la Terre sainte (par GUILLAUME DE TYR), avec la continuation. - btv1b9058986s | Gzen92Bot
2026-10-06 04:32:47,886 [INFO] Sent -> Category:Files with no machine-readable author | Gzen92Bot
2026-10-06 04:32:47,996 [INFO] Sent -> వర్గం:అచ్చుదిద్దబడని | దేవీప్రసాదశాస్త్రి
2026-10-06 04:32:48,109 [INFO] Sent -> Category:2025 in Kumoji, Okinawa prefecture | Adeletron 3030
2026-10-06 04:32:48,229 [INFO] Sent -> Q116395675 | DERDAKI ILIAS
2026-10-06 04:32:48,340 [INFO] Sent -> Category:Deletion requests October 2026 | Fæ
2026-10-06 04:32:48,461 [INFO] Sent -> Category:Creative Commons Attribution-Share Alike missing SDC copyright status | Damian B Oh
2026-10-06 04:32:48,581 [INFO] Sent -> Category:CS1 Lungereza-language sources (en) | Brenda Namulinda
2026-10-06 04:32:48,691 [INFO] Sent -> Category:CC-BY-SA-4.0 | Damian B Oh
2026-10-06 04:32:48,800 [INFO] Sent -> Category:Järva cykelled 28 | Salgo60
2026-10-06 04:32:48,909 [INFO] Sent -> Category:Creative Commons Attribution-Share Alike 4.0 missing SDC copyright license | Damian B Oh
2026-10-06 04:32:49,017 [INFO] Progress: 2100 sent, 0 skipped.
2026-10-06 04:32:49,127 [INFO] Sent -> File:Château Frontenac National Historic Site of Canada-4.JPG | Rkieferbot
2026-10-06 04:32:49,237 [INFO] Sent -> Category:Deletion requests October 2026 | Fæ
2026-10-06 04:32:49,345 [INFO] Sent -> Category:Self-published work | Damian B Oh
2026-10-06 04:32:49,454 [INFO] Sent -> File:Gender-religion.jpg | HanniMeyer
2026-10-06 04:32:49,562 [INFO] Sent -> Category:Self-published work missing SDC copyright license | Damian B Oh
2026-10-06 04:32:49,673 [INFO] Sent -> File:Westland High School yearbook 1996 - DPLA - 4e23a67bf5a2276af487b0eba66bc6fd (page 53).jpg | Fæ
2026-10-06 04:32:49,781 [INFO] Sent -> File:Kolomna Moskvoretskaya street 15 2020-05 302.JPG | Svetlov Artem
2026-10-06 04:32:49,892 [INFO] Sent -> Category:Hyundai Avante (CN8) | Damian B Oh
2026-10-06 04:32:50,002 [INFO] Sent -> File:Westland High School yearbook 1996 - DPLA - 4e23a67bf5a2276af487b0eba66bc6fd (page 52).jpg | Fæ
2026-10-06 04:32:50,111 [INFO] Sent -> File:Westland High School yearbook 1996 - DPLA - 4e23a67bf5a2276af487b0eba66bc6fd (page 45).jpg | Fæ
2026-10-06 04:32:50,220 [INFO] Sent -> Category:Gray Hyundai sedans | Damian B Oh
2026-10-06 04:32:50,331 [INFO] Sent -> File:JP 日本 Japan 沖繩 OKINAWA 那霸 Naha 久茂地 Chome Kumoji 縣廳前站 Prefectural Office Station January 2025 R12S 07.jpg | Adeletron 3030
2026-10-06 04:32:50,441 [INFO] Sent -> Category:Creative Commons Attribution-Share Alike missing SDC copyright status | Damian B Oh
2026-10-06 04:32:50,556 [INFO] Sent -> Q276244 | הנדב הנכון
2026-10-06 04:32:50,672 [INFO] Sent -> File:JP 日本 Japan 沖繩 OKINAWA 那霸 Naha 久茂地 Chome Kumoji 縣廳前站 Prefectural Office Station January 2025 R12S 08.jpg | Adeletron 3030
2026-10-06 04:32:50,781 [INFO] Sent -> Category:CC-BY-SA-4.0 | Damian B Oh
2026-10-06 04:32:50,890 [INFO] Sent -> Mr. Right (2009 film) | Bohemian Baltimore
2026-10-06 04:32:51,002 [INFO] Sent -> File:Kolomna Moskvoretskaya street 15 2020-05 302.JPG | Svetlov Artem
2026-10-06 04:32:51,121 [INFO] Sent -> Category:Creative Commons Attribution-Share Alike 4.0 missing SDC copyright license | Damian B Oh
2026-10-06 04:32:51,230 [INFO] Sent -> File:Westland High School yearbook 1996 - DPLA - 4e23a67bf5a2276af487b0eba66bc6fd (page 48).jpg | Fæ
2026-10-06 04:32:51,339 [INFO] Sent -> Category:Deletion requests October 2026 | Fæ
2026-10-06 04:32:51,448 [INFO] Sent -> Category:Self-published work | Damian B Oh
2026-10-06 04:32:51,556 [INFO] Sent -> Category:Deletion requests October 2026 | Fæ
2026-10-06 04:32:51,666 [INFO] Sent -> File:Hyundai Avante 2.0 Inspiration CN8 Raptor Gray Matte (38).jpg | Damian B Oh
2026-10-06 04:32:51,775 [INFO] Sent -> Category:Self-published work missing SDC copyright license | Damian B Oh
2026-10-06 04:32:51,883 [INFO] Sent -> Category:2025 in Kumoji, Okinawa prefecture | Adeletron 3030
2026-10-06 04:32:51,994 [INFO] Sent -> Category:2025 in Kumoji, Okinawa prefecture | Adeletron 3030
2026-10-06 04:32:52,383 [INFO] Sent -> Category:Hyundai Avante (CN8) | Damian B Oh
2026-10-06 04:32:52,508 [INFO] Sent -> Category:Gray Hyundai sedans | Damian B Oh
2026-10-06 04:32:52,618 [INFO] Sent -> Q116390456 | DERDAKI ILIAS
2026-10-06 04:32:52,728 [INFO] Sent -> Q25633487 | باسم
2026-10-06 04:32:52,836 [INFO] Sent -> Q116395676 | DERDAKI ILIAS
2026-10-06 04:32:52,948 [INFO] Sent -> Template:PRC admin/data/11/01/13/002/036 | Hamish-bot
2026-10-06 04:32:53,055 [INFO] Sent -> 爆誕 | ~2026-53781-56
2026-10-06 04:32:53,166 [INFO] Sent -> Category:Deletion requests October 2026 | Fæ
2026-10-06 04:32:53,324 [INFO] Sent -> File:Hyundai Avante 2.0 Inspiration CN8 Raptor Gray Matte (38).jpg | Damian B Oh
2026-10-06 04:32:53,453 [INFO] Sent -> 송악읍 | ~2026-53639-71
2026-10-06 04:32:53,570 [INFO] Sent -> File:JP 日本 Japan 沖繩 OKINAWA 那霸 Naha 久茂地 Chome Kumoji 縣廳前站 Prefectural Office Station January 2025 R12S 09.jpg | Adeletron 3030
2026-10-06 04:32:53,679 [INFO] Sent -> ထာမ်ပလိက်:vro-noun/documentation | Intobesa.bot
2026-10-06 04:32:53,788 [INFO] Sent -> Category:2025 in Kumoji, Okinawa prefecture | Adeletron 3030
2026-10-06 04:32:53,898 [INFO] Sent -> File:Westland High School yearbook 1996 - DPLA - 4e23a67bf5a2276af487b0eba66bc6fd (page 54).jpg | Fæ
2026-10-06 04:32:54,009 [INFO] Sent -> File:Westland High School yearbook 1996 - DPLA - 4e23a67bf5a2276af487b0eba66bc6fd (page 46).jpg | Fæ
2026-10-06 04:32:54,119 [INFO] Sent -> File:JP 日本 Japan 沖繩 OKINAWA 那霸 Naha 久茂地 Chome Kumoji 縣廳前站 Prefectural Office Station January 2025 R12S 10.jpg | Adeletron 3030
2026-10-06 04:32:54,228 [INFO] Sent -> Category:Deletion requests October 2026 | Fæ
2026-10-06 04:32:54,336 [INFO] Sent -> ကဏ္ဍ:မုက်လိက်သောဲသောဲမဆေၚ်စပ်ကဵုလိက်စၟတ်သမ္တီမချူပတိုန်လဝ်ဂမၠိုၚ် | Intobesa.bot
2026-10-06 04:32:54,456 [INFO] Sent -> Category:2025 in Kumoji, Okinawa prefecture | Adeletron 3030
2026-10-06 04:32:54,573 [INFO] Sent -> File:JP 日本 Japan 沖繩 OKINAWA 那霸 Naha 久茂地 Chome Kumoji 縣廳前站 Prefectural Office Station January 2025 R12S 12.jpg | Adeletron 3030
2026-10-06 04:32:54,695 [INFO] Sent -> Q10491872 | Mrwdat3
2026-10-06 04:32:54,804 [INFO] Sent -> Q3927097 | Hitsuji777
2026-10-06 04:32:54,915 [INFO] Sent -> Category:Creative Commons Attribution-Share Alike missing SDC copyright status | Damian B Oh
2026-10-06 04:32:55,026 [INFO] Sent -> Category:Deletion requests October 2026 | Fæ
2026-10-06 04:32:55,147 [INFO] Sent -> Category:Moscow Oblast photographs taken on 2020-05-24 | Svetlov Artem
2026-10-06 04:32:55,256 [INFO] Sent -> Category:Taken on missing SDC inception | Svetlov Artem
2026-10-06 04:32:55,364 [INFO] Sent -> Category:CC-BY-SA-4.0 | Damian B Oh
2026-10-06 04:32:55,473 [INFO] Sent -> File:Stereofoto van het vliegtuig van Henri Farman tijdens een vlucht, RP-F-2012-123 (cropped).jpg | PeterWD
2026-10-06 04:32:55,583 [INFO] Sent -> Category:Creative Commons Attribution-Share Alike 4.0 missing SDC copyright license | Damian B Oh
2026-10-06 04:32:55,693 [INFO] Sent -> Category:Media lacking a description | Svetlov Artem
2026-10-06 04:32:55,802 [INFO] Sent -> File:Westland High School yearbook 1996 - DPLA - 4e23a67bf5a2276af487b0eba66bc6fd (page 55).jpg | Fæ
2026-10-06 04:32:55,909 [INFO] Sent -> File:Stereofoto van het vliegtuig van Henri Farman tijdens een vlucht, RP-F-2012-123.jpg | PeterWD
2026-10-06 04:32:56,018 [INFO] Sent -> File:Westland High School yearbook 1996 - DPLA - 4e23a67bf5a2276af487b0eba66bc6fd (page 47).jpg | Fæ
2026-10-06 04:32:56,127 [INFO] Sent -> Category:Self-published work | Damian B Oh
2026-10-06 04:32:56,236 [INFO] Sent -> Category:Images without source | Svetlov Artem
2026-10-06 04:32:56,347 [INFO] Sent -> File:JP 日本 Japan 沖繩 OKINAWA 那霸 Naha 久茂地 Chome Kumoji 縣廳前站 Prefectural Office Station January 2025 R12S 13.jpg | Adeletron 3030
2026-10-06 04:32:56,457 [INFO] Sent -> Lee Jung | Phraowin
2026-10-06 04:32:56,569 [INFO] Sent -> Category:Self-published work missing SDC copyright license | Damian B Oh
2026-10-06 04:32:56,676 [INFO] Sent -> File:Westland High School yearbook 1996 - DPLA - 4e23a67bf5a2276af487b0eba66bc6fd (page 59).jpg | Fæ
2026-10-06 04:32:56,787 [INFO] Sent -> Category:Pages with local camera coordinates and missing SDC coordinates | Svetlov Artem
2026-10-06 04:32:56,896 [INFO] Sent -> File:Westland High School yearbook 1996 - DPLA - 4e23a67bf5a2276af487b0eba66bc6fd (page 56).jpg | Fæ
2026-10-06 04:32:57,007 [INFO] Sent -> Category:Hyundai Avante (CN8) | Damian B Oh
2026-10-06 04:32:57,120 [INFO] Sent -> Category:Files with coordinates missing SDC location of creation | Svetlov Artem
2026-10-06 04:32:57,228 [INFO] Sent -> Category:Gray Hyundai sedans | Damian B Oh
2026-10-06 04:32:57,334 [INFO] Sent -> Category:2025 in Kumoji, Okinawa prefecture | Adeletron 3030
2026-10-06 04:32:57,446 [INFO] Sent -> Категория:Проект:Компьютерные игры:Последняя правка: в текущем месяце | A particle for world to form
2026-10-06 04:32:57,554 [INFO] Sent -> Category:Creative Commons Attribution missing SDC copyright status | Svetlov Artem
2026-10-06 04:32:57,662 [INFO] Sent -> File:Westland High School yearbook 1996 - DPLA - 4e23a67bf5a2276af487b0eba66bc6fd (page 50).jpg | Fæ
2026-10-06 04:32:57,772 [INFO] Sent -> File:Palais des Beaux-Arts de Lille 60.jpg | Rockriderprime
2026-10-06 04:32:57,882 [INFO] Sent -> Категория:Проект:Компьютерные игры:Последняя правка: в текущем году | A particle for world to form
2026-10-06 04:32:57,992 [INFO] Sent -> Category:CC-BY-4.0 | Svetlov Artem
2026-10-06 04:32:58,102 [INFO] Sent -> Skipton | AlasdairW
2026-10-06 04:32:58,209 [INFO] Sent -> Category:Creative Commons Attribution 4.0 missing SDC copyright license | Svetlov Artem
2026-10-06 04:32:58,334 [INFO] Sent -> Dyskusja:Inny punkt widzenia | MastiBot
2026-10-06 04:32:58,455 [INFO] Sent -> File:Hyundai Avante 2.0 Inspiration CN8 Raptor Gray Matte (36).jpg | Damian B Oh
2026-10-06 04:32:58,562 [INFO] Sent -> Category:Gay-related romantic comedy-drama films | Bohemian Baltimore
2026-10-06 04:32:58,672 [INFO] Sent -> Category:Self-published work | Svetlov Artem
2026-10-06 04:32:58,779 [INFO] Sent -> Q116395677 | DERDAKI ILIAS
2026-10-06 04:32:58,886 [INFO] Sent -> Claire | ListeriaBot
2026-10-06 04:32:58,995 [INFO] Sent -> Category:LGBTQ-related romantic comedy-drama films | Bohemian Baltimore
2026-10-06 04:32:59,105 [INFO] Sent -> Category:Deletion requests October 2026 | Fæ
2026-10-06 04:32:59,216 [INFO] Sent -> Category:Self-published work missing SDC copyright license | Svetlov Artem
2026-10-06 04:32:59,325 [INFO] Sent -> Q10503054 | Mrwdat3
2026-10-06 04:32:59,438 [INFO] Sent -> Category:Photographs by Artem Svetlov/Moscow Oblast | Svetlov Artem
2026-10-06 04:32:59,560 [INFO] Sent -> Категория:ПРО:ИТ:Последняя правка: в текущем месяце | InternetArchiveBot
2026-10-06 04:32:59,668 [INFO] Sent -> Category:Moskvoretskaya street, Kolomna | Svetlov Artem
2026-10-06 04:32:59,779 [INFO] Sent -> File:JP 日本 Japan 沖繩 OKINAWA 那霸 Naha 久茂地 Chome Kumoji 縣廳前站 Prefectural Office Station stairs January 2025 R12S 226.jpg | Adeletron 3030
2026-10-06 04:32:59,887 [INFO] Sent -> Категория:ПРО:ИТ:Последняя правка: в текущем году | InternetArchiveBot
2026-10-06 04:32:59,996 [INFO] Sent -> Category:ISO speed rating 100 | Svetlov Artem
2026-10-06 04:33:00,106 [INFO] Sent -> Q116390457 | DERDAKI ILIAS
2026-10-06 04:33:00,215 [INFO] Sent -> Category:因历史原因保留的已停用模板 | Hamish-bot
2026-10-06 04:33:00,323 [INFO] Sent -> Category:Uploaded with Placejpg | Svetlov Artem
2026-10-06 04:33:00,432 [INFO] Progress: 2200 sent, 0 skipped.
2026-10-06 04:33:00,539 [INFO] Sent -> Category:2025 in Kumoji, Okinawa prefecture | Adeletron 3030
2026-10-06 04:33:00,651 [INFO] Sent -> Category:Deletion requests October 2026 | Fæ
2026-10-06 04:33:00,758 [INFO] Sent -> File:JP 日本 Japan 沖繩 OKINAWA 那霸 Naha 久茂地 Chome Kumoji 縣廳前站 Prefectural Office Station platform January 2025 R12S 202.jpg | Adeletron 3030
2026-10-06 04:33:00,869 [INFO] Sent -> Category:Deletion requests October 2026 | Fæ
2026-10-06 04:33:00,990 [INFO] Sent -> File:Westland High School yearbook 1996 - DPLA - 4e23a67bf5a2276af487b0eba66bc6fd (page 51).jpg | Fæ
2026-10-06 04:33:01,102 [INFO] Sent -> Category:Farman III | PeterWD
2026-10-06 04:33:01,211 [INFO] Sent -> File:JP 日本 Japan 沖繩 OKINAWA 那霸 Naha 久茂地 Chome Kumoji 縣廳前站 Prefectural Office Station January 2025 R12S 11.jpg | Adeletron 3030
2026-10-06 04:33:01,320 [INFO] Sent -> Category:2025 in Kumoji, Okinawa prefecture | Adeletron 3030
2026-10-06 04:33:01,428 [INFO] Sent -> 2026 Kasuwan Daji attack | Norlk
2026-10-06 04:33:01,538 [INFO] Sent -> Category:2025 in Kumoji, Okinawa prefecture | Adeletron 3030
2026-10-06 04:33:01,647 [INFO] Sent -> Category:Deletion requests October 2026 | Fæ
2026-10-06 04:33:01,758 [INFO] Sent -> Q116395678 | DERDAKI ILIAS
2026-10-06 04:33:01,866 [INFO] Sent -> File:Hyundai Avante 2.0 Inspiration CN8 Raptor Gray Matte (37).jpg | Damian B Oh
2026-10-06 04:33:01,976 [INFO] Sent -> Wikipedia:Articles for deletion/Bibliography of tourism | Sandstein
2026-10-06 04:33:02,084 [INFO] Sent -> File:Westland High School yearbook 1996 - DPLA - 4e23a67bf5a2276af487b0eba66bc6fd (page 62).jpg | Fæ
2026-10-06 04:33:02,196 [INFO] Sent -> Category:Farman III | PeterWD
2026-10-06 04:33:02,306 [INFO] Sent -> File:JP 日本 Japan 沖繩 OKINAWA 那霸 Naha 久茂地 Chome Kumoji 縣廳前站 Prefectural Office Station view January 2025 R12S 227.jpg | Adeletron 3030
2026-10-06 04:33:02,415 [INFO] Sent -> File:Westland High School yearbook 1996 - DPLA - 4e23a67bf5a2276af487b0eba66bc6fd (page 60).jpg | Fæ
2026-10-06 04:33:02,524 [INFO] Sent -> File:Westland High School yearbook 1996 - DPLA - 4e23a67bf5a2276af487b0eba66bc6fd (page 64).jpg | Fæ
2026-10-06 04:33:02,632 [INFO] Sent -> Category:Deletion requests October 2026 | Fæ
2026-10-06 04:33:02,740 [INFO] Sent -> Category:2025 in Kumoji, Okinawa prefecture | Adeletron 3030
2026-10-06 04:33:02,850 [INFO] Sent -> Category:Deletion requests October 2026 | Fæ
2026-10-06 04:33:02,957 [INFO] Sent -> Category:2025 in Kumoji, Okinawa prefecture | Adeletron 3030
2026-10-06 04:33:03,068 [INFO] Sent -> Q116390474 | DERDAKI ILIAS
2026-10-06 04:33:03,177 [INFO] Sent -> File:Hyundai Avante 2.0 Inspiration CN8 Raptor Gray Matte (38).jpg | Damian B Oh
2026-10-06 04:33:03,286 [INFO] Sent -> Category:Articles with dead external links | AlasdairW
2026-10-06 04:33:03,397 [INFO] Sent -> Category:Deletion requests October 2026 | Fæ
2026-10-06 04:33:03,507 [INFO] Sent -> Q97178332 | MsynBot
2026-10-06 04:33:03,614 [INFO] Sent -> File:Westland High School yearbook 1996 - DPLA - 4e23a67bf5a2276af487b0eba66bc6fd (page 63).jpg | Fæ
2026-10-06 04:33:03,723 [INFO] Sent -> St. Nikolaus (Bächingen an der Brenz) | X3X4X5
2026-10-06 04:33:03,835 [INFO] Sent -> File:NOUVEAU D'HOZIER. Combe-Contaud. - btv1b10083547v (295 of 407).jpg | Gzen92Bot
2026-10-06 04:33:03,957 [INFO] Sent -> Q14529637 | Mrwdat3
2026-10-06 04:33:04,064 [INFO] Sent -> Category:2025 in Kumoji, Okinawa prefecture | Adeletron 3030
2026-10-06 04:33:04,175 [INFO] Sent -> Logica | ~2026-53733-64
2026-10-06 04:33:04,283 [INFO] Sent -> Category:2025 in Kumoji, Okinawa prefecture | Adeletron 3030
2026-10-06 04:33:04,390 [INFO] Sent -> Category:Deletion requests October 2026 | Fæ
2026-10-06 04:33:04,500 [INFO] Sent -> Brannay | Vikiçizer
2026-10-06 04:33:04,608 [INFO] Sent -> Q141655778 | ~2026-53577-78
2026-10-06 04:33:04,719 [INFO] Sent -> Q116395679 | DERDAKI ILIAS
2026-10-06 04:33:04,828 [INFO] Sent -> Category:Deletion requests October 2026 | Fæ
2026-10-06 04:33:04,936 [INFO] Sent -> Category:Norville (given name) | Lotje
2026-10-06 04:33:05,045 [INFO] Sent -> File:JP 日本 Japan 沖繩 OKINAWA 那霸 Naha 久茂地 Chome Kumoji 縣廳前站 Prefectural Office Station view January 2025 R12S 228.jpg | Adeletron 3030
2026-10-06 04:33:05,155 [INFO] Sent -> File:JP 日本 Japan 沖繩 OKINAWA 那霸 Naha 久茂地 Chome Kumoji 縣廳前站 Prefectural Office Station view nearby buildings January 2025 R12S 225.jpg | Adeletron 3030
2026-10-06 04:33:05,264 [INFO] Sent -> Category:Deletion requests October 2026 | Fæ
2026-10-06 04:33:05,373 [INFO] Sent -> User:SM-MWM | SM-MWM
2026-10-06 04:33:05,483 [INFO] Sent -> Q3616013 | AkiyonKS
2026-10-06 04:33:05,590 [INFO] Sent -> Ágoston Péterné | 12akd
2026-10-06 04:33:05,701 [INFO] Sent -> Category:Orphaned articles from October 2026 | Norlk
2026-10-06 04:33:05,811 [INFO] Sent -> Category:Deletion requests October 2026 | Fæ
2026-10-06 04:33:05,920 [INFO] Sent -> Category:All orphaned articles | Norlk
2026-10-06 04:33:06,028 [INFO] Sent -> Category:Deletion requests October 2026 | Fæ
2026-10-06 04:33:06,139 [INFO] Sent -> File:JP 日本 Japan 沖繩 OKINAWA 那霸 Naha 久茂地 Chome Kumoji 縣廳前站 Prefectural Office Station view building January 2025 R12S 201.jpg | Adeletron 3030
2026-10-06 04:33:06,249 [INFO] Sent -> Q3616013 | AkiyonKS
2026-10-06 04:33:06,360 [INFO] Sent -> Q116390475 | DERDAKI ILIAS
2026-10-06 04:33:06,469 [INFO] Sent -> Category:Artworks without Wikidata item | Gzen92Bot
2026-10-06 04:33:06,580 [INFO] Sent -> Category:PD France | Gzen92Bot
2026-10-06 04:33:06,692 [INFO] Sent -> Category:PD US expired | Gzen92Bot
2026-10-06 04:33:06,800 [INFO] Sent -> Benutzer:Uwe Gille | Uwe Gille
2026-10-06 04:33:06,909 [INFO] Sent -> File:Westland High School yearbook 1996 - DPLA - 4e23a67bf5a2276af487b0eba66bc6fd (page 71).jpg | Fæ
2026-10-06 04:33:07,019 [INFO] Sent -> File:Borne Frontière Allemagne Belgique Pays Bas Colline Vaalserberg - Aix-la-Chapelle (DEA2) - 2026-09-27 - 1.jpg | Chabe01
2026-10-06 04:33:07,477 [INFO] Sent -> Category:PD-US missing SDC copyright status | Gzen92Bot
2026-10-06 04:33:07,607 [INFO] Sent -> Category:Uses of Wikidata Infobox with no item | Lotje
2026-10-06 04:33:07,732 [INFO] Sent -> Category:PD-old missing SDC copyright status | Gzen92Bot
2026-10-06 04:33:07,842 [INFO] Sent -> Q116395680 | DERDAKI ILIAS
2026-10-06 04:33:07,965 [INFO] Sent -> Category:Given names | Lotje
2026-10-06 04:33:08,075 [INFO] Sent -> Category:CC-PD-Mark | Gzen92Bot
2026-10-06 04:33:08,247 [INFO] Sent -> File:Westland High School yearbook 1996 - DPLA - 4e23a67bf5a2276af487b0eba66bc6fd (page 67).jpg | Fæ
2026-10-06 04:33:08,418 [INFO] Sent -> Talk:Naproxen | Rich Farmbrough
2026-10-06 04:33:08,580 [INFO] Sent -> Category:PD Old (assumed) | Gzen92Bot
2026-10-06 04:33:08,790 [INFO] Sent -> Q14694673 | Mrwdat3
2026-10-06 04:33:09,088 [INFO] Sent -> Category:Deletion requests October 2026 | Fæ
2026-10-06 04:33:09,231 [INFO] Sent -> File:Château Frontenac National Historic Site of Canada-3.JPG | Rkieferbot
2026-10-06 04:33:09,351 [INFO] Sent -> Category:Manuscripts from Gallica (Bibliothèque nationale de France) uploaded by Gzen92Bot | Gzen92Bot
2026-10-06 04:33:09,518 [INFO] Sent -> Category:Deletion requests October 2026 | Fæ
2026-10-06 04:33:09,673 [INFO] Sent -> Category:NOUVEAU D'HOZIER. Combe-Contaud. - btv1b10083547v | Gzen92Bot
2026-10-06 04:33:09,786 [INFO] Sent -> Category:2025 in Kumoji, Okinawa prefecture | Adeletron 3030
2026-10-06 04:33:09,905 [INFO] Sent -> Bibliography of tourism | Sandstein
2026-10-06 04:33:10,014 [INFO] Sent -> Category:Files with no machine-readable author | Gzen92Bot
2026-10-06 04:33:10,126 [INFO] Sent -> Category:Noindexed pages | Sandstein
2026-10-06 04:33:10,247 [INFO] Sent -> კატეგორიის განხილვა:სამკუთხედის ქვეჯგუფი | Surprizi
2026-10-06 04:33:10,356 [INFO] Sent -> Category:2025 in Kumoji, Okinawa prefecture | Adeletron 3030
2026-10-06 04:33:10,467 [INFO] Sent -> Category:AfD debates (Society topics) | Sandstein
2026-10-06 04:33:10,576 [INFO] Sent -> Portal:Huvudsida/Visste du att | Paracel63
2026-10-06 04:33:10,685 [INFO] Sent -> Category:AfD debates | Sandstein
2026-10-06 04:33:10,793 [INFO] Sent -> User:KarimZ45 | KarimZ45
2026-10-06 04:33:10,904 [INFO] Sent -> Category:Relisted AfD debates | Sandstein
2026-10-06 04:33:11,012 [INFO] Sent -> Bibliography of George W. Bush | D11JKS128132
2026-10-06 04:33:11,123 [INFO] Sent -> Strona:PL H Demesse Młoda wdowa from Dziennik dla Wszystkich i Anonsowy Y1899 No055 part01.jpg | Terwa
2026-10-06 04:33:11,231 [INFO] Sent -> Talk:Bibliography of tourism | Sandstein
2026-10-06 04:33:11,341 [INFO] Sent -> Q21667567 | Rebot
2026-10-06 04:33:11,448 [INFO] Sent -> Category:Images without source | Rockriderprime
2026-10-06 04:33:11,562 [INFO] Sent -> File:JP 日本 Japan 沖繩 OKINAWA 那霸 Naha 久茂地 Chome Kumoji 縣廳前站 Prefectural Office Station view nearby river January 2025 R12S 223.jpg | Adeletron 3030
2026-10-06 04:33:11,681 [INFO] Sent -> Q116390476 | DERDAKI ILIAS
2026-10-06 04:33:11,789 [INFO] Sent -> File:JP 日本 Japan 沖繩 OKINAWA 那霸 Naha 久茂地 Chome Kumoji 縣廳前站 Prefectural Office Station view passageway January 2025 R12S 200.jpg | Adeletron 3030
2026-10-06 04:33:11,897 [INFO] Sent -> Category:2025 in Kumoji, Okinawa prefecture | Adeletron 3030
2026-10-06 04:33:12,019 [INFO] Sent -> File:Westland High School yearbook 1996 - DPLA - 4e23a67bf5a2276af487b0eba66bc6fd (page 7).jpg | Fæ
2026-10-06 04:33:12,129 [INFO] Sent -> Category:Pages with local camera coordinates and missing SDC coordinates | Chabe01
2026-10-06 04:33:12,236 [INFO] Sent -> Category:Files with coordinates missing SDC location of creation (50° N, 6° E) | Chabe01
2026-10-06 04:33:12,346 [INFO] Sent -> Q14824827 | Mrwdat3
2026-10-06 04:33:12,456 [INFO] Progress: 2300 sent, 0 skipped.
2026-10-06 04:33:12,566 [INFO] Sent -> File:JP 日本 Japan 沖繩 OKINAWA 那霸 Naha 國際通 Kokusai-dori 久茂地 Chome Kumoji January 2025 R12S 08.jpg | Adeletron 3030
2026-10-06 04:33:12,675 [INFO] Sent -> Category:Creative Commons Attribution-Share Alike missing SDC copyright status | Chabe01
2026-10-06 04:33:12,785 [INFO] Sent -> Anton Bilek | Stableview
2026-10-06 04:33:12,894 [INFO] Sent -> Category:CC-BY-SA-4.0 | Chabe01
2026-10-06 04:33:13,006 [INFO] Sent -> Category:Creative Commons Attribution-Share Alike 4.0 missing SDC copyright license | Chabe01
2026-10-06 04:33:13,117 [INFO] Sent -> File:Hyundai Avante 2.0 Inspiration CN8 Raptor Gray Matte (39).jpg | Damian B Oh
2026-10-06 04:33:13,226 [INFO] Sent -> Category:Self-published work | Chabe01
2026-10-06 04:33:13,337 [INFO] Sent -> Phương Mỹ Chi | ALittleButterfly15
2026-10-06 04:33:13,447 [INFO] Sent -> Kategoria:Skorygowana | Terwa
2026-10-06 04:33:13,556 [INFO] Sent -> Category:Self-published work missing SDC copyright license | Chabe01
2026-10-06 04:33:13,665 [INFO] Sent -> File:Westland High School yearbook 1996 - DPLA - 4e23a67bf5a2276af487b0eba66bc6fd (page 74).jpg | Fæ
2026-10-06 04:33:13,775 [INFO] Sent -> ফ্রান্সিস হালসেন | Zaheen
2026-10-06 04:33:13,885 [INFO] Sent -> Kategoria:Przepisana | Terwa
2026-10-06 04:33:13,997 [INFO] Sent -> Kurs:Singularitätentheorie (Osnabrück 2026-2027)/Freier endlich erzeugter Modul/Flach/Aufgabe/Aufgabereferenznummer | Arbota
2026-10-06 04:33:14,105 [INFO] Sent -> Category:Aachen | Chabe01
2026-10-06 04:33:14,214 [INFO] Sent -> File:JP 日本 Japan 沖繩 OKINAWA 那霸 Naha 久茂地 Chome Kumoji 縣廳前站 Prefectural Office Station view nearby river January 2025 R12S 224.jpg | Adeletron 3030
2026-10-06 04:33:14,323 [INFO] Sent -> Category:Deletion requests October 2026 | Fæ
2026-10-06 04:33:14,433 [INFO] Sent -> Category:September 2026 in Aachen | Chabe01
2026-10-06 04:33:14,542 [INFO] Sent -> Q141657017 | Rohini
2026-10-06 04:33:14,652 [INFO] Sent -> File:JP 日本 Japan 沖繩 OKINAWA 那霸 Naha 國際通 Kokusai-dori 久茂地 Chome Kumoji January 2025 R12S 19.jpg | Adeletron 3030
2026-10-06 04:33:14,762 [INFO] Sent -> File:Westland High School yearbook 1996 - DPLA - 4e23a67bf5a2276af487b0eba66bc6fd (page 77).jpg | Fæ
2026-10-06 04:33:14,875 [INFO] Sent -> Category:Images of Aachen by Chabe01 | Chabe01
2026-10-06 04:33:14,995 [INFO] Sent -> Category:Deletion requests October 2026 | Fæ
2026-10-06 04:33:15,103 [INFO] Sent -> Category:North Rhine-Westphalia photographs taken on 2026-09-27 | Chabe01
2026-10-06 04:33:15,211 [INFO] Sent -> File:Hyundai Avante 2.0 Inspiration CN8 Raptor Gray Matte (39).jpg | Damian B Oh
2026-10-06 04:33:15,320 [INFO] Sent -> Category:Images by Chabe01 taken with iPhone 16 Pro | Chabe01
2026-10-06 04:33:15,430 [INFO] Sent -> Q116395681 | DERDAKI ILIAS
2026-10-06 04:33:15,540 [INFO] Sent -> File:Westland High School yearbook 1996 - DPLA - 4e23a67bf5a2276af487b0eba66bc6fd (page 72).jpg | Fæ
2026-10-06 04:33:15,650 [INFO] Sent -> Lebanon, Tennessee | InternetArchiveBot
2026-10-06 04:33:15,758 [INFO] Sent -> Category:2025 in Kumoji, Okinawa prefecture | Adeletron 3030
2026-10-06 04:33:15,867 [INFO] Sent -> Kategorie:Kurs:Singularitätentheorie (Osnabrück 2026-2027)/Referenznummer | Arbota
2026-10-06 04:33:15,989 [INFO] Sent -> Q11261299 | Zala
2026-10-06 04:33:16,099 [INFO] Sent -> File:Westland High School yearbook 1996 - DPLA - 4e23a67bf5a2276af487b0eba66bc6fd (page 80).jpg | Fæ
2026-10-06 04:33:16,208 [INFO] Sent -> File:Westland High School yearbook 1996 - DPLA - 4e23a67bf5a2276af487b0eba66bc6fd (page 73).jpg | Fæ
2026-10-06 04:33:16,317 [INFO] Sent -> Q116390477 | DERDAKI ILIAS
2026-10-06 04:33:16,425 [INFO] Sent -> Template:Cite web/Hebrew/IDF website/box/doc | ווסטוק
2026-10-06 04:33:16,534 [INFO] Sent -> Lachlan Sepping | Makejets
2026-10-06 04:33:16,644 [INFO] Sent -> File:Westland High School yearbook 1996 - DPLA - 4e23a67bf5a2276af487b0eba66bc6fd (page 78).jpg | Fæ
2026-10-06 04:33:16,754 [INFO] Sent -> Q14870651 | Mrwdat3
2026-10-06 04:33:16,864 [INFO] Sent -> Category:Noindexed articles | Sandstein
2026-10-06 04:33:16,973 [INFO] Sent -> Q11261299 | Zala
2026-10-06 04:33:17,083 [INFO] Sent -> Category:2025 in Kumoji, Okinawa prefecture | Adeletron 3030
2026-10-06 04:33:17,194 [INFO] Sent -> Category:2025 in Kumoji, Okinawa prefecture | Adeletron 3030
2026-10-06 04:33:17,302 [INFO] Sent -> Category:Articles for deletion | Sandstein
2026-10-06 04:33:17,412 [INFO] Sent -> File:Westland High School yearbook 1996 - DPLA - 4e23a67bf5a2276af487b0eba66bc6fd (page 75).jpg | Fæ
2026-10-06 04:33:17,521 [INFO] Sent -> Q3825 | Ornithorynque liminaire
2026-10-06 04:33:17,630 [INFO] Sent -> Q141657017 | Rohini
2026-10-06 04:33:17,741 [INFO] Sent -> Category:2025 in Kumoji, Okinawa prefecture | Adeletron 3030
2026-10-06 04:33:17,851 [INFO] Sent -> Wikipedia:字词转换/修复请求 | Chiefwei
2026-10-06 04:33:17,960 [INFO] Sent -> File:Westland High School yearbook 1996 - DPLA - 4e23a67bf5a2276af487b0eba66bc6fd (page 81).jpg | Fæ
2026-10-06 04:33:18,069 [INFO] Sent -> Q116395682 | DERDAKI ILIAS
2026-10-06 04:33:18,179 [INFO] Sent -> Category:Creative Commons Attribution-Share Alike missing SDC copyright status | Damian B Oh
2026-10-06 04:33:18,291 [INFO] Sent -> Category:Deletion requests October 2026 | Fæ
2026-10-06 04:33:18,414 [INFO] Sent -> Category:CC-BY-SA-4.0 | Damian B Oh
2026-10-06 04:33:18,549 [INFO] Sent -> Category:2025 in Kumoji, Okinawa prefecture | Adeletron 3030
2026-10-06 04:33:18,661 [INFO] Sent -> File:Hyundai Avante 2.0 Inspiration CN8 Raptor Gray Matte (41).jpg | Damian B Oh
2026-10-06 04:33:18,768 [INFO] Sent -> Q141511567 | Artsiom91
2026-10-06 04:33:18,876 [INFO] Sent -> Category:Creative Commons Attribution-Share Alike 4.0 missing SDC copyright license | Damian B Oh
2026-10-06 04:33:18,986 [INFO] Sent -> Category:Self-published work | Damian B Oh
2026-10-06 04:33:19,095 [INFO] Sent -> Category:Self-published work missing SDC copyright license | Damian B Oh
2026-10-06 04:33:19,203 [INFO] Sent -> File:Borne Frontière Allemagne Belgique Pays Bas Colline Vaalserberg - Aix-la-Chapelle (DEA2) - 2026-09-27 - 1.jpg | Chabe01
2026-10-06 04:33:19,314 [INFO] Sent -> Category:Hyundai Avante (CN8) | Damian B Oh
2026-10-06 04:33:19,420 [INFO] Sent -> Category:Gray Hyundai sedans | Damian B Oh
2026-10-06 04:33:19,529 [INFO] Sent -> File:Hyundai Avante 2.0 Inspiration CN8 Raptor Gray Matte (41).jpg | Damian B Oh
2026-10-06 04:33:19,639 [INFO] Sent -> File:Westland High School yearbook 1996 - DPLA - 4e23a67bf5a2276af487b0eba66bc6fd (page 83).jpg | Fæ
2026-10-06 04:33:19,749 [INFO] Sent -> Q141657017 | Rohini
2026-10-06 04:33:19,875 [INFO] Sent -> WINDALCO | ~2026-48506-05
2026-10-06 04:33:19,982 [INFO] Sent -> Category:Template documentation pages | ווסטוק
2026-10-06 04:33:20,091 [INFO] Sent -> Liste von Dramatikerinnen | Krdbot
2026-10-06 04:33:20,202 [INFO] Sent -> Category:CS1 errors: dates | Stableview
2026-10-06 04:33:20,311 [INFO] Sent -> File:ISS074-E-573282 - View of South Africa.jpg | OptimusPrimeBot
2026-10-06 04:33:20,421 [INFO] Sent -> Q116390478 | DERDAKI ILIAS
2026-10-06 04:33:20,534 [INFO] Sent -> Category:Deletion requests October 2026 | Fæ
2026-10-06 04:33:20,651 [INFO] Sent -> Category:Deletion requests October 2026 | Fæ
2026-10-06 04:33:20,760 [INFO] Sent -> Category:Deletion requests October 2026 | Fæ
2026-10-06 04:33:20,870 [INFO] Sent -> Category:Deletion requests October 2026 | Fæ
2026-10-06 04:33:20,980 [INFO] Sent -> Q141657017 | Rohini
2026-10-06 04:33:21,089 [INFO] Sent -> Q11261299 | Zala
2026-10-06 04:33:21,200 [INFO] Sent -> Category:Deletion requests October 2026 | Fæ
2026-10-06 04:33:21,308 [INFO] Sent -> File:Hyundai Avante 2.0 Inspiration CN8 Raptor Gray Matte (40).jpg | Damian B Oh
2026-10-06 04:33:21,419 [INFO] Sent -> Q2157146 | Mrwdat3
2026-10-06 04:33:21,540 [INFO] Sent -> Leer (Ostfriesland) railway station | Rrustema
2026-10-06 04:33:21,651 [INFO] Sent -> File:Westland High School yearbook 1996 - DPLA - 4e23a67bf5a2276af487b0eba66bc6fd (page 9).jpg | Fæ
2026-10-06 04:33:21,758 [INFO] Sent -> User:AntⅰCompositeNumber ⅰs a faaggot19 | AntⅰCompositeNumber ⅰs a faaggot19
2026-10-06 04:33:21,869 [INFO] Sent -> John Lydon | ThaesOfereode
2026-10-06 04:33:21,977 [INFO] Sent -> Category:Deletion requests October 2026 | Fæ
2026-10-06 04:33:22,092 [INFO] Sent -> Category:ISS photographs taken on 2026-05-03 | OptimusPrimeBot
2026-10-06 04:33:22,214 [INFO] Sent -> Category:Taken on missing SDC inception | OptimusPrimeBot
2026-10-06 04:33:22,523 [INFO] Sent -> File:Hyundai Avante 2.0 Inspiration CN8 Raptor Gray Matte (40).jpg | Damian B Oh
2026-10-06 04:33:22,646 [INFO] Sent -> Category:Deletion requests October 2026 | Fæ
2026-10-06 04:33:22,756 [INFO] Sent -> Category:Images from the Earth Science and Remote Sensing Unit, Lyndon B. Johnson Space Center | OptimusPrimeBot
2026-10-06 04:33:22,866 [INFO] Sent -> Category:Pages with local object coordinates and missing SDC coordinates | OptimusPrimeBot
2026-10-06 04:33:22,978 [INFO] Sent -> Brienon-sur-Armançon | Vikiçizer
2026-10-06 04:33:23,098 [INFO] Sent -> Category:Deletion requests October 2026 | Fæ
2026-10-06 04:33:23,223 [INFO] Sent -> Category:Files with coordinates missing SDC location of creation | OptimusPrimeBot
2026-10-06 04:33:23,348 [INFO] Sent -> Category:Creative Commons Attribution-Share Alike missing SDC copyright status | Damian B Oh
2026-10-06 04:33:23,471 [INFO] Sent -> Category:PD NASA | OptimusPrimeBot
2026-10-06 04:33:23,599 [INFO] Sent -> File:Westland High School yearbook 1996 - DPLA - 4e23a67bf5a2276af487b0eba66bc6fd (page 89).jpg | Fæ
2026-10-06 04:33:23,722 [INFO] Sent -> Promi Big Brother/Staffel 14 | Frarenatin
2026-10-06 04:33:23,830 [INFO] Progress: 2400 sent, 0 skipped.
2026-10-06 04:33:23,939 [INFO] Sent -> Lexeme:L1742989 | Oung ring
2026-10-06 04:33:24,051 [INFO] Sent -> Category:PD-USGov missing SDC copyright status | OptimusPrimeBot
2026-10-06 04:33:24,157 [INFO] Sent -> Category:Creative Commons Attribution-Share Alike 4.0 missing SDC copyright license | Damian B Oh
2026-10-06 04:33:24,269 [INFO] Sent -> Category:ISS Expedition 74 Crew Earth Observations (dump) | OptimusPrimeBot
2026-10-06 04:33:24,391 [INFO] Sent -> Q116395684 | DERDAKI ILIAS
2026-10-06 04:33:24,500 [INFO] Sent -> Category:Self-published work | Damian B Oh
2026-10-06 04:33:24,610 [INFO] Sent -> Category:NASA GAPE files uploaded by OptimusPrimeBot | OptimusPrimeBot
2026-10-06 04:33:24,719 [INFO] Sent -> Category:Self-published work missing SDC copyright license | Damian B Oh
2026-10-06 04:33:24,829 [INFO] Sent -> Category:Photos of South Africa by ISS Expedition 74 Crew Earth Observations | OptimusPrimeBot
2026-10-06 04:33:24,953 [INFO] Sent -> Q141657026 | Lohen11
2026-10-06 04:33:25,066 [INFO] Sent -> Category:Basketball players from Columbia, Missouri | Ernsanchez00
2026-10-06 04:33:25,191 [INFO] Sent -> Category:Hyundai Avante (CN8) | Damian B Oh
2026-10-06 04:33:25,314 [INFO] Sent -> Laos başbakanları listesi | Martin Macha 2111
2026-10-06 04:33:25,422 [INFO] Sent -> Category:Taken with Nikon Z 9 | OptimusPrimeBot
2026-10-06 04:33:25,533 [INFO] Sent -> Q14041677 | Mrwdat3
2026-10-06 04:33:25,644 [INFO] Sent -> File:Hyundai Avante 2.0 Inspiration CN8 Raptor Gray Matte (39).jpg | Damian B Oh
2026-10-06 04:33:25,752 [INFO] Sent -> Category:Gray Hyundai sedans | Damian B Oh
2026-10-06 04:33:25,863 [INFO] Sent -> Hanna Fahl | Boberger
2026-10-06 04:33:25,973 [INFO] Sent -> Category:Deletion requests October 2026 | Fæ
2026-10-06 04:33:26,081 [INFO] Sent -> Q116390480 | DERDAKI ILIAS
2026-10-06 04:33:26,189 [INFO] Sent -> Category:Creative Commons Attribution-Share Alike missing SDC copyright status | Damian B Oh
2026-10-06 04:33:26,297 [INFO] Sent -> Category:CC-BY-SA-4.0 | Damian B Oh
2026-10-06 04:33:26,406 [INFO] Sent -> Wikipedia:改名提案 | コロネン
2026-10-06 04:33:26,515 [INFO] Sent -> Category:Creative Commons Attribution-Share Alike 4.0 missing SDC copyright license | Damian B Oh
2026-10-06 04:33:26,625 [INFO] Sent -> Hajime Hosogai | İmmortalance
2026-10-06 04:33:26,734 [INFO] Sent -> Category:Self-published work | Damian B Oh
2026-10-06 04:33:26,844 [INFO] Sent -> Q37336102 | Cewbot
2026-10-06 04:33:26,953 [INFO] Sent -> Category:Self-published work missing SDC copyright license | Damian B Oh
2026-10-06 04:33:27,063 [INFO] Sent -> Q116395685 | DERDAKI ILIAS
2026-10-06 04:33:27,173 [INFO] Sent -> Category:Hyundai Avante (CN8) | Damian B Oh
2026-10-06 04:33:27,283 [INFO] Sent -> Category:Gray Hyundai sedans | Damian B Oh
2026-10-06 04:33:27,395 [INFO] Sent -> File:Mapillary (federicodebetto) 2025-01-10 11H40M56S000 (682659034752453 at QuYWrd4Tmiw73Ja51pHlvf) taken with Insta360 Insta360 Titan.jpg | SchlurcherBot
2026-10-06 04:33:27,502 [INFO] Sent -> Category:Basketball players from Missouri by populated place | Ernsanchez00
2026-10-06 04:33:27,612 [INFO] Sent -> Category:Sportspeople from Columbia, Missouri, by sport | Ernsanchez00
2026-10-06 04:33:27,720 [INFO] Sent -> dewletokekê | JiyanBot
2026-10-06 04:33:27,829 [INFO] Sent -> Категория:Села в околия Бунархисар | PowerBUL
2026-10-06 04:33:27,936 [INFO] Sent -> File:Westland High School yearbook 1996 - DPLA - 4e23a67bf5a2276af487b0eba66bc6fd (page 99).jpg | Fæ
2026-10-06 04:33:28,046 [INFO] Sent -> File:Westland High School yearbook 1996 - DPLA - 4e23a67bf5a2276af487b0eba66bc6fd (page 82).jpg | Fæ
2026-10-06 04:33:28,154 [INFO] Sent -> File:Westland High School yearbook 1996 - DPLA - 4e23a67bf5a2276af487b0eba66bc6fd (page 98).jpg | Fæ
2026-10-06 04:33:28,270 [INFO] Sent -> File:Hyundai Avante 2.0 Inspiration CN8 Raptor Gray Matte (41).jpg | Damian B Oh
2026-10-06 04:33:28,387 [INFO] Sent -> Schreurs | Wisdood
2026-10-06 04:33:28,496 [INFO] Sent -> Tyreece Campbell | ~2026-48280-56
2026-10-06 04:33:28,603 [INFO] Sent -> Q116390481 | DERDAKI ILIAS
2026-10-06 04:33:28,714 [INFO] Sent -> File:State Temple of the Martial God, Three Generations Hall, Tainan City (Taiwan).jpg | 阿道
2026-10-06 04:33:28,824 [INFO] Sent -> Category:Deletion requests October 2026 | Fæ
2026-10-06 04:33:28,931 [INFO] Sent -> Kategorie:Wikipedia:Seite mit Einzelnachweisfehlern | Frarenatin
2026-10-06 04:33:29,040 [INFO] Sent -> Wikipedysta:Baltrus7/brudnopis4 | Baltrus7
2026-10-06 04:33:29,148 [INFO] Sent -> File:Pałac z parkiem Bogatyńskie2.jpg | Rkieferbot
2026-10-06 04:33:29,256 [INFO] Sent -> Category:Deletion requests October 2026 | Fæ
2026-10-06 04:33:29,365 [INFO] Sent -> Q116395686 | DERDAKI ILIAS
2026-10-06 04:33:29,475 [INFO] Sent -> Q8066059 | Mrwdat3
2026-10-06 04:33:29,586 [INFO] Sent -> Brion, Yonne | Vikiçizer
2026-10-06 04:33:29,696 [INFO] Sent -> File:Hyundai Avante 2.0 Inspiration CN8 Raptor Gray Matte (40).jpg | Damian B Oh
2026-10-06 04:33:29,806 [INFO] Sent -> File:Westland High School yearbook 1996 - DPLA - 4e23a67bf5a2276af487b0eba66bc6fd (page 91).jpg | Fæ
2026-10-06 04:33:29,914 [INFO] Sent -> File:Westland High School yearbook 1996 - DPLA - 4e23a67bf5a2276af487b0eba66bc6fd (page 95).jpg | Fæ
2026-10-06 04:33:30,024 [INFO] Sent -> Категория:Околия Бунархисар | PowerBUL
2026-10-06 04:33:30,135 [INFO] Sent -> Kategori:Türkiye'deki gurbetçi erkek futbolcular | İmmortalance
2026-10-06 04:33:30,245 [INFO] Sent -> Kategori:Türkiye'deki gurbetçi futbolcular | İmmortalance
2026-10-06 04:33:30,351 [INFO] Sent -> Kategori:Ingen bild på Wikidata men det finns lokalt | Boberger
2026-10-06 04:33:30,472 [INFO] Sent -> Yugurta Hamrun | İmmortalance
2026-10-06 04:33:30,584 [INFO] Sent -> File:S. Hieronymus - btv1b52504546z (408 of 620).jpg | Gzen92Bot
2026-10-06 04:33:30,692 [INFO] Sent -> Category:Cultural heritage monuments in Taiwan | 阿道
2026-10-06 04:33:30,803 [INFO] Sent -> Сурман (Айова) | InternetArchiveBot
2026-10-06 04:33:30,924 [INFO] Sent -> Q16606764 | Kristbaumbot
2026-10-06 04:33:31,034 [INFO] Sent -> Q116395687 | DERDAKI ILIAS
2026-10-06 04:33:31,143 [INFO] Sent -> Q116390482 | DERDAKI ILIAS
2026-10-06 04:33:31,253 [INFO] Sent -> Category:Deletion requests October 2026 | Fæ
2026-10-06 04:33:31,361 [INFO] Sent -> Category:Deletion requests October 2026 | Fæ
2026-10-06 04:33:31,470 [INFO] Sent -> Category:Artworks without Wikidata item | Gzen92Bot
2026-10-06 04:33:31,584 [INFO] Sent -> Category:Dictionary entries | Kreuz und quer
2026-10-06 04:33:31,692 [INFO] Sent -> Category:PD France | Gzen92Bot
2026-10-06 04:33:31,798 [INFO] Sent -> Category:Deletion requests October 2026 | Fæ
2026-10-06 04:33:31,908 [INFO] Sent -> Category:PD US expired | Gzen92Bot
2026-10-06 04:33:32,018 [INFO] Sent -> Category:PD-US missing SDC copyright status | Gzen92Bot
2026-10-06 04:33:32,126 [INFO] Sent -> Category:PD-old missing SDC copyright status | Gzen92Bot
2026-10-06 04:33:32,235 [INFO] Sent -> Q3381833 | Mrwdat3
2026-10-06 04:33:32,346 [INFO] Sent -> Category:CC-PD-Mark | Gzen92Bot
2026-10-06 04:33:32,467 [INFO] Sent -> Category:PD Old (assumed) | Gzen92Bot
2026-10-06 04:33:32,579 [INFO] Sent -> Category:Manuscripts from Gallica (Bibliothèque nationale de France) uploaded by Gzen92Bot | Gzen92Bot
2026-10-06 04:33:32,687 [INFO] Sent -> Category:Deletion requests October 2026 | Fæ
2026-10-06 04:33:32,797 [INFO] Sent -> internacionalista | Al Silonov
2026-10-06 04:33:32,906 [INFO] Sent -> Category:S. Hieronymus - btv1b52504546z | Gzen92Bot
2026-10-06 04:33:33,016 [INFO] Sent -> Bharmal | ~2026-53660-30
2026-10-06 04:33:33,126 [INFO] Sent -> Category:All articles with unsourced statements | ~2026-48280-56
2026-10-06 04:33:33,238 [INFO] Sent -> Bharmal | ~2026-53660-30
2026-10-06 04:33:33,358 [INFO] Sent -> Category:Articles with unsourced statements from June 2025 | ~2026-48280-56
2026-10-06 04:33:33,466 [INFO] Sent -> Q100805636 | HanTsî
2026-10-06 04:33:33,579 [INFO] Sent -> Category:Deletion requests October 2026 | Fæ
2026-10-06 04:33:33,701 [INFO] Sent -> Category:Uses of Wikidata Infobox with no item | Kreuz und quer
2026-10-06 04:33:33,823 [INFO] Sent -> Kategori:Türkiye'deki gurbetçi erkek futbolcular | İmmortalance
2026-10-06 04:33:33,933 [INFO] Sent -> Category:Dictionary | Kreuz und quer
2026-10-06 04:33:34,044 [INFO] Sent -> Kategori:Türkiye'deki gurbetçi futbolcular | İmmortalance
2026-10-06 04:33:34,154 [INFO] Sent -> Q116395689 | DERDAKI ILIAS
2026-10-06 04:33:34,266 [INFO] Sent -> Category:Definitions of words | Kreuz und quer
2026-10-06 04:33:34,374 [INFO] Sent -> File:Hyundai Avante 2.0 Inspiration CN8 Raptor Gray Matte (42).jpg | Damian B Oh
2026-10-06 04:33:34,481 [INFO] Sent -> Q37336311 | Cewbot
2026-10-06 04:33:34,591 [INFO] Sent -> Сурмонт (Мэриленд) | InternetArchiveBot
2026-10-06 04:33:34,702 [INFO] Sent -> File:Hyundai Avante 2.0 Inspiration CN8 Raptor Gray Matte (42).jpg | Damian B Oh
2026-10-06 04:33:34,810 [INFO] Sent -> Dyskusja:Inny punkt widzenia | MastiBot
2026-10-06 04:33:34,921 [INFO] Progress: 2500 sent, 0 skipped.
2026-10-06 04:33:35,031 [INFO] Sent -> Q62056697 | Kefr4000
2026-10-06 04:33:35,138 [INFO] Sent -> File:Djiny církevního básnictví eského a do XVIII stolet (IA djinycrkevnh00jire).pdf | Fæ
2026-10-06 04:33:35,246 [INFO] Sent -> Caner Cindoruk | PERLA.NEGRA
2026-10-06 04:33:35,355 [INFO] Sent -> Q100805636 | HanTsî
2026-10-06 04:33:35,466 [INFO] Sent -> File:ISS074-E-573285 - View of South Africa.jpg | OptimusPrimeBot
2026-10-06 04:33:35,573 [INFO] Sent -> Category:Creative Commons Attribution-Share Alike missing SDC copyright status | Damian B Oh
2026-10-06 04:33:35,684 [INFO] Sent -> Category:CC-BY-SA-4.0 | Damian B Oh
2026-10-06 04:33:35,792 [INFO] Sent -> Category:Creative Commons Attribution-Share Alike 4.0 missing SDC copyright license | Damian B Oh
2026-10-06 04:33:35,899 [INFO] Sent -> Category:Self-published work | Damian B Oh
2026-10-06 04:33:36,007 [INFO] Sent -> Category:Self-published work missing SDC copyright license | Damian B Oh
2026-10-06 04:33:36,118 [INFO] Sent -> Category:Hyundai Avante (CN8) | Damian B Oh
2026-10-06 04:33:36,226 [INFO] Sent -> Category:Gray Hyundai sedans | Damian B Oh
2026-10-06 04:33:36,335 [INFO] Sent -> File:ISS074-E-573282 - View of South Africa.jpg | OptimusPrimeBot
2026-10-06 04:33:36,445 [INFO] Sent -> Category:Scans from the Internet Archive | Fæ
2026-10-06 04:33:36,553 [INFO] Sent -> Q116395690 | DERDAKI ILIAS
2026-10-06 04:33:36,663 [INFO] Sent -> Category:Scans from the Internet Archive/unverified | Fæ
2026-10-06 04:33:36,772 [INFO] Sent -> Dyskusja:Inny punkt widzenia | MastiBot
2026-10-06 04:33:36,879 [INFO] Sent -> Category:PD-old missing SDC copyright status | Fæ
2026-10-06 04:33:36,990 [INFO] Sent -> Category:CC-PD-Mark | Fæ
2026-10-06 04:33:37,097 [INFO] Sent -> Category:PD-old-100-expired | Fæ
2026-10-06 04:33:37,676 [INFO] Sent -> Category:Scans from University of Toronto | Fæ
2026-10-06 04:33:37,803 [INFO] Sent -> Category:IA uploads needing categories | Fæ
2026-10-06 04:33:37,926 [INFO] Sent -> Category:Books uploaded by Fæ | Fæ
2026-10-06 04:33:38,050 [INFO] Sent -> Holy Land | ~2026-53554-35
2026-10-06 04:33:38,164 [INFO] Sent -> Category:ISS photographs taken on 2026-05-03 | OptimusPrimeBot
2026-10-06 04:33:38,294 [INFO] Sent -> Category:Taken on missing SDC inception | OptimusPrimeBot
2026-10-06 04:33:38,455 [INFO] Sent -> Category:Images from the Earth Science and Remote Sensing Unit, Lyndon B. Johnson Space Center | OptimusPrimeBot
2026-10-06 04:33:38,598 [INFO] Sent -> Category:Pages with local object coordinates and missing SDC coordinates | OptimusPrimeBot
2026-10-06 04:33:38,778 [INFO] Sent -> Category:Files with coordinates missing SDC location of creation | OptimusPrimeBot
2026-10-06 04:33:38,938 [INFO] Sent -> Q141657017 | Rohini
2026-10-06 04:33:39,089 [INFO] Sent -> Category:PD NASA | OptimusPrimeBot
2026-10-06 04:33:39,325 [INFO] Sent -> 旧長崎英国領事館 | SheYasuTaka
2026-10-06 04:33:39,466 [INFO] Sent -> Sead Halilagić | İmmortalance
2026-10-06 04:33:39,589 [INFO] Sent -> Category:PD-USGov missing SDC copyright status | OptimusPrimeBot
2026-10-06 04:33:39,704 [INFO] Sent -> 2026 Arctic Open | TrishaLeow
2026-10-06 04:33:39,824 [INFO] Sent -> File:Hyundai Avante 2.0 Inspiration CN8 Raptor Gray Matte (43).jpg | Damian B Oh
2026-10-06 04:33:39,933 [INFO] Sent -> Category:ISS Expedition 74 Crew Earth Observations (dump) | OptimusPrimeBot
2026-10-06 04:33:40,042 [INFO] Sent -> Category:NASA GAPE files uploaded by OptimusPrimeBot | OptimusPrimeBot
2026-10-06 04:33:40,164 [INFO] Sent -> Category:Photos of South Africa by ISS Expedition 74 Crew Earth Observations | OptimusPrimeBot
2026-10-06 04:33:40,274 [INFO] Sent -> Category:Taken with Nikon Z 9 | OptimusPrimeBot
2026-10-06 04:33:40,384 [INFO] Sent -> File:Monument au général Maistre.jpg | JackyM59
2026-10-06 04:33:40,515 [INFO] Sent -> File:Hyundai Avante 2.0 Inspiration CN8 Raptor Gray Matte (43).jpg | Damian B Oh
2026-10-06 04:33:40,633 [INFO] Sent -> Kategori:Türkiye'deki gurbetçi erkek futbolcular | İmmortalance
2026-10-06 04:33:40,762 [INFO] Sent -> Kategori:Türkiye'deki gurbetçi futbolcular | İmmortalance
2026-10-06 04:33:40,879 [INFO] Sent -> Q116395691 | DERDAKI ILIAS
2026-10-06 04:33:40,986 [INFO] Sent -> File:Cala des Camps 03.jpg | Rkieferbot
2026-10-06 04:33:41,094 [INFO] Sent -> Category:Pages with local camera coordinates and missing SDC coordinates | JackyM59
2026-10-06 04:33:41,203 [INFO] Sent -> Category:Files with coordinates missing SDC location of creation (50° N, 2° E) | JackyM59
2026-10-06 04:33:41,311 [INFO] Sent -> Category:Creative Commons Attribution-Share Alike missing SDC copyright status | JackyM59
2026-10-06 04:33:41,444 [INFO] Sent -> Category:CC-BY-SA-4.0 | JackyM59
2026-10-06 04:33:41,563 [INFO] Sent -> Category:Creative Commons Attribution-Share Alike missing SDC copyright status | Damian B Oh
2026-10-06 04:33:41,682 [INFO] Sent -> Q141657017 | Rohini
2026-10-06 04:33:41,684 [INFO] Updated metadata: ClusterMetadata(brokers: 1, topics: 1, coordinators: 0)
2026-10-06 04:33:41,791 [INFO] Sent -> Category:Creative Commons Attribution-Share Alike 4.0 missing SDC copyright license | JackyM59
2026-10-06 04:33:41,899 [INFO] Sent -> Category:CC-BY-SA-4.0 | Damian B Oh
2026-10-06 04:33:42,008 [INFO] Sent -> Kategori:Türkiye'deki gurbetçi erkek futbolcular | İmmortalance
2026-10-06 04:33:42,117 [INFO] Sent -> Category:Self-published work | JackyM59
2026-10-06 04:33:42,226 [INFO] Sent -> Category:Creative Commons Attribution-Share Alike 4.0 missing SDC copyright license | Damian B Oh
2026-10-06 04:33:42,335 [INFO] Sent -> Kategori:Türkiye'deki gurbetçi futbolcular | İmmortalance
2026-10-06 04:33:42,443 [INFO] Sent -> Category:Self-published work missing SDC copyright license | JackyM59
2026-10-06 04:33:42,551 [INFO] Sent -> Category:Self-published work | Damian B Oh
2026-10-06 04:33:42,661 [INFO] Sent -> User:Krahtov | Krahtov
2026-10-06 04:33:42,770 [INFO] Sent -> Category:General Maistre Memorial | JackyM59
2026-10-06 04:33:42,881 [INFO] Sent -> Q116390483 | DERDAKI ILIAS
2026-10-06 04:33:42,992 [INFO] Sent -> Category:Self-published work missing SDC copyright license | Damian B Oh
2026-10-06 04:33:43,098 [INFO] Sent -> Category:Hyundai Avante (CN8) | Damian B Oh
2026-10-06 04:33:43,206 [INFO] Sent -> Category:Gray Hyundai sedans | Damian B Oh
2026-10-06 04:33:43,315 [INFO] Sent -> Q1022477 | הנדב הנכון
2026-10-06 04:33:43,425 [INFO] Sent -> File:Hyundai Avante 2.0 Inspiration CN8 Raptor Gray Matte (42).jpg | Damian B Oh
2026-10-06 04:33:43,535 [INFO] Sent -> Category:Terms with Albanian translations | ~2026-53554-35
2026-10-06 04:33:43,644 [INFO] Sent -> Category:Terms with Estonian translations | ~2026-53554-35
2026-10-06 04:33:43,753 [INFO] Sent -> File:Hyundai Avante 2.0 Inspiration CN8 Raptor Gray Matte (44).jpg | Damian B Oh
2026-10-06 04:33:43,862 [INFO] Sent -> Category:Terms with Macedonian translations | ~2026-53554-35
2026-10-06 04:33:43,972 [INFO] Sent -> Q141657017 | Rohini
2026-10-06 04:33:44,080 [INFO] Sent -> Category:Terms with Turkish translations | ~2026-53554-35
2026-10-06 04:33:44,190 [INFO] Sent -> حافظ ناشنیده پند | Salarabdolmohamadian
2026-10-06 04:33:44,298 [INFO] Sent -> File:Monument au général Maistre.jpg | JackyM59
2026-10-06 04:33:44,407 [INFO] Sent -> Q14611246 | Mrwdat3
2026-10-06 04:33:44,517 [INFO] Sent -> File:Hyundai Avante 2.0 Inspiration CN8 Raptor Gray Matte (44).jpg | Damian B Oh
2026-10-06 04:33:44,626 [INFO] Sent -> Q116390484 | DERDAKI ILIAS
2026-10-06 04:33:44,735 [INFO] Sent -> restauranteur | Sonofcawdrey
2026-10-06 04:33:44,846 [INFO] Sent -> 2026–27 Watford F.C. season | Skyblueshaun
2026-10-06 04:33:44,954 [INFO] Sent -> bıyıl | Altobot
2026-10-06 04:33:45,065 [INFO] Sent -> File:Borne Frontière Allemagne Belgique Pays Bas Colline Vaalserberg - Aix-la-Chapelle (DEA2) - 2026-09-27 - 2.jpg | Chabe01
2026-10-06 04:33:45,174 [INFO] Sent -> Q141657017 | Rohini
2026-10-06 04:33:45,282 [INFO] Sent -> Category:User de-4 | Krahtov
2026-10-06 04:33:45,392 [INFO] Sent -> Mexisphodrus boneti | Lavalizard101
2026-10-06 04:33:45,504 [INFO] Sent -> Santos Braus | Mmen6
2026-10-06 04:33:45,611 [INFO] Sent -> Category:User de-N | Krahtov
2026-10-06 04:33:45,720 [INFO] Sent -> Category:Creative Commons Attribution-Share Alike missing SDC copyright status | Damian B Oh
2026-10-06 04:33:45,832 [INFO] Sent -> Category:User bg-4 | Krahtov
2026-10-06 04:33:45,956 [INFO] Sent -> Category:CC-BY-SA-4.0 | Damian B Oh
2026-10-06 04:33:46,078 [INFO] Sent -> Category:Creative Commons Attribution-Share Alike 4.0 missing SDC copyright license | Damian B Oh
2026-10-06 04:33:46,190 [INFO] Sent -> Category:Self-published work | Damian B Oh
2026-10-06 04:33:46,309 [INFO] Sent -> File:Monument au général Maistre et au 21e Corps d’Armée.jpg | JackyM59
2026-10-06 04:33:46,417 [INFO] Sent -> Category:Self-published work missing SDC copyright license | Damian B Oh
2026-10-06 04:33:46,528 [INFO] Sent -> Category:Hyundai Avante (CN8) | Damian B Oh
2026-10-06 04:33:46,636 [INFO] Sent -> Category:Gray Hyundai sedans | Damian B Oh
2026-10-06 04:33:46,746 [INFO] Sent -> Q141656895 | Sr. Martinez Quebracho
2026-10-06 04:33:46,856 [INFO] Sent -> Category:Pages with local camera coordinates and missing SDC coordinates | Chabe01
2026-10-06 04:33:46,965 [INFO] Progress: 2600 sent, 0 skipped.
2026-10-06 04:33:47,076 [INFO] Sent -> Category:Files with coordinates missing SDC location of creation (50° N, 6° E) | Chabe01
2026-10-06 04:33:47,184 [INFO] Sent -> File:Fonte Luminosa da Praça Geraldo Silva Maia (Passos) 13.jpg | Rkieferbot
2026-10-06 04:33:47,292 [INFO] Sent -> Category:Creative Commons Attribution-Share Alike missing SDC copyright status | Chabe01
2026-10-06 04:33:47,399 [INFO] Sent -> Q10645577 | Mrwdat3
2026-10-06 04:33:47,505 [INFO] Sent -> Category:CC-BY-SA-4.0 | Chabe01
2026-10-06 04:33:47,614 [INFO] Sent -> Category:Creative Commons Attribution-Share Alike 4.0 missing SDC copyright license | Chabe01
2026-10-06 04:33:47,721 [INFO] Sent -> Category:Self-published work | Chabe01
2026-10-06 04:33:47,831 [INFO] Sent -> Q141657017 | Rohini
2026-10-06 04:33:47,942 [INFO] Sent -> Category:Self-published work missing SDC copyright license | Chabe01
2026-10-06 04:33:48,053 [INFO] Sent -> Category:Aachen | Chabe01
2026-10-06 04:33:48,159 [INFO] Sent -> Dyskusja:Inny punkt widzenia | MastiBot
2026-10-06 04:33:48,271 [INFO] Sent -> Category:September 2026 in Aachen | Chabe01
2026-10-06 04:33:48,395 [INFO] Sent -> Category:English terms with quotations | Sonofcawdrey
2026-10-06 04:33:48,521 [INFO] Sent -> Category:Images of Aachen by Chabe01 | Chabe01
2026-10-06 04:33:48,642 [INFO] Sent -> Category:Accepted species names | Lavalizard101
2026-10-06 04:33:48,749 [INFO] Sent -> Categoria:Redireccions associades amb un element de Wikidata | Mmen6
2026-10-06 04:33:48,858 [INFO] Sent -> Category:North Rhine-Westphalia photographs taken on 2026-09-27 | Chabe01
2026-10-06 04:33:48,970 [INFO] Sent -> Category:Accepted species name | Lavalizard101
2026-10-06 04:33:49,079 [INFO] Sent -> 2027-es FIA Formula–2 szezon | Zsoca28
2026-10-06 04:33:49,189 [INFO] Sent -> Category:Images by Chabe01 taken with iPhone 16 Pro | Chabe01
2026-10-06 04:33:49,297 [INFO] Sent -> Claire Mohant | ListeriaBot
2026-10-06 04:33:49,406 [INFO] Sent -> Category:Pages with local camera coordinates and missing SDC coordinates | JackyM59
2026-10-06 04:33:49,513 [INFO] Sent -> Category:Files with coordinates missing SDC location of creation (50° N, 2° E) | JackyM59
2026-10-06 04:33:49,624 [INFO] Sent -> Q10409575 | Mrwdat3
2026-10-06 04:33:49,733 [INFO] Sent -> Category:Creative Commons Attribution-Share Alike missing SDC copyright status | JackyM59
2026-10-06 04:33:49,843 [INFO] Sent -> Category:CC-BY-SA-4.0 | JackyM59
2026-10-06 04:33:49,950 [INFO] Sent -> File:Borne Frontière Allemagne Belgique Pays Bas Colline Vaalserberg - Aix-la-Chapelle (DEA2) - 2026-09-27 - 2.jpg | Chabe01
2026-10-06 04:33:50,059 [INFO] Sent -> ویکی‌پدیا:تابلوی اعلانات مدیران/آخرین شمارش | HujiBot
2026-10-06 04:33:50,170 [INFO] Sent -> Category:Creative Commons Attribution-Share Alike 4.0 missing SDC copyright license | JackyM59
2026-10-06 04:33:50,278 [INFO] Sent -> Brosses | Vikiçizer
2026-10-06 04:33:50,388 [INFO] Sent -> Category:Self-published work | JackyM59
2026-10-06 04:33:50,500 [INFO] Sent -> St. Nikolaus (Bächingen an der Brenz) | X3X4X5
2026-10-06 04:33:50,623 [INFO] Sent -> Category:Self-published work missing SDC copyright license | JackyM59
2026-10-06 04:33:50,730 [INFO] Sent -> Category:General Maistre Memorial | JackyM59
2026-10-06 04:33:50,838 [INFO] Sent -> Q141657017 | Rohini
2026-10-06 04:33:50,947 [INFO] Sent -> Q25633487 | باسم
2026-10-06 04:33:51,056 [INFO] Sent -> File:Hyundai Avante 2.0 Inspiration CN8 Raptor Gray Matte (44).jpg | Damian B Oh
2026-10-06 04:33:51,164 [INFO] Sent -> Draft:中华人民共和国户口登记条例 | Chatsven
2026-10-06 04:33:51,272 [INFO] Sent -> File:Monument au général Maistre et au 21e Corps d’Armée.jpg | JackyM59
2026-10-06 04:33:51,382 [INFO] Sent -> جگواروندی | Mamouri
2026-10-06 04:33:51,491 [INFO] Sent -> Q141657017 | Rohini
2026-10-06 04:33:51,599 [INFO] Sent -> Overleg gebruiker:~2026-54024-22 | Machaerus
2026-10-06 04:33:51,709 [INFO] Sent -> Q97178341 | MsynBot
2026-10-06 04:33:51,816 [INFO] Sent -> Category:Cameo of Claudius (Kunsthistorisches Museum, IXa 23) | ManuelKomnenos
2026-10-06 04:33:51,925 [INFO] Sent -> File:ISS074-E-573285 - View of South Africa.jpg | OptimusPrimeBot
2026-10-06 04:33:52,036 [INFO] Sent -> Q109740547 | Namoroka
2026-10-06 04:33:52,456 [INFO] Sent -> File:ISS074-E-573284 - View of South Africa.jpg | OptimusPrimeBot
2026-10-06 04:33:52,578 [INFO] Sent -> File:G.d.Inftr.-- (BildID 15656865).jpg | Noah.Albert.ZivMilFü
2026-10-06 04:33:52,708 [INFO] Sent -> Category:中华人民共和国普通法律 | Chatsven
2026-10-06 04:33:52,816 [INFO] Sent -> File:Bible. A.T. Pentateuque-Hapṭarah-Megillôt (hébreu) - btv1b10549397c (175 of 639).jpg | Gzen92Bot
2026-10-06 04:33:52,932 [INFO] Sent -> Category:国家法律法规数据库收录的法律 | Chatsven
2026-10-06 04:33:53,053 [INFO] Sent -> పుట:ప్రతాపరుద్రీయమ్ (విద్యానాథ).pdf/350 | దేవీప్రసాదశాస్త్రి
2026-10-06 04:33:53,162 [INFO] Sent -> Q14591896 | Mrwdat3
2026-10-06 04:33:53,274 [INFO] Sent -> USS Carp (SS-338) | SmartyPants22
2026-10-06 04:33:53,384 [INFO] Sent -> Category:Sceptres in art | ManuelKomnenos
2026-10-06 04:33:53,505 [INFO] Sent -> Category:ISS photographs taken on 2026-05-03 | OptimusPrimeBot
2026-10-06 04:33:53,615 [INFO] Sent -> Category:Taken on missing SDC inception | OptimusPrimeBot
2026-10-06 04:33:53,735 [INFO] Sent -> Category:Images from the Earth Science and Remote Sensing Unit, Lyndon B. Johnson Space Center | OptimusPrimeBot
2026-10-06 04:33:53,845 [INFO] Sent -> Category:Pages with local object coordinates and missing SDC coordinates | OptimusPrimeBot
2026-10-06 04:33:53,959 [INFO] Sent -> Category:Files with coordinates missing SDC location of creation | OptimusPrimeBot
2026-10-06 04:33:54,078 [INFO] Sent -> Category:PD NASA | OptimusPrimeBot
2026-10-06 04:33:54,187 [INFO] Sent -> Category:PD-USGov missing SDC copyright status | OptimusPrimeBot
2026-10-06 04:33:54,299 [INFO] Sent -> Category:Artworks without Wikidata item | Gzen92Bot
2026-10-06 04:33:54,422 [INFO] Sent -> Category:ISS Expedition 74 Crew Earth Observations (dump) | OptimusPrimeBot
2026-10-06 04:33:54,532 [INFO] Sent -> Category:PD France | Gzen92Bot
2026-10-06 04:33:54,647 [INFO] Sent -> Q141656953 | Lasemainecomtoise
2026-10-06 04:33:54,765 [INFO] Sent -> Category:NASA GAPE files uploaded by OptimusPrimeBot | OptimusPrimeBot
2026-10-06 04:33:54,877 [INFO] Sent -> Category:Manuscripts from Gallica (Bibliothèque nationale de France) uploaded by Gzen92Bot | Gzen92Bot
2026-10-06 04:33:54,985 [INFO] Sent -> Category:Photos of South Africa by ISS Expedition 74 Crew Earth Observations | OptimusPrimeBot
2026-10-06 04:33:55,107 [INFO] Sent -> Q13609061 | Mrwdat3
2026-10-06 04:33:55,216 [INFO] Sent -> Category:Bible. A.T. Pentateuque-Hapṭarah-Megillôt (hébreu) - btv1b10549397c | Gzen92Bot
2026-10-06 04:33:55,327 [INFO] Sent -> Category:Taken with Nikon Z 9 | OptimusPrimeBot
2026-10-06 04:33:55,434 [INFO] Sent -> Category:Files with no machine-readable author | Gzen92Bot
2026-10-06 04:33:55,544 [INFO] Sent -> వర్గం:అచ్చుదిద్దబడని | దేవీప్రసాదశాస్త్రి
2026-10-06 04:33:55,653 [INFO] Sent -> Fisétinidine | Slzbg
2026-10-06 04:33:55,762 [INFO] Sent -> Clélie Lamberty | ListeriaBot
2026-10-06 04:33:55,868 [INFO] Sent -> File:Leandro Ruschel.jpg | Platão Brasileiro
2026-10-06 04:33:55,976 [INFO] Sent -> Template:PRC admin/data/11/01/13/002/037 | Hamish-bot
2026-10-06 04:33:56,086 [INFO] Sent -> File:Tian zhu sheng jiao ri ke. - btv1b90069149 (114 of 235).jpg | Gzen92Bot
2026-10-06 04:33:56,197 [INFO] Sent -> Category:People with Decoration for Services to the Red Cross in placket | Noah.Albert.ZivMilFü
2026-10-06 04:33:56,305 [INFO] Sent -> Z44477 | 鈴音雨
2026-10-06 04:33:56,416 [INFO] Sent -> File:Leandro Ruschel.jpg | Platão Brasileiro
2026-10-06 04:33:56,526 [INFO] Sent -> William Verity Jr. | ESkog
2026-10-06 04:33:56,635 [INFO] Sent -> Category:People with Decoration for Services to the Red Cross | Noah.Albert.ZivMilFü
2026-10-06 04:33:56,743 [INFO] Sent -> File:Kolomna Moskvoretskaya street 15 2020-05 302.JPG | Svetlov Artem
2026-10-06 04:33:56,853 [INFO] Sent -> Q37336311 | Cewbot
2026-10-06 04:33:56,962 [INFO] Sent -> Список умерших в 2026 году | Athanasius238
2026-10-06 04:33:57,074 [INFO] Sent -> Q141656443 | RemyLeMoigne
2026-10-06 04:33:57,185 [INFO] Sent -> File:Assemblée nationale du Québec-1.JPG | Rkieferbot
2026-10-06 04:33:57,294 [INFO] Sent -> Q141656443 | RemyLeMoigne
2026-10-06 04:33:57,403 [INFO] Sent -> Jeonnam Dragons Football Club | CheckWikiBOT
2026-10-06 04:33:57,516 [INFO] Sent -> ထာမ်ပလိက်:vro-num/documentation | Intobesa.bot
2026-10-06 04:33:57,622 [INFO] Sent -> Category:Artworks without Wikidata item | Gzen92Bot
2026-10-06 04:33:57,736 [INFO] Sent -> Category:PD France | Gzen92Bot
2026-10-06 04:33:57,856 [INFO] Sent -> Category:Manuscripts from Gallica (Bibliothèque nationale de France) uploaded by Gzen92Bot | Gzen92Bot
2026-10-06 04:33:57,963 [INFO] Sent -> Проект:Знаете ли вы/Подготовка следующего выпуска | Lê Lợi (bot)
2026-10-06 04:33:58,074 [INFO] Sent -> Category:Tian zhu sheng jiao ri ke. - btv1b90069149 | Gzen92Bot
2026-10-06 04:33:58,181 [INFO] Sent -> Q25109723 | Tiziana Deluca
2026-10-06 04:33:58,296 [INFO] Sent -> Catégorie:Page utilisant le modèle Autorité inactif | Slzbg
2026-10-06 04:33:58,414 [INFO] Progress: 2700 sent, 0 skipped.
2026-10-06 04:33:58,525 [INFO] Sent -> User talk:~2026-53843-99 | ESkog
2026-10-06 04:33:58,648 [INFO] Sent -> Category:因历史原因保留的已停用模板 | Hamish-bot
2026-10-06 04:33:58,759 [INFO] Sent -> Şablon:Asya Oyunları'nda beyzbol | Pehlivanmeydani
2026-10-06 04:33:58,882 [INFO] Sent -> Bussières, Yonne | Vikiçizer
2026-10-06 04:33:59,006 [INFO] Sent -> Q124529474 | Mrwdat3
2026-10-06 04:33:59,116 [INFO] Sent -> Q137397652 | Mmen6
2026-10-06 04:33:59,224 [INFO] Sent -> Wikipedia:Spiele/Drei Wünsche frei/Unerfüllte Wünsche | Gripweed
2026-10-06 04:33:59,337 [INFO] Sent -> ကဏ္ဍ:မုက်လိက်သောဲသောဲမဆေၚ်စပ်ကဵုလိက်စၟတ်သမ္တီမချူပတိုန်လဝ်မဇ္ဇျဟ်ထောံဂမၠိုၚ် | Intobesa.bot
2026-10-06 04:33:59,444 [INFO] Sent -> vluchtgedrag | Kvdrgeus
2026-10-06 04:33:59,555 [INFO] Sent -> File:Hyundai Avante 2.0 Inspiration CN8 Raptor Gray Matte (45).jpg | Damian B Oh
2026-10-06 04:33:59,663 [INFO] Sent -> Category:14-year-old human males | Antoine.01
2026-10-06 04:33:59,777 [INFO] Sent -> Usuário(a):Vermmilo | Ajpvalente
2026-10-06 04:33:59,896 [INFO] Sent -> Q141657017 | Rohini
2026-10-06 04:34:00,012 [INFO] Sent -> Kategori:Beyzbol dolaşım şablonları | Pehlivanmeydani
2026-10-06 04:34:00,129 [INFO] Sent -> Category:Dictionary entries | Kreuz und quer
2026-10-06 04:34:00,240 [INFO] Sent -> 訓讀 | Shizhao
2026-10-06 04:34:00,350 [INFO] Sent -> Kategori:Asya Oyunları dolaşım şablonları | Pehlivanmeydani
2026-10-06 04:34:00,482 [INFO] Sent -> File:Borne Frontière Allemagne Belgique Pays Bas Colline Vaalserberg - Aix-la-Chapelle (DEA2) - 2026-09-27 - 3.jpg | Chabe01
2026-10-06 04:34:00,594 [INFO] Sent -> Category:Template Unknown (unspecified) | Platão Brasileiro
2026-10-06 04:34:00,703 [INFO] Sent -> Category:Files with no machine-readable license | Platão Brasileiro
2026-10-06 04:34:00,811 [INFO] Sent -> Irans moralpoliti | Patandor
2026-10-06 04:34:00,923 [INFO] Sent -> Categorie:Woorden met 3 lettergrepen in het Nederlands | Kvdrgeus
2026-10-06 04:34:01,047 [INFO] Sent -> Q37336368 | Cewbot
2026-10-06 04:34:01,170 [INFO] Sent -> Categorie:WikiWoordenboek:IPA-nl-fout/ongeldig teken | Kvdrgeus
2026-10-06 04:34:01,283 [INFO] Sent -> Categorie:Woorden in het Nederlands met IPA-weergave | Kvdrgeus
2026-10-06 04:34:01,390 [INFO] Sent -> Yavi Hameister | Silke Grosfeld
2026-10-06 04:34:01,502 [INFO] Sent -> Category:Pages with local camera coordinates and missing SDC coordinates | Chabe01
2026-10-06 04:34:01,608 [INFO] Sent -> Administracja niezespolona | Majonez truskawkowy
2026-10-06 04:34:01,716 [INFO] Sent -> Category:Files with coordinates missing SDC location of creation (50° N, 6° E) | Chabe01
2026-10-06 04:34:01,825 [INFO] Sent -> Category:Dictionaryies | Kreuz und quer
2026-10-06 04:34:01,933 [INFO] Sent -> Category:Naval ships commissioned in 1945 | SmartyPants22
2026-10-06 04:34:02,068 [INFO] Sent -> Category:Creative Commons Attribution-Share Alike missing SDC copyright status | Chabe01
2026-10-06 04:34:02,182 [INFO] Sent -> Category:Dictionary | Kreuz und quer
2026-10-06 04:34:02,289 [INFO] Sent -> Q141657017 | Rohini
2026-10-06 04:34:02,399 [INFO] Sent -> Category:CC-BY-SA-4.0 | Chabe01
2026-10-06 04:34:02,509 [INFO] Sent -> Category:Naval ships decommissioned in 1968 | SmartyPants22
2026-10-06 04:34:02,619 [INFO] Sent -> -cel | Aydin Guluzada
2026-10-06 04:34:02,730 [INFO] Sent -> Q13433195 | Mrwdat3
2026-10-06 04:34:02,839 [INFO] Sent -> Category:Creative Commons Attribution-Share Alike 4.0 missing SDC copyright license | Chabe01
2026-10-06 04:34:02,947 [INFO] Sent -> Category:Self-published work | Chabe01
2026-10-06 04:34:03,055 [INFO] Sent -> Category:Self-published work missing SDC copyright license | Chabe01
2026-10-06 04:34:03,164 [INFO] Sent -> Category:Aachen | Chabe01
2026-10-06 04:34:03,272 [INFO] Sent -> Category:September 2026 in Aachen | Chabe01
2026-10-06 04:34:03,382 [INFO] Sent -> Category:Images of Aachen by Chabe01 | Chabe01
2026-10-06 04:34:03,489 [INFO] Sent -> XEX-AM | ~2026-53802-49
2026-10-06 04:34:03,599 [INFO] Sent -> Category:North Rhine-Westphalia photographs taken on 2026-09-27 | Chabe01
2026-10-06 04:34:03,707 [INFO] Sent -> Q138805418 | Pudox
2026-10-06 04:34:03,819 [INFO] Sent -> Category:Images by Chabe01 taken with iPhone 16 Pro | Chabe01
2026-10-06 04:34:03,927 [INFO] Sent -> File:ISS074-E-573284 - View of South Africa.jpg | OptimusPrimeBot
2026-10-06 04:34:04,036 [INFO] Sent -> File:Borne Frontière Allemagne Belgique Pays Bas Colline Vaalserberg - Aix-la-Chapelle (DEA2) - 2026-09-27 - 3.jpg | Chabe01
2026-10-06 04:34:04,145 [INFO] Sent -> Q141657017 | Rohini
2026-10-06 04:34:04,255 [INFO] Sent -> Q109740547 | Namoroka
2026-10-06 04:34:04,364 [INFO] Sent -> Rendy Saputra | Madhon335
2026-10-06 04:34:04,473 [INFO] Sent -> Q1509320 | Mandorake
2026-10-06 04:34:04,585 [INFO] Sent -> Q138804261 | Pudox
2026-10-06 04:34:04,696 [INFO] Sent -> Q141657017 | Rohini
2026-10-06 04:34:04,808 [INFO] Sent -> Bussy-en-Othe | Vikiçizer
2026-10-06 04:34:04,916 [INFO] Sent -> Q14618617 | Mrwdat3
2026-10-06 04:34:05,024 [INFO] Sent -> Category:所有需要專家關注的頁面 | Shizhao
2026-10-06 04:34:05,133 [INFO] Sent -> Category:其他需要專家關注的頁面 | Shizhao
2026-10-06 04:34:05,242 [INFO] Sent -> Category:自2024年1月可能带有原创研究的条目 | Shizhao
2026-10-06 04:34:05,352 [INFO] Sent -> Category:拒绝当选首页新条目推荐栏目的条目 | Shizhao
2026-10-06 04:34:05,463 [INFO] Sent -> Ovidiu Hanganu | İmmortalance
2026-10-06 04:34:05,572 [INFO] Sent -> Q21667569 | Rebot
2026-10-06 04:34:05,682 [INFO] Sent -> Category:含有多个问题的条目 | Shizhao
2026-10-06 04:34:05,791 [INFO] Sent -> Category:CS1含有日语文本 (ja) | Shizhao
2026-10-06 04:34:05,901 [INFO] Sent -> Category:CS1含有韩语文本 (ko) | Shizhao
2026-10-06 04:34:06,010 [INFO] Sent -> Category:CS1韩语来源 (ko) | Shizhao
2026-10-06 04:34:06,119 [INFO] Sent -> Category:含有越南語的條目 | Shizhao
2026-10-06 04:34:06,228 [INFO] Sent -> Q141657017 | Rohini
2026-10-06 04:34:06,338 [INFO] Sent -> File:CARRER NOU, 17 - TORÀ - IB-827.JPG | Rkieferbot
2026-10-06 04:34:06,449 [INFO] Sent -> Schall | RaveDog
2026-10-06 04:34:06,560 [INFO] Sent -> Q141657017 | Rohini
2026-10-06 04:34:06,668 [INFO] Sent -> Wikipedia:Löschkandidaten/3. Oktober 2026 | Gelli63
2026-10-06 04:34:06,776 [INFO] Sent -> Kurs:Singularitätentheorie (Osnabrück 2026-2027)/Kommutativer Ring/Projektiver Modul/Universell und direkter Summand/Fakt/Beweis/Aufgabe/Aufgabereferenznummer | Arbota
2026-10-06 04:34:06,885 [INFO] Sent -> Rooside sõda (telesaade) | Kuriuss
2026-10-06 04:34:06,994 [INFO] Sent -> Q109740547 | Namoroka
2026-10-06 04:34:07,105 [INFO] Sent -> User:Mmorell/sandbox2 | Mmorell
2026-10-06 04:34:07,596 [INFO] Sent -> Q141657017 | Rohini
2026-10-06 04:34:07,755 [INFO] Sent -> Kategorie:Kurs:Singularitätentheorie (Osnabrück 2026-2027)/Referenznummer | Arbota
2026-10-06 04:34:07,885 [INFO] Sent -> Q116390485 | DERDAKI ILIAS
2026-10-06 04:34:08,010 [INFO] Sent -> Klemens Bachleda | ~2026-53641-07
2026-10-06 04:34:08,121 [INFO] Sent -> Kategori:Türkiye'deki gurbetçi erkek futbolcular | İmmortalance
2026-10-06 04:34:08,275 [INFO] Sent -> Q3759722 | Soucci
2026-10-06 04:34:08,401 [INFO] Sent -> Kategori:Türkiye'deki gurbetçi futbolcular | İmmortalance
2026-10-06 04:34:08,544 [INFO] Sent -> Hair Zeqiri | İmmortalance
2026-10-06 04:34:08,708 [INFO] Sent -> Kategorie:Nachname (Deutsch) | RaveDog
2026-10-06 04:34:09,000 [INFO] Sent -> Q27190023 | Nabbot
2026-10-06 04:34:09,147 [INFO] Sent -> Sughd Province | ~2026-53684-94
2026-10-06 04:34:09,322 [INFO] Sent -> User talk:AntiCompositeNumber | AntⅰCompositeNumber ⅰs a faaggot19
2026-10-06 04:34:09,486 [INFO] Sent -> Kategorie:Wiktionary:Herkunft fehlt (Deutsch) | RaveDog
2026-10-06 04:34:09,605 [INFO] Sent -> Kategorie:Toponym (Deutsch) | RaveDog
2026-10-06 04:34:09,733 [INFO] Sent -> Kategorie:Singularetantum (Deutsch) | RaveDog
2026-10-06 04:34:09,854 [INFO] Sent -> Kategorie:Toponym n (Deutsch) | RaveDog
2026-10-06 04:34:09,961 [INFO] Sent -> Q141657017 | Rohini
2026-10-06 04:34:10,071 [INFO] Sent -> Eleanor Dark | Rodw
2026-10-06 04:34:10,193 [INFO] Sent -> Jusuf Hatunić | İmmortalance
2026-10-06 04:34:10,314 [INFO] Sent -> Q141657013 | Rémih
2026-10-06 04:34:10,421 [INFO] Sent -> JigGsaw | AnomieBOT
2026-10-06 04:34:10,530 [INFO] Progress: 2800 sent, 0 skipped.
2026-10-06 04:34:10,639 [INFO] Sent -> Bussy-le-Repos, Yonne | Vikiçizer
2026-10-06 04:34:10,761 [INFO] Sent -> Kategori:Türkiye'deki gurbetçi erkek futbolcular | İmmortalance
2026-10-06 04:34:10,871 [INFO] Sent -> Q141657017 | Rohini
2026-10-06 04:34:10,981 [INFO] Sent -> Q9527468 | KaleemBot
2026-10-06 04:34:11,088 [INFO] Sent -> Kategori:Türkiye'deki gurbetçi futbolcular | İmmortalance
2026-10-06 04:34:11,198 [INFO] Sent -> Kategori:Türkiye'deki gurbetçi erkek futbolcular | İmmortalance
2026-10-06 04:34:11,306 [INFO] Sent -> Kategori:Türkiye'deki gurbetçi futbolcular | İmmortalance
2026-10-06 04:34:11,424 [INFO] Sent -> Q141657026 | Lohen11
2026-10-06 04:34:11,538 [INFO] Sent -> Jonkanal | Vame
2026-10-06 04:34:11,657 [INFO] Sent -> File:PHM 1821 Cherkaske.jpg | Hinnerk11
2026-10-06 04:34:11,774 [INFO] Sent -> Q141657017 | Rohini
2026-10-06 04:34:11,880 [INFO] Sent -> Category:Articles with unsourced statements from October 2026 | AnomieBOT
2026-10-06 04:34:11,990 [INFO] Sent -> Category:Articles with unsourced statements from Ocotober 2026 | AnomieBOT
2026-10-06 04:34:12,100 [INFO] Sent -> Category:Articles with invalid date parameter in template | AnomieBOT
2026-10-06 04:34:12,209 [INFO] Sent -> Q109740547 | Namoroka
2026-10-06 04:34:12,320 [INFO] Sent -> Draft talk:Yogalakshmi | Gajalakshmiadikesavan
2026-10-06 04:34:12,429 [INFO] Sent -> Բզեզ (քանդակ) | 23artashes
2026-10-06 04:34:12,539 [INFO] Sent -> Hamid Merakşi | İmmortalance
2026-10-06 04:34:12,649 [INFO] Sent -> Q141657017 | Rohini
2026-10-06 04:34:12,757 [INFO] Sent -> Q16606768 | Kristbaumbot
2026-10-06 04:34:12,869 [INFO] Sent -> Q3927097 | Hitsuji777
2026-10-06 04:34:12,978 [INFO] Sent -> File:State St, Portsmouth, NH, 2012 (10).jpg | Rkieferbot
2026-10-06 04:34:13,086 [INFO] Sent -> Category:Cherkaske, Dnipropetrovsk Oblast | Hinnerk11
2026-10-06 04:34:13,196 [INFO] Sent -> Q141657020 | Ebi4real
2026-10-06 04:34:13,306 [INFO] Sent -> File:Borne Frontière Allemagne Belgique Pays Bas Colline Vaalserberg - Aix-la-Chapelle (DEA2) - 2026-09-27 - 4.jpg | Chabe01
2026-10-06 04:34:13,416 [INFO] Sent -> Special training school | Astaire
2026-10-06 04:34:13,528 [INFO] Sent -> Q128842697 | ~2026-52458-45
2026-10-06 04:34:13,638 [INFO] Sent -> File:Ostaniec owsiana 6.jpg | Panek
2026-10-06 04:34:13,747 [INFO] Sent -> Subhankara Thakura | Sntshkumar750
2026-10-06 04:34:13,859 [INFO] Sent -> Q141657017 | Rohini
2026-10-06 04:34:13,967 [INFO] Sent -> Category:WikiProject banners without banner shells | Gajalakshmiadikesavan
2026-10-06 04:34:14,077 [INFO] Sent -> Category:Draft-Class biography pages | Gajalakshmiadikesavan
2026-10-06 04:34:14,188 [INFO] Sent -> Butteaux | Vikiçizer
2026-10-06 04:34:14,297 [INFO] Sent -> Yehezkel Ben-Ari | SchlurcherBot
2026-10-06 04:34:14,406 [INFO] Sent -> Q37336368 | Cewbot
2026-10-06 04:34:14,517 [INFO] Sent -> Category:Pages with local camera coordinates and missing SDC coordinates | Chabe01
2026-10-06 04:34:14,624 [INFO] Sent -> Category:Files with coordinates missing SDC location of creation (50° N, 6° E) | Chabe01
2026-10-06 04:34:14,735 [INFO] Sent -> Category:Creative Commons Attribution-Share Alike missing SDC copyright status | Chabe01
2026-10-06 04:34:14,842 [INFO] Sent -> Category:CC-BY-SA-4.0 | Chabe01
2026-10-06 04:34:14,950 [INFO] Sent -> User:ThatZambianGuy/sandbox4 | ThatZambianGuy
2026-10-06 04:34:15,057 [INFO] Sent -> Category:Creative Commons Attribution-Share Alike 4.0 missing SDC copyright license | Chabe01
2026-10-06 04:34:15,168 [INFO] Sent -> Category:Redirects from alternative names | Astaire
2026-10-06 04:34:15,289 [INFO] Sent -> Category:Self-published work | Chabe01
2026-10-06 04:34:15,398 [INFO] Sent -> Category:Pages with local camera coordinates and missing SDC coordinates | Panek
2026-10-06 04:34:15,511 [INFO] Sent -> Category:Self-published work missing SDC copyright license | Chabe01
2026-10-06 04:34:15,631 [INFO] Sent -> زمرہ:570ء کی دہائی میں ختم ہونے والی ریاستیں اور علاقے | KaleemBot
2026-10-06 04:34:15,740 [INFO] Sent -> Category:Aachen | Chabe01
2026-10-06 04:34:15,851 [INFO] Sent -> Category:Files with coordinates missing SDC location of creation | Panek
2026-10-06 04:34:15,961 [INFO] Sent -> Category:September 2026 in Aachen | Chabe01
2026-10-06 04:34:16,070 [INFO] Sent -> Category:Creative Commons Attribution-Share Alike missing SDC copyright status | Panek
2026-10-06 04:34:16,179 [INFO] Sent -> Category:Images of Aachen by Chabe01 | Chabe01
2026-10-06 04:34:16,287 [INFO] Sent -> Category:CC-BY-SA-4.0 | Panek
2026-10-06 04:34:16,398 [INFO] Sent -> Category:North Rhine-Westphalia photographs taken on 2026-09-27 | Chabe01
2026-10-06 04:34:16,509 [INFO] Sent -> Category:Creative Commons Attribution-Share Alike 4.0 missing SDC copyright license | Panek
2026-10-06 04:34:16,617 [INFO] Sent -> Category:Images by Chabe01 taken with iPhone 16 Pro | Chabe01
2026-10-06 04:34:16,724 [INFO] Sent -> Category:Self-published work | Panek
2026-10-06 04:34:16,833 [INFO] Sent -> Kategori:Türkiye'deki gurbetçi erkek futbolcular | İmmortalance
2026-10-06 04:34:16,942 [INFO] Sent -> Category:Self-published work missing SDC copyright license | Panek
2026-10-06 04:34:17,049 [INFO] Sent -> Kategori:Türkiye'deki gurbetçi futbolcular | İmmortalance
2026-10-06 04:34:17,158 [INFO] Sent -> Overleg:Mahatma Gandhi | ~2026-54024-22
2026-10-06 04:34:17,267 [INFO] Sent -> Category:Owsiana Street in Gdańsk | Panek
2026-10-06 04:34:17,376 [INFO] Sent -> Category:Podwale Przedmiejskie Street in Gdańsk | Panek
2026-10-06 04:34:17,486 [INFO] Sent -> Category:September 2026 in Gdańsk | Panek
2026-10-06 04:34:17,596 [INFO] Sent -> Category:Images by User:Panek/TriCity | Panek
2026-10-06 04:34:17,704 [INFO] Sent -> Q141657017 | Rohini
2026-10-06 04:34:17,813 [INFO] Sent -> File:La Conquête de la Terre sainte (par GUILLAUME DE TYR), avec la continuation. - btv1b9058986s (014 of 271).jpg | Gzen92Bot
2026-10-06 04:34:17,925 [INFO] Sent -> Category:Paintings of donkeys by year | AnRo0002
2026-10-06 04:34:18,032 [INFO] Sent -> Q128842697 | ~2026-52458-45
2026-10-06 04:34:18,143 [INFO] Sent -> Canton de Villeneuve-de-Marsan | Montgallet
2026-10-06 04:34:18,252 [INFO] Sent -> Category:People from Mithila (region) | Sntshkumar750
2026-10-06 04:34:18,360 [INFO] Sent -> Draft:Yogalakshmi | Gajalakshmiadikesavan
2026-10-06 04:34:18,468 [INFO] Sent -> Q63315368 | Silewe
2026-10-06 04:34:18,578 [INFO] Sent -> Clémence Michel | ListeriaBot
2026-10-06 04:34:18,686 [INFO] Sent -> File:Ostaniec owsiana 6.jpg | Panek
2026-10-06 04:34:18,795 [INFO] Sent -> Q141511567 | Artsiom91
2026-10-06 04:34:18,904 [INFO] Sent -> File:NOUVEAU D'HOZIER. Combe-Contaud. - btv1b10083547v (296 of 407).jpg | Gzen92Bot
2026-10-06 04:34:19,012 [INFO] Sent -> Category:Meta categories | AnRo0002
2026-10-06 04:34:19,121 [INFO] Sent -> Category:Artworks without Wikidata item | Gzen92Bot
2026-10-06 04:34:19,230 [INFO] Sent -> Amulet (comics) | ESkog
2026-10-06 04:34:19,339 [INFO] Sent -> Category:Categories by year (flat list) | AnRo0002
2026-10-06 04:34:19,449 [INFO] Sent -> Category:PD France | Gzen92Bot
2026-10-06 04:34:19,572 [INFO] Sent -> Category:Donkeys by year | AnRo0002
2026-10-06 04:34:19,682 [INFO] Sent -> Category:PD US expired | Gzen92Bot
2026-10-06 04:34:19,793 [INFO] Sent -> Category:Paintings of animals by year | AnRo0002
2026-10-06 04:34:19,902 [INFO] Sent -> Category:PD-US missing SDC copyright status | Gzen92Bot
2026-10-06 04:34:20,009 [INFO] Sent -> File:昌感秋海棠 (Begonia cavaleriei H.Lév.) 01.jpg | SchlurcherBot
2026-10-06 04:34:20,118 [INFO] Sent -> Category:PD-old missing SDC copyright status | Gzen92Bot
2026-10-06 04:34:20,228 [INFO] Sent -> Category:Paintings of donkeys | AnRo0002
2026-10-06 04:34:20,337 [INFO] Sent -> File:Borne Frontière Allemagne Belgique Pays Bas Colline Vaalserberg - Aix-la-Chapelle (DEA2) - 2026-09-27 - 4.jpg | Chabe01
2026-10-06 04:34:20,447 [INFO] Sent -> Q128842697 | ~2026-52458-45
2026-10-06 04:34:20,555 [INFO] Sent -> Category:CC-PD-Mark | Gzen92Bot
2026-10-06 04:34:20,663 [INFO] Sent -> Wp/brx/जामुं आरो आबाद | Kandarpajit Kallol
2026-10-06 04:34:20,772 [INFO] Sent -> Q109740547 | Namoroka
2026-10-06 04:34:20,881 [INFO] Sent -> Category:PD Old (assumed) | Gzen92Bot
2026-10-06 04:34:20,991 [INFO] Sent -> Eidola (band) | TYLERB216
2026-10-06 04:34:21,101 [INFO] Sent -> Category:Manuscripts from Gallica (Bibliothèque nationale de France) uploaded by Gzen92Bot | Gzen92Bot
2026-10-06 04:34:21,210 [INFO] Sent -> Q141657017 | Rohini
2026-10-06 04:34:21,320 [INFO] Sent -> Category:La Conquête de la Terre sainte (par GUILLAUME DE TYR), avec la continuation. - btv1b9058986s | Gzen92Bot
2026-10-06 04:34:21,429 [INFO] Sent -> Category:Files with no machine-readable author | Gzen92Bot
2026-10-06 04:34:21,540 [INFO] Progress: 2900 sent, 0 skipped.
2026-10-06 04:34:21,662 [INFO] Sent -> Category:Artworks without Wikidata item | Gzen92Bot
2026-10-06 04:34:21,770 [INFO] Sent -> Q37336477 | Cewbot
2026-10-06 04:34:21,879 [INFO] Sent -> Category:PD France | Gzen92Bot
2026-10-06 04:34:21,988 [INFO] Sent -> Lexeme:L1742989 | Oung ring
2026-10-06 04:34:22,097 [INFO] Sent -> Category:PD US expired | Gzen92Bot
2026-10-06 04:34:22,253 [INFO] Sent -> Category:PD-US missing SDC copyright status | Gzen92Bot
2026-10-06 04:34:22,539 [INFO] Sent -> Dyskusja:Inny punkt widzenia | MastiBot
2026-10-06 04:34:22,662 [INFO] Sent -> Q141657017 | Rohini
2026-10-06 04:34:22,770 [INFO] Sent -> Category:PD-old missing SDC copyright status | Gzen92Bot
2026-10-06 04:34:22,878 [INFO] Sent -> Category:CC-PD-Mark | Gzen92Bot
2026-10-06 04:34:23,044 [INFO] Sent -> Category:PD Old (assumed) | Gzen92Bot
2026-10-06 04:34:23,156 [INFO] Sent -> Шаблон:НП Алтайскага раёна | Autumndancer
2026-10-06 04:34:23,268 [INFO] Sent -> Category:Manuscripts from Gallica (Bibliothèque nationale de France) uploaded by Gzen92Bot | Gzen92Bot
2026-10-06 04:34:23,389 [INFO] Sent -> Category:NOUVEAU D'HOZIER. Combe-Contaud. - btv1b10083547v | Gzen92Bot
2026-10-06 04:34:23,497 [INFO] Sent -> Category:Files with no machine-readable author | Gzen92Bot
2026-10-06 04:34:23,606 [INFO] Sent -> Category:Wp/brx | Kandarpajit Kallol
2026-10-06 04:34:23,713 [INFO] Sent -> Category:Wp/brx/आबाद | Kandarpajit Kallol
2026-10-06 04:34:23,823 [INFO] Sent -> Category:Wp/brx/जामुं | Kandarpajit Kallol
2026-10-06 04:34:23,931 [INFO] Sent -> Category:Wp/brx/गोनांथार लिरसुंफोरनि फारिलाइ | Kandarpajit Kallol
2026-10-06 04:34:24,041 [INFO] Sent -> Carisey | Vikiçizer
2026-10-06 04:34:24,151 [INFO] Sent -> Category:Järva cykelled 25 | Salgo60
2026-10-06 04:34:24,261 [INFO] Sent -> Q97180240 | MsynBot
2026-10-06 04:34:24,369 [INFO] Sent -> Q128842697 | ~2026-52458-45
2026-10-06 04:34:24,491 [INFO] Sent -> Q55674315 | DnaX
2026-10-06 04:34:24,603 [INFO] Sent -> Q141657017 | Rohini
2026-10-06 04:34:24,711 [INFO] Sent -> Bibliography of George W. Bush | D11JKS128132
2026-10-06 04:34:24,823 [INFO] Sent -> Category:Draft articles about biographies | Gajalakshmiadikesavan
2026-10-06 04:34:24,931 [INFO] Sent -> Category:Draft articles about media | Gajalakshmiadikesavan
2026-10-06 04:34:25,056 [INFO] Sent -> Category:Draft articles about South Asia | Gajalakshmiadikesavan
2026-10-06 04:34:25,165 [INFO] Sent -> Category:AfC submissions on living persons | Gajalakshmiadikesavan
2026-10-06 04:34:25,274 [INFO] Sent -> Category:Pending AfC submissions | Gajalakshmiadikesavan
2026-10-06 04:34:25,383 [INFO] Sent -> Wp/nyn/Olimi III of Tooro | ~2026-53742-58
2026-10-06 04:34:25,493 [INFO] Sent -> Category:AfC pending submissions by age/0 days ago | Gajalakshmiadikesavan
2026-10-06 04:34:25,603 [INFO] Sent -> ユー・アー・イン・ザ・スーパーボウル、チャーリー・ブラウン | MuKoUn
2026-10-06 04:34:25,711 [INFO] Sent -> Category:AfC submissions with the same name as existing mainspace pages | Gajalakshmiadikesavan
2026-10-06 04:34:25,820 [INFO] Sent -> Category:AfC submissions by date/06 October 2026 | Gajalakshmiadikesavan
2026-10-06 04:34:25,928 [INFO] Sent -> Category:Draft AfC submissions | Gajalakshmiadikesavan
2026-10-06 04:34:26,044 [INFO] Sent -> User:Javed Khan King/sandbox | N7899
2026-10-06 04:34:26,160 [INFO] Sent -> File:S. Hieronymus - btv1b52504546z (409 of 620).jpg | Gzen92Bot
2026-10-06 04:34:26,269 [INFO] Sent -> Q128842697 | ~2026-52458-45
2026-10-06 04:34:26,377 [INFO] Sent -> Tristan Harris | ~2026-53672-11
2026-10-06 04:34:26,487 [INFO] Sent -> User:Javed Khan King/sandbox | N7899
2026-10-06 04:34:26,595 [INFO] Sent -> Tristan Harris | ~2026-53672-11
2026-10-06 04:34:26,718 [INFO] Sent -> Pancernik | W2k2
2026-10-06 04:34:26,827 [INFO] Sent -> Tristan Harris | ~2026-53672-11
2026-10-06 04:34:26,939 [INFO] Sent -> File:昌感秋海棠 (Begonia cavaleriei H.Lév.) 02.jpg | SchlurcherBot
2026-10-06 04:34:27,049 [INFO] Sent -> Q141657017 | Rohini
2026-10-06 04:34:27,160 [INFO] Sent -> Censy | Vikiçizer
2026-10-06 04:34:27,269 [INFO] Sent -> Category:Artworks without Wikidata item | Gzen92Bot
2026-10-06 04:34:27,378 [INFO] Sent -> Category:PD France | Gzen92Bot
2026-10-06 04:34:27,489 [INFO] Sent -> Category:PD US expired | Gzen92Bot
2026-10-06 04:34:27,600 [INFO] Sent -> Category:PD-US missing SDC copyright status | Gzen92Bot
2026-10-06 04:34:27,710 [INFO] Sent -> Викисловарь:Отчёты/v2/Общие шаблоны/multilang | VitalikBot
2026-10-06 04:34:27,820 [INFO] Sent -> Category:PD-old missing SDC copyright status | Gzen92Bot
2026-10-06 04:34:27,929 [INFO] Sent -> João de Deus Barbosa de Jesus | Łukasz Winek
2026-10-06 04:34:28,040 [INFO] Sent -> Category:CC-PD-Mark | Gzen92Bot
2026-10-06 04:34:28,150 [INFO] Sent -> Q141657017 | Rohini
2026-10-06 04:34:28,258 [INFO] Sent -> Category:PD Old (assumed) | Gzen92Bot
2026-10-06 04:34:28,382 [INFO] Sent -> Category:Manuscripts from Gallica (Bibliothèque nationale de France) uploaded by Gzen92Bot | Gzen92Bot
2026-10-06 04:34:28,510 [INFO] Sent -> Category:S. Hieronymus - btv1b52504546z | Gzen92Bot
2026-10-06 04:34:28,625 [INFO] Sent -> Q14669268 | Mrwdat3
2026-10-06 04:34:28,746 [INFO] Sent -> File:Церковь Покрова - колокольня.jpg | Rkieferbot
2026-10-06 04:34:28,854 [INFO] Sent -> Rosanna DeSoto | InternetArchiveBot
2026-10-06 04:34:28,964 [INFO] Sent -> Q141657017 | Rohini
2026-10-06 04:34:29,075 [INFO] Sent -> Klad:Sids dö bolitans | Łukasz Winek
2026-10-06 04:34:29,184 [INFO] Sent -> Klad:Sids | Łukasz Winek
2026-10-06 04:34:29,294 [INFO] Sent -> Klad:Moteds ün 1932 | Łukasz Winek
2026-10-06 04:34:29,403 [INFO] Sent -> Klad:Deadams ün 2002 | Łukasz Winek
2026-10-06 04:34:29,515 [INFO] Sent -> Klad:Bolitans Brasilänik | Łukasz Winek
2026-10-06 04:34:29,636 [INFO] Sent -> Klad:Lautans Brasilänik | Łukasz Winek
2026-10-06 04:34:29,744 [INFO] Sent -> Klad:Büsidans Brasilänik | Łukasz Winek
2026-10-06 04:34:29,852 [INFO] Sent -> User:FAR | Clemens Dulcis
2026-10-06 04:34:29,963 [INFO] Sent -> Wikipedia:Visste du att... | Paracel63
2026-10-06 04:34:30,071 [INFO] Sent -> Q141657017 | Rohini
2026-10-06 04:34:30,180 [INFO] Sent -> Lingua filistea | InternetArchiveBot
2026-10-06 04:34:30,290 [INFO] Sent -> File:ISS074-E-573286 - View of South Africa.jpg | OptimusPrimeBot
2026-10-06 04:34:30,401 [INFO] Sent -> Category:Dictionary entries | Kreuz und quer
2026-10-06 04:34:30,510 [INFO] Sent -> סיפורי נרניה: המסע בדורך השחר | נריה הורוב
2026-10-06 04:34:30,618 [INFO] Sent -> Asgard-Archaeen | Ernsts
2026-10-06 04:34:30,730 [INFO] Sent -> Q116390487 | DERDAKI ILIAS
2026-10-06 04:34:30,837 [INFO] Sent -> 2026年の政治 | Anothercat
2026-10-06 04:34:30,946 [INFO] Sent -> File:Borne Frontière Allemagne Belgique Pays Bas Colline Vaalserberg - Aix-la-Chapelle (DEA2) - 2026-09-27 - 5.jpg | Chabe01
2026-10-06 04:34:31,057 [INFO] Sent -> Category:ISS photographs taken on 2026-05-03 | OptimusPrimeBot
2026-10-06 04:34:31,166 [INFO] Sent -> Categoria:!Artigos com ligações inativas | InternetArchiveBot
2026-10-06 04:34:31,276 [INFO] Sent -> Category:Taken on missing SDC inception | OptimusPrimeBot
2026-10-06 04:34:31,385 [INFO] Sent -> Category:Images from the Earth Science and Remote Sensing Unit, Lyndon B. Johnson Space Center | OptimusPrimeBot
2026-10-06 04:34:31,494 [INFO] Sent -> Category:Pages with local object coordinates and missing SDC coordinates | OptimusPrimeBot
2026-10-06 04:34:31,606 [INFO] Sent -> Cérilly, Yonne | Vikiçizer
2026-10-06 04:34:31,714 [INFO] Sent -> Category:Files with coordinates missing SDC location of creation | OptimusPrimeBot
2026-10-06 04:34:31,830 [INFO] Sent -> Category:PD NASA | OptimusPrimeBot
2026-10-06 04:34:31,951 [INFO] Sent -> Category:PD-USGov missing SDC copyright status | OptimusPrimeBot
2026-10-06 04:34:32,060 [INFO] Sent -> Category:ISS Expedition 74 Crew Earth Observations (dump) | OptimusPrimeBot
2026-10-06 04:34:32,170 [INFO] Sent -> Category:NASA GAPE files uploaded by OptimusPrimeBot | OptimusPrimeBot
2026-10-06 04:34:32,282 [INFO] Sent -> Category:Photos of South Africa by ISS Expedition 74 Crew Earth Observations | OptimusPrimeBot
2026-10-06 04:34:32,391 [INFO] Sent -> Category:Dictionaries | Kreuz und quer
2026-10-06 04:34:32,502 [INFO] Sent -> Category:Taken with Nikon Z 9 | OptimusPrimeBot
2026-10-06 04:34:32,612 [INFO] Sent -> Category:Dictionaryies | Kreuz und quer
2026-10-06 04:34:32,722 [INFO] Sent -> Mbanarou | SchlurcherBot
2026-10-06 04:34:32,830 [INFO] Sent -> Category:Pages with local camera coordinates and missing SDC coordinates | Chabe01
2026-10-06 04:34:32,939 [INFO] Progress: 3000 sent, 0 skipped.
2026-10-06 04:34:33,052 [INFO] Sent -> Category:Creative Commons Attribution-Share Alike missing SDC copyright status | Chabe01
2026-10-06 04:34:33,162 [INFO] Sent -> File:Tian zhu sheng jiao ri ke. - btv1b90069149 (115 of 235).jpg | Gzen92Bot
2026-10-06 04:34:33,272 [INFO] Sent -> Category:CC-BY-SA-4.0 | Chabe01
2026-10-06 04:34:33,380 [INFO] Sent -> Category:Creative Commons Attribution-Share Alike 4.0 missing SDC copyright license | Chabe01
2026-10-06 04:34:33,492 [INFO] Sent -> Category:Self-published work | Chabe01
2026-10-06 04:34:33,602 [INFO] Sent -> Category:Self-published work missing SDC copyright license | Chabe01
2026-10-06 04:34:33,713 [INFO] Sent -> Category:Aachen | Chabe01
2026-10-06 04:34:33,822 [INFO] Sent -> Category:September 2026 in Aachen | Chabe01
2026-10-06 04:34:33,930 [INFO] Sent -> Category:Images of Aachen by Chabe01 | Chabe01
2026-10-06 04:34:34,040 [INFO] Sent -> Category:North Rhine-Westphalia photographs taken on 2026-09-27 | Chabe01
2026-10-06 04:34:34,147 [INFO] Sent -> Category:Images by Chabe01 taken with iPhone 16 Pro | Chabe01
2026-10-06 04:34:34,258 [INFO] Sent -> Q29570742 | הנדב הנכון
2026-10-06 04:34:34,369 [INFO] Sent -> File:Im Morgenroth- eine Münchner Geschichte aus der Zeit Max Joseph's des Dritten. 2 (IA 10311908bsb).pdf | Fæ
2026-10-06 04:34:34,479 [INFO] Sent -> Template:PRC admin/data/11/01/13/002/038 | Hamish-bot
2026-10-06 04:34:34,589 [INFO] Sent -> பக்கம்:சமயச் சொல்லகராதி.pdf/364 | SENTHAMIZHSELVI A
2026-10-06 04:34:34,699 [INFO] Sent -> File:ДАХмО 198-1-1852 За обвинуваченням Фейгу Фельдштейна і Нісона Вайсмана у відмові вимостити тротуар (1905).pdf | SchlurcherBot
2026-10-06 04:34:34,807 [INFO] Sent -> Category:Artworks without Wikidata item | Gzen92Bot
2026-10-06 04:34:34,920 [INFO] Sent -> Category:PD France | Gzen92Bot
2026-10-06 04:34:35,041 [INFO] Sent -> Molly Bobak | Tetraeder
2026-10-06 04:34:35,165 [INFO] Sent -> Category:Manuscripts from Gallica (Bibliothèque nationale de France) uploaded by Gzen92Bot | Gzen92Bot
2026-10-06 04:34:35,290 [INFO] Sent -> bıyılğı | Altobot
2026-10-06 04:34:35,402 [INFO] Sent -> Category:Tian zhu sheng jiao ri ke. - btv1b90069149 | Gzen92Bot
2026-10-06 04:34:35,521 [INFO] Sent -> Category:Files with no machine-readable author | Gzen92Bot
2026-10-06 04:34:35,630 [INFO] Sent -> Q7010042 | Surprizi
2026-10-06 04:34:35,741 [INFO] Sent -> Category:Scans from the Internet Archive | Fæ
2026-10-06 04:34:35,850 [INFO] Sent -> File:Borne Frontière Allemagne Belgique Pays Bas Colline Vaalserberg - Aix-la-Chapelle (DEA2) - 2026-09-27 - 5.jpg | Chabe01
2026-10-06 04:34:35,959 [INFO] Sent -> Category:Scans from the Internet Archive/unverified | Fæ
2026-10-06 04:34:36,069 [INFO] Sent -> Category:PD-old missing SDC copyright status | Fæ
2026-10-06 04:34:36,179 [INFO] Sent -> Q37336477 | Cewbot
2026-10-06 04:34:36,300 [INFO] Sent -> Category:CC-PD-Mark | Fæ
2026-10-06 04:34:36,409 [INFO] Sent -> పుట:ప్రతాపరుద్రీయమ్ (విద్యానాథ).pdf/351 | దేవీప్రసాదశాస్త్రి
2026-10-06 04:34:36,518 [INFO] Sent -> Category:PD-old-100-expired | Fæ
2026-10-06 04:34:36,625 [INFO] Sent -> Category:German online libraries collection | Fæ
2026-10-06 04:34:36,735 [INFO] Sent -> பகுப்பு:மெய்ப்பு பார்க்கப்படாதவை | SENTHAMIZHSELVI A
2026-10-06 04:34:36,844 [INFO] Sent -> Category:IA uploads needing categories | Fæ
2026-10-06 04:34:36,966 [INFO] Sent -> Category:Books uploaded by Fæ | Fæ
2026-10-06 04:34:37,076 [INFO] Sent -> File:Kolomna Moskvoretskaya street 15 2020-05 302.JPG | Svetlov Artem
2026-10-06 04:34:37,188 [INFO] Sent -> Category:因历史原因保留的已停用模板 | Hamish-bot
2026-10-06 04:34:37,806 [INFO] Sent -> Osteostraci | Hemiauchenia
2026-10-06 04:34:37,950 [INFO] Sent -> ထာမ်ပလိက်:vro-proper noun/documentation | Intobesa.bot
2026-10-06 04:34:38,194 [INFO] Sent -> వర్గం:అచ్చుదిద్దబడని | దేవీప్రసాదశాస్త్రి
2026-10-06 04:34:38,550 [INFO] Sent -> Template talk:Interlanguage link | YSSYguy
2026-10-06 04:34:38,674 [INFO] Sent -> File:九份二山傾斜屋與水平的看台欄杆.jpg | SchlurcherBot
2026-10-06 04:34:38,889 [INFO] Sent -> Q141657017 | Rohini
2026-10-06 04:34:39,098 [INFO] Sent -> File:Correspondance des loges avec le Grand Orient de France. Loges de province. Albi. Loge Parfaite amitié (1), Correspondance. - btv1b10090708p (473 of 479).jpg | SchlurcherBot
2026-10-06 04:34:39,275 [INFO] Sent -> File:Церковь Покрова.jpg | Rkieferbot
2026-10-06 04:34:39,449 [INFO] Sent -> User:MSGJ | Magiciandude
2026-10-06 04:34:39,638 [INFO] Sent -> Autostrada A1 (România) | Andrei Stroe
2026-10-06 04:34:39,762 [INFO] Sent -> Q141656989 | Elsy EL IRANY
2026-10-06 04:34:39,902 [INFO] Sent -> Q141656989 | Elsy EL IRANY
2026-10-06 04:34:40,052 [INFO] Sent -> File:Fonte Luminosa da Praça Geraldo Silva Maia (Passos) 15.jpg | Rkieferbot
2026-10-06 04:34:40,215 [INFO] Sent -> Q141657017 | Rohini
2026-10-06 04:34:40,339 [INFO] Sent -> Cerisiers | Vikiçizer
2026-10-06 04:34:40,465 [INFO] Sent -> File:ISS074-E-573286 - View of South Africa.jpg | OptimusPrimeBot
2026-10-06 04:34:40,584 [INFO] Sent -> Halid Lunisi | İmmortalance
2026-10-06 04:34:40,708 [INFO] Sent -> File:Hyundai Avante 2.0 Inspiration CN8 Raptor Gray Matte (45).jpg | Damian B Oh
2026-10-06 04:34:40,832 [INFO] Sent -> User:Muhammad Thoriq Ramadhan | Muhammad Thoriq Ramadhan
2026-10-06 04:34:41,092 [INFO] Sent -> Thành viên:Marie Hoai/nháp | Marie Hoai
2026-10-06 04:34:41,203 [INFO] Sent -> Q141657017 | Rohini
2026-10-06 04:34:41,339 [INFO] Sent -> File:Hyundai Avante 2.0 Inspiration CN8 Raptor Gray Matte (45).jpg | Damian B Oh
2026-10-06 04:34:41,476 [INFO] Sent -> Haris Seferović | İmmortalance
2026-10-06 04:34:41,640 [INFO] Sent -> Grotte de Choranche | InternetArchiveBot
2026-10-06 04:34:41,834 [INFO] Sent -> Q37336504 | Cewbot
2026-10-06 04:34:41,954 [INFO] Sent -> File:R. Croker LCCN2014684294.tif | SchlurcherBot
2026-10-06 04:34:42,109 [INFO] Sent -> File:海南秋海棠 01.jpg | SchlurcherBot
2026-10-06 04:34:42,250 [INFO] Sent -> Q116390488 | DERDAKI ILIAS
2026-10-06 04:34:42,381 [INFO] Sent -> Henry Ezeh | İmmortalance
2026-10-06 04:34:42,537 [INFO] Sent -> Q141657017 | Rohini
2026-10-06 04:34:42,695 [INFO] Sent -> Category:Creative Commons Attribution-Share Alike missing SDC copyright status | Damian B Oh
2026-10-06 04:34:42,835 [INFO] Sent -> Category:CC-BY-SA-4.0 | Damian B Oh
2026-10-06 04:34:42,979 [INFO] Sent -> Category:Creative Commons Attribution-Share Alike 4.0 missing SDC copyright license | Damian B Oh
2026-10-06 04:34:43,105 [INFO] Sent -> Category:Self-published work | Damian B Oh
2026-10-06 04:34:43,215 [INFO] Sent -> Z44477 | 鈴音雨
2026-10-06 04:34:43,330 [INFO] Sent -> Category:Self-published work missing SDC copyright license | Damian B Oh
2026-10-06 04:34:43,451 [INFO] Sent -> Category:Hyundai Avante (CN8) | Damian B Oh
2026-10-06 04:34:43,587 [INFO] Sent -> Käyttäjä:Fmadetoday | Fmadetoday
2026-10-06 04:34:43,730 [INFO] Sent -> Category:Gray Hyundai sedans | Damian B Oh
2026-10-06 04:34:43,841 [INFO] Sent -> File:Borne Frontière Allemagne Belgique Pays Bas Colline Vaalserberg - Aix-la-Chapelle (DEA2) - 2026-09-27 - 6.jpg | Chabe01
2026-10-06 04:34:43,976 [INFO] Sent -> Q141657017 | Rohini
2026-10-06 04:34:44,092 [INFO] Sent -> Q141656935 | 12akd
2026-10-06 04:34:44,238 [INFO] Sent -> Q138805421 | Pudox
2026-10-06 04:34:44,356 [INFO] Sent -> Category:Kichi Zibi Mikan | Sikander
2026-10-06 04:34:44,479 [INFO] Sent -> Kategorie:Wikipedia:Defekte Weblinks/Ungeprüfte Archivlinks 2026-10 | InternetArchiveBot
2026-10-06 04:34:44,602 [INFO] Sent -> Kategori:Türkiye'deki gurbetçi erkek futbolcular | İmmortalance
2026-10-06 04:34:44,711 [INFO] Sent -> മണവാളൻ | Wikkiaccountt
2026-10-06 04:34:44,821 [INFO] Sent -> Kategori:Türkiye'deki gurbetçi futbolcular | İmmortalance
2026-10-06 04:34:44,947 [INFO] Sent -> Kategori:Türkiye'deki gurbetçi erkek futbolcular | İmmortalance
2026-10-06 04:34:45,072 [INFO] Sent -> Kategori:Türkiye'deki gurbetçi futbolcular | İmmortalance
2026-10-06 04:34:45,197 [INFO] Sent -> Category:Pages with local camera coordinates and missing SDC coordinates | Chabe01
2026-10-06 04:34:45,322 [INFO] Sent -> Kategori:Türkiye'deki gurbetçi erkek futbolcular | İmmortalance
2026-10-06 04:34:45,447 [INFO] Sent -> Category:Files with coordinates missing SDC location of creation (50° N, 6° E) | Chabe01
2026-10-06 04:34:45,584 [INFO] Sent -> Kategori:Türkiye'deki gurbetçi futbolcular | İmmortalance
2026-10-06 04:34:45,710 [INFO] Sent -> Category:Creative Commons Attribution-Share Alike missing SDC copyright status | Chabe01
2026-10-06 04:34:45,821 [INFO] Sent -> Category:CC-BY-SA-4.0 | Chabe01
2026-10-06 04:34:45,944 [INFO] Sent -> Category:Creative Commons Attribution-Share Alike 4.0 missing SDC copyright license | Chabe01
2026-10-06 04:34:46,069 [INFO] Sent -> Category:Self-published work | Chabe01
2026-10-06 04:34:46,178 [INFO] Sent -> Category:Self-published work missing SDC copyright license | Chabe01
2026-10-06 04:34:46,287 [INFO] Sent -> Q141656989 | Elsy EL IRANY
2026-10-06 04:34:46,403 [INFO] Sent -> Category:Aachen | Chabe01
2026-10-06 04:34:46,518 [INFO] Progress: 3100 sent, 0 skipped.
2026-10-06 04:34:46,627 [INFO] Sent -> Q141657017 | Rohini
2026-10-06 04:34:46,738 [INFO] Sent -> Category:September 2026 in Aachen | Chabe01
2026-10-06 04:34:46,845 [INFO] Sent -> Category:Images of Aachen by Chabe01 | Chabe01
2026-10-06 04:34:46,954 [INFO] Sent -> Category:North Rhine-Westphalia photographs taken on 2026-09-27 | Chabe01
2026-10-06 04:34:47,063 [INFO] Sent -> Q141656989 | Elsy EL IRANY
2026-10-06 04:34:47,171 [INFO] Sent -> Category:Images by Chabe01 taken with iPhone 16 Pro | Chabe01
2026-10-06 04:34:47,282 [INFO] Sent -> Q138804263 | Pudox
2026-10-06 04:34:47,394 [INFO] Sent -> Q21667571 | Rebot
2026-10-06 04:34:47,515 [INFO] Sent -> 2026–27 Sheffield Wednesday F.C. season | Lincoln Owl
2026-10-06 04:34:47,626 [INFO] Sent -> Kurs:Singularitätentheorie (Osnabrück 2026-2027)/Lokaler Ring/Modul/Endlich erzeugt/Minimale Darstellung/Untermodul/Aufgabe/Aufgabereferenznummer | Arbota
2026-10-06 04:34:47,734 [INFO] Sent -> File:海南秋海棠 02.jpg | SchlurcherBot
2026-10-06 04:34:47,845 [INFO] Sent -> Q141657017 | Rohini
2026-10-06 04:34:47,955 [INFO] Sent -> Q141657027 | ~2026-53724-10
2026-10-06 04:34:48,068 [INFO] Sent -> File:Borne Frontière Allemagne Belgique Pays Bas Colline Vaalserberg - Aix-la-Chapelle (DEA2) - 2026-09-27 - 6.jpg | Chabe01
2026-10-06 04:34:48,189 [INFO] Sent -> Kategorie:Kurs:Singularitätentheorie (Osnabrück 2026-2027)/Referenznummer | Arbota
2026-10-06 04:34:48,311 [INFO] Sent -> Q141657017 | Rohini
2026-10-06 04:34:48,423 [INFO] Sent -> Bishop's Hatfield Girls' School | ~2026-53689-56
2026-10-06 04:34:48,542 [INFO] Sent -> Chablis | Vikiçizer
2026-10-06 04:34:48,657 [INFO] Sent -> Page:The birth of tragedy, or Hellenism and pessimism (Nietzsche).djvu/115 | Pasicles
2026-10-06 04:34:48,778 [INFO] Sent -> Q116390489 | DERDAKI ILIAS
2026-10-06 04:34:48,887 [INFO] Sent -> Category talk:Animal taxa by author/to do | Mill 1
2026-10-06 04:34:48,996 [INFO] Sent -> Q116395692 | DERDAKI ILIAS
2026-10-06 04:34:49,107 [INFO] Sent -> Eestikeelsete videomängude loend | Morkoz
2026-10-06 04:34:49,217 [INFO] Sent -> Summer Storm (2004 film) | Bohemian Baltimore
2026-10-06 04:34:49,327 [INFO] Sent -> Category:Proofread | Pasicles
2026-10-06 04:34:49,436 [INFO] Sent -> Q141657017 | Rohini
2026-10-06 04:34:49,559 [INFO] Sent -> File:Biserica romano catolică "Pogorârea Sf. Spirit" - Oradea.JPG | Rkieferbot
2026-10-06 04:34:49,680 [INFO] Sent -> Q10575881 | Mrwdat3
2026-10-06 04:34:49,790 [INFO] Sent -> Wikipedia:Hauptseite/Aktuelles | Wofalor
2026-10-06 04:34:49,913 [INFO] Sent -> Cézy | Vikiçizer
2026-10-06 04:34:50,036 [INFO] Sent -> Leonard Fein | Anomalous+0
2026-10-06 04:34:50,146 [INFO] Sent -> Hansell Araúz | İmmortalance
2026-10-06 04:34:50,255 [INFO] Sent -> File:ISS074-E-573287 - View of South Africa.jpg | OptimusPrimeBot
2026-10-06 04:34:50,363 [INFO] Sent -> Q141657017 | Rohini
2026-10-06 04:34:50,472 [INFO] Sent -> Discussioni progetto:Coordinamento/Connettività | Pequod76
2026-10-06 04:34:50,599 [INFO] Sent -> Q141657028 | Rohini
2026-10-06 04:34:50,720 [INFO] Sent -> Category:ISS photographs taken on 2026-05-03 | OptimusPrimeBot
2026-10-06 04:34:50,830 [INFO] Sent -> ফ্রান্সিস হালসেন | Zaheen
2026-10-06 04:34:50,940 [INFO] Sent -> Category:Taken on missing SDC inception | OptimusPrimeBot
2026-10-06 04:34:51,063 [INFO] Sent -> Category:Images from the Earth Science and Remote Sensing Unit, Lyndon B. Johnson Space Center | OptimusPrimeBot
2026-10-06 04:34:51,172 [INFO] Sent -> Category:Pages with local object coordinates and missing SDC coordinates | OptimusPrimeBot
2026-10-06 04:34:51,295 [INFO] Sent -> Category:Files with coordinates missing SDC location of creation | OptimusPrimeBot
2026-10-06 04:34:51,409 [INFO] Sent -> Category:PD NASA | OptimusPrimeBot
2026-10-06 04:34:51,521 [INFO] Sent -> Category:PD-USGov missing SDC copyright status | OptimusPrimeBot
2026-10-06 04:34:51,628 [INFO] Sent -> Category:ISS Expedition 74 Crew Earth Observations (dump) | OptimusPrimeBot
2026-10-06 04:34:51,740 [INFO] Sent -> Category:NASA GAPE files uploaded by OptimusPrimeBot | OptimusPrimeBot
2026-10-06 04:34:51,862 [INFO] Sent -> Arabic verbs | Theknightwho
2026-10-06 04:34:51,970 [INFO] Sent -> Category:Photos of South Africa by ISS Expedition 74 Crew Earth Observations | OptimusPrimeBot
2026-10-06 04:34:52,080 [INFO] Sent -> Category:Taken with Nikon Z 9 | OptimusPrimeBot
2026-10-06 04:34:52,189 [INFO] Sent -> Category:蜜蜂 | Highcollar
2026-10-06 04:34:52,433 [INFO] Sent -> IIHF European Junior Championships | 18abruce
2026-10-06 04:34:52,550 [INFO] Sent -> jetekê | JiyanBot
2026-10-06 04:34:52,672 [INFO] Sent -> Q116390490 | DERDAKI ILIAS
2026-10-06 04:34:52,796 [INFO] Sent -> Q141657028 | Rohini
2026-10-06 04:34:52,906 [INFO] Sent -> Kategori:Türkiye'deki gurbetçi erkek futbolcular | İmmortalance
2026-10-06 04:34:53,019 [INFO] Sent -> File:ISS074-E-573288 - View of South Africa.jpg | OptimusPrimeBot
2026-10-06 04:34:53,143 [INFO] Sent -> Kategori:Türkiye'deki gurbetçi futbolcular | İmmortalance
2026-10-06 04:34:53,267 [INFO] Sent -> Diskussion:Psychologie in der DDR | Passau2021
2026-10-06 04:34:53,392 [INFO] Sent -> Q30091555 | Kefr4000
2026-10-06 04:34:53,510 [INFO] Sent -> Category:Gay-related romantic comedy-drama films | Bohemian Baltimore
2026-10-06 04:34:53,632 [INFO] Sent -> Category:LGBTQ-related romantic comedy-drama films | Bohemian Baltimore
2026-10-06 04:34:53,757 [INFO] Sent -> Paloma Guzmán | SchlurcherBot
2026-10-06 04:34:53,880 [INFO] Sent -> Q141657028 | Rohini
2026-10-06 04:34:54,001 [INFO] Sent -> Category:検索エンジンに収集されないページ | Highcollar
2026-10-06 04:34:54,108 [INFO] Sent -> Category:即時削除対象のページ | Highcollar
2026-10-06 04:34:54,222 [INFO] Sent -> Convocazioni per il campionato mondiale di calcio 2002 | CheckWikiBOT
2026-10-06 04:34:54,333 [INFO] Sent -> 2026–27 Hong Kong Premier League | Chelsdog
2026-10-06 04:34:54,459 [INFO] Sent -> Viquiprojecte:Microbiologia dels aliments UAB/2026-27/Desdoblament G2 | Carlaromea
2026-10-06 04:34:54,577 [INFO] Sent -> Category:ISS photographs taken on 2026-05-03 | OptimusPrimeBot
2026-10-06 04:34:54,687 [INFO] Sent -> Category:Taken on missing SDC inception | OptimusPrimeBot
2026-10-06 04:34:54,796 [INFO] Sent -> Overleg:Mahatma Gandhi | Machaerus
2026-10-06 04:34:54,908 [INFO] Sent -> Category:Images from the Earth Science and Remote Sensing Unit, Lyndon B. Johnson Space Center | OptimusPrimeBot
2026-10-06 04:34:55,020 [INFO] Sent -> Category:Pages with local object coordinates and missing SDC coordinates | OptimusPrimeBot
2026-10-06 04:34:55,142 [INFO] Sent -> Category:Files with coordinates missing SDC location of creation | OptimusPrimeBot
2026-10-06 04:34:55,252 [INFO] Sent -> Category:PD NASA | OptimusPrimeBot
2026-10-06 04:34:55,363 [INFO] Sent -> Category:PD-USGov missing SDC copyright status | OptimusPrimeBot
2026-10-06 04:34:55,484 [INFO] Sent -> Category:ISS Expedition 74 Crew Earth Observations (dump) | OptimusPrimeBot
2026-10-06 04:34:55,592 [INFO] Sent -> Q16606773 | Kristbaumbot
2026-10-06 04:34:55,701 [INFO] Sent -> Category:NASA GAPE files uploaded by OptimusPrimeBot | OptimusPrimeBot
2026-10-06 04:34:55,815 [INFO] Sent -> Category:Photos of South Africa by ISS Expedition 74 Crew Earth Observations | OptimusPrimeBot
2026-10-06 04:34:55,936 [INFO] Sent -> Category:Taken with Nikon Z 9 | OptimusPrimeBot
2026-10-06 04:34:56,044 [INFO] Sent -> Q141657028 | Rohini
2026-10-06 04:34:56,155 [INFO] Sent -> Teniente gobernador de Quebec | Curc26
2026-10-06 04:34:56,265 [INFO] Sent -> User:Yaddie22 | Yaddie22
2026-10-06 04:34:56,375 [INFO] Sent -> Q116390491 | DERDAKI ILIAS
2026-10-06 04:34:56,494 [INFO] Sent -> Chailley | Vikiçizer
2026-10-06 04:34:56,605 [INFO] Sent -> File:Cathédrale Aix Chapelle - Aix-la-Chapelle (DEA2) - 2026-09-27 - 1.jpg | Chabe01
2026-10-06 04:34:56,729 [INFO] Sent -> Q141657028 | Rohini
2026-10-06 04:34:56,849 [INFO] Sent -> Category:Paintings of donkeys by year | AnRo0002
2026-10-06 04:34:56,958 [INFO] Sent -> Q141656895 | Sr. Martinez Quebracho
2026-10-06 04:34:57,068 [INFO] Sent -> Château de Marcouville (Eure) | Totorvdr59
2026-10-06 04:34:57,176 [INFO] Sent -> Category:Pages with local camera coordinates and missing SDC coordinates | Chabe01
2026-10-06 04:34:57,286 [INFO] Sent -> Personaggi di SpongeBob | Cartoon Gamer
2026-10-06 04:34:57,397 [INFO] Sent -> Q116390492 | DERDAKI ILIAS
2026-10-06 04:34:57,506 [INFO] Sent -> Category:Files with coordinates missing SDC location of creation (50° N, 6° E) | Chabe01
2026-10-06 04:34:57,617 [INFO] Sent -> Category:Creative Commons Attribution-Share Alike missing SDC copyright status | Chabe01
2026-10-06 04:34:57,726 [INFO] Sent -> Category:CC-BY-SA-4.0 | Chabe01
2026-10-06 04:34:57,836 [INFO] Sent -> Category:Creative Commons Attribution-Share Alike 4.0 missing SDC copyright license | Chabe01
2026-10-06 04:34:57,943 [INFO] Sent -> Category:Self-published work | Chabe01
2026-10-06 04:34:58,053 [INFO] Progress: 3200 sent, 0 skipped.
2026-10-06 04:34:58,163 [INFO] Sent -> Category:Aachen | Chabe01
2026-10-06 04:34:58,273 [INFO] Sent -> Category:September 2026 in Aachen | Chabe01
2026-10-06 04:34:58,392 [INFO] Sent -> Category:Images of Aachen by Chabe01 | Chabe01
2026-10-06 04:34:58,506 [INFO] Sent -> 佐伯市立鶴見中学校 | Ackeyyama
2026-10-06 04:34:58,618 [INFO] Sent -> Category:North Rhine-Westphalia photographs taken on 2026-09-27 | Chabe01
2026-10-06 04:34:58,742 [INFO] Sent -> Category:Images by Chabe01 taken with iPhone 16 Pro | Chabe01
2026-10-06 04:34:58,861 [INFO] Sent -> File:Bible. A.T. Pentateuque-Hapṭarah-Megillôt (hébreu) - btv1b10549397c (176 of 639).jpg | Gzen92Bot
2026-10-06 04:34:58,974 [INFO] Sent -> Marco Materazzi | Rickyone99
2026-10-06 04:34:59,099 [INFO] Sent -> Q141657028 | Rohini
2026-10-06 04:34:59,223 [INFO] Sent -> Bus rapid transit | Sciking
2026-10-06 04:34:59,329 [INFO] Sent -> File:Cathédrale Aix Chapelle - Aix-la-Chapelle (DEA2) - 2026-09-27 - 1.jpg | Chabe01
2026-10-06 04:34:59,442 [INFO] Sent -> Spinatiroheline | InternetArchiveBot
2026-10-06 04:34:59,555 [INFO] Sent -> Q116390494 | DERDAKI ILIAS
2026-10-06 04:34:59,675 [INFO] Sent -> Category:Donkeys by year | AnRo0002
2026-10-06 04:34:59,794 [INFO] Sent -> Бенереску, Петре Михай | Head of darkness
2026-10-06 04:34:59,908 [INFO] Sent -> Category:Artworks without Wikidata item | Gzen92Bot
2026-10-06 04:35:00,019 [INFO] Sent -> Q141657028 | Rohini
2026-10-06 04:35:00,139 [INFO] Sent -> Category:PD France | Gzen92Bot
2026-10-06 04:35:00,250 [INFO] Sent -> Category:Manuscripts from Gallica (Bibliothèque nationale de France) uploaded by Gzen92Bot | Gzen92Bot
2026-10-06 04:35:00,377 [INFO] Sent -> Category:Bible. A.T. Pentateuque-Hapṭarah-Megillôt (hébreu) - btv1b10549397c | Gzen92Bot
2026-10-06 04:35:00,503 [INFO] Sent -> Category:Files with no machine-readable author | Gzen92Bot
2026-10-06 04:35:00,626 [INFO] Sent -> Chamoux, Yonne | Vikiçizer
2026-10-06 04:35:00,746 [INFO] Sent -> Q141657028 | Rohini
2026-10-06 04:35:00,855 [INFO] Sent -> File:Cotter Bridge, Baxter County, Arkansas.JPG | Rkieferbot
2026-10-06 04:35:00,966 [INFO] Sent -> データカードダス | ~2026-54024-82
2026-10-06 04:35:01,089 [INFO] Sent -> Q14683648 | Mrwdat3
2026-10-06 04:35:01,211 [INFO] Sent -> Talk:Tabing Ilog | Eegnetwork
2026-10-06 04:35:01,322 [INFO] Sent -> Category:INKA E-Inobus | TTTNIS
2026-10-06 04:35:01,432 [INFO] Sent -> Q116390495 | DERDAKI ILIAS
2026-10-06 04:35:01,543 [INFO] Sent -> Q27190020 | Nabbot
2026-10-06 04:35:01,653 [INFO] Sent -> Q6688574 | Pehlivanmeydani
2026-10-06 04:35:01,774 [INFO] Sent -> Clans of Intrigue | ListeriaBot
2026-10-06 04:35:01,889 [INFO] Sent -> Категория:Википедия:Страницы с шаблоном ФИО без ссылок | Head of darkness
2026-10-06 04:35:02,010 [INFO] Sent -> Категория:Википедия:Статьи с источниками из Викиданных | Head of darkness
2026-10-06 04:35:02,135 [INFO] Sent -> Категория:Родившиеся в Крайове | Head of darkness
2026-10-06 04:35:02,254 [INFO] Sent -> Категория:Умершие в Бухаресте | Head of darkness
2026-10-06 04:35:02,364 [INFO] Sent -> User:Dawood.Gujjar | Dawood.Gujjar
2026-10-06 04:35:02,476 [INFO] Sent -> Категория:Выпускники Университета Бабеша — Бойяи | Head of darkness
2026-10-06 04:35:02,586 [INFO] Sent -> Категория:Доктора наук | Head of darkness
2026-10-06 04:35:02,708 [INFO] Sent -> Категория:Учёные по алфавиту | Head of darkness
2026-10-06 04:35:02,815 [INFO] Sent -> Category:Battery-powered buses | TTTNIS
2026-10-06 04:35:02,927 [INFO] Sent -> Категория:Гидробиологи Румынии | Head of darkness
2026-10-06 04:35:03,036 [INFO] Sent -> Utilisateur:Vimaparo/Composition des chambres parlementaires | Vimaparo
2026-10-06 04:35:03,145 [INFO] Sent -> Категория:Гидробиологи XX века | Head of darkness
2026-10-06 04:35:03,256 [INFO] Sent -> Категория:Гидробиологи XXI века | Head of darkness
2026-10-06 04:35:03,366 [INFO] Sent -> Категория:Ихтиологи по алфавиту | Head of darkness
2026-10-06 04:35:03,473 [INFO] Sent -> Категория:Ихтиологи XX века | Head of darkness
2026-10-06 04:35:03,582 [INFO] Sent -> Q120378488 | Lotje
2026-10-06 04:35:03,691 [INFO] Sent -> Tyreece Campbell | ~2026-48280-56
2026-10-06 04:35:03,802 [INFO] Sent -> Категория:Ихтиологи XXI века | Head of darkness
2026-10-06 04:35:03,909 [INFO] Sent -> Template:企業排球聯賽 | 安狄
2026-10-06 04:35:04,022 [INFO] Sent -> Категория:Биологи Румынии | Head of darkness
2026-10-06 04:35:04,146 [INFO] Sent -> Q141657028 | Rohini
2026-10-06 04:35:04,268 [INFO] Sent -> File:ISS074-E-573288 - View of South Africa.jpg | OptimusPrimeBot
2026-10-06 04:35:04,391 [INFO] Sent -> Tyreece Campbell | ~2026-48280-56
2026-10-06 04:35:04,500 [INFO] Sent -> Q116390496 | DERDAKI ILIAS
2026-10-06 04:35:04,609 [INFO] Sent -> Q97180251 | MsynBot
2026-10-06 04:35:04,719 [INFO] Sent -> مرر | Shuaib-bot
2026-10-06 04:35:04,829 [INFO] Sent -> Q141657028 | Rohini
2026-10-06 04:35:04,951 [INFO] Sent -> File:ISS074-E-573287 - View of South Africa.jpg | OptimusPrimeBot
2026-10-06 04:35:05,060 [INFO] Sent -> Q141657028 | Rohini
2026-10-06 04:35:05,169 [INFO] Sent -> Q138805424 | Pudox
2026-10-06 04:35:05,278 [INFO] Sent -> File:Friedrichstadt Am Fürstenburgwall 11 IGP0530.jpg | Z thomas
2026-10-06 04:35:05,390 [INFO] Sent -> File:A street in Friedrichstadt - panoramio.jpg | Z thomas
2026-10-06 04:35:05,509 [INFO] Sent -> Oswaldo Vizcarrondo | ~2026-53721-07
2026-10-06 04:35:05,623 [INFO] Sent -> Q116390497 | DERDAKI ILIAS
2026-10-06 04:35:05,732 [INFO] Sent -> vluchtgevaar | Kvdrgeus
2026-10-06 04:35:05,843 [INFO] Sent -> File:Friedrichstadt Am Fürstenburgwall 12 13 IGP0533.jpg | Z thomas
2026-10-06 04:35:05,950 [INFO] Sent -> Page:The sexual life of our time (1908).pdf/201 | Tosca-the-engineer
2026-10-06 04:35:06,062 [INFO] Sent -> Categoria:Pagine con errori nell'uso delle note | Rickyone99
2026-10-06 04:35:06,185 [INFO] Sent -> Champcevrais | Vikiçizer
2026-10-06 04:35:06,295 [INFO] Sent -> Q6098385 | הנדב הנכון
2026-10-06 04:35:06,405 [INFO] Sent -> Category:Wohn- und Geschäftshäuser Am Fürstenburgwall (Friedrichstadt) | Z thomas
2026-10-06 04:35:06,513 [INFO] Sent -> Brunĉapa pego | Kani
2026-10-06 04:35:06,622 [INFO] Sent -> Category:Media needing category review as of 18 December 2016 | Z thomas
2026-10-06 04:35:06,750 [INFO] Sent -> Q141657028 | Rohini
2026-10-06 04:35:06,876 [INFO] Sent -> Q138804272 | Pudox
2026-10-06 04:35:06,996 [INFO] Sent -> Category:Wohn- und Geschäftshäuser Am Fürstenburgwall (Friedrichstadt) | Z thomas
2026-10-06 04:35:07,110 [INFO] Sent -> Q116390498 | DERDAKI ILIAS
2026-10-06 04:35:07,233 [INFO] Sent -> Category:Proofread | Tosca-the-engineer
2026-10-06 04:35:07,712 [INFO] Sent -> Category:Not proofread | Tosca-the-engineer
2026-10-06 04:35:07,839 [INFO] Sent -> Loopz | Go D. Usopp
2026-10-06 04:35:07,951 [INFO] Sent -> Categorie:Woorden met 3 lettergrepen in het Nederlands | Kvdrgeus
2026-10-06 04:35:08,081 [INFO] Sent -> File:Friedrichstadt Am Fürstenburgwall 7 IGP0523.jpg | Z thomas
2026-10-06 04:35:08,197 [INFO] Sent -> Categorie:WikiWoordenboek:IPA-nl-fout/ongeldig teken | Kvdrgeus
2026-10-06 04:35:08,328 [INFO] Sent -> Category:Wohn- und Geschäftshäuser Am Fürstenburgwall (Friedrichstadt) | Z thomas
2026-10-06 04:35:08,456 [INFO] Sent -> Q141657025 | Chandapiwa Malema
2026-10-06 04:35:08,633 [INFO] Sent -> Categorie:Woorden in het Nederlands met IPA-weergave | Kvdrgeus
2026-10-06 04:35:08,801 [INFO] Sent -> Staudernheim | Edorfbir
2026-10-06 04:35:09,065 [INFO] Sent -> Q111776335 | Mrwdat3
2026-10-06 04:35:09,227 [INFO] Sent -> File:A street in Friedrichstadt - Schleswig-Holstein - Germany (51201732639).jpg | Z thomas
2026-10-06 04:35:09,363 [INFO] Sent -> Q141657028 | Rohini
2026-10-06 04:35:09,494 [INFO] Sent -> Category:Järva cykelled 24 | Salgo60
2026-10-06 04:35:09,644 [INFO] Sent -> Q141657026 | Lohen11
2026-10-06 04:35:09,764 [INFO] Sent -> Q116390500 | DERDAKI ILIAS
2026-10-06 04:35:09,881 [INFO] Sent -> Q141656987 | Naexy
2026-10-06 04:35:10,001 [INFO] Sent -> Plicní mor | Venca24
2026-10-06 04:35:10,142 [INFO] Sent -> File:Friedrichstadt Am Fürstenburgwall 9 IGP0527.jpg | Z thomas
2026-10-06 04:35:10,265 [INFO] Sent -> Kategori:Sider med skriptfeil | Edorfbir
2026-10-06 04:35:10,386 [INFO] Progress: 3300 sent, 0 skipped.
2026-10-06 04:35:10,505 [INFO] Sent -> Kategori:Artikler som mangler etikett på Wikidata | Edorfbir
2026-10-06 04:35:10,633 [INFO] Sent -> Category:Wohn- und Geschäftshäuser Am Fürstenburgwall (Friedrichstadt) | Z thomas
2026-10-06 04:35:10,763 [INFO] Sent -> Kategori:Artikler uten offisielle lenker fra Wikidata | Edorfbir
2026-10-06 04:35:10,885 [INFO] Sent -> Kategorio:Birdoj de Sudazio | Kani
2026-10-06 04:35:11,024 [INFO] Sent -> Kategori:Artikler med offisielle lenker og uten kobling til Wikidata | Edorfbir
2026-10-06 04:35:11,145 [INFO] Sent -> File:Cathédrale Aix Chapelle - Aix-la-Chapelle (DEA2) - 2026-09-27 - 2.jpg | Chabe01
2026-10-06 04:35:11,272 [INFO] Sent -> Kategorio:Birdoj de Suda Azio | Kani
2026-10-06 04:35:11,395 [INFO] Sent -> Kategori:Artikler uten autoritetsdatalenker fra Wikidata | Edorfbir
2026-10-06 04:35:11,516 [INFO] Sent -> Kategori:Kommuner i Rheinland-Pfalz | Edorfbir
2026-10-06 04:35:11,663 [INFO] Sent -> Category:Wohn- und Geschäftshäuser Am Fürstenburgwall (Friedrichstadt) | Z thomas
2026-10-06 04:35:11,779 [INFO] Sent -> User:Krahtov | Krahtov
2026-10-06 04:35:11,890 [INFO] Sent -> Kategori:Bosetninger i Landkreis Bad Kreuznach | Edorfbir
2026-10-06 04:35:12,017 [INFO] Sent -> Kategori:Naheland | Edorfbir
2026-10-06 04:35:12,138 [INFO] Sent -> Halid Buteyb | İmmortalance
2026-10-06 04:35:12,246 [INFO] Sent -> Kategori:Bosetninger ved Nahe | Edorfbir
2026-10-06 04:35:12,355 [INFO] Sent -> Champignelles | Vikiçizer
2026-10-06 04:35:12,465 [INFO] Sent -> Kategori:Statlige anerkjente feriesteder i Rheinland-Pfalz | Edorfbir
2026-10-06 04:35:12,576 [INFO] Sent -> Kategori:Bosetninger første gang omtalt i 1107 | Edorfbir
2026-10-06 04:35:12,684 [INFO] Sent -> Category:Wohn- und Geschäftshäuser Am Fürstenburgwall (Friedrichstadt) | Z thomas
2026-10-06 04:35:12,796 [INFO] Sent -> Overleg:Mahatma Gandhi | Machaerus
2026-10-06 04:35:12,914 [INFO] Sent -> Q141657028 | Rohini
2026-10-06 04:35:13,025 [INFO] Sent -> Category:Use dmy dates from October 2026 | Go D. Usopp
2026-10-06 04:35:13,149 [INFO] Sent -> File:Friedrichstadt, die Straße Am Fürstenburgwall.jpg | Z thomas
2026-10-06 04:35:13,271 [INFO] Sent -> Category:Use British English from October 2026 | Go D. Usopp
2026-10-06 04:35:13,380 [INFO] Sent -> Benutzer:Wüstenspringmaus/Ungesichtet/Musik | Hgzbot
2026-10-06 04:35:13,491 [INFO] Sent -> Category:All Wikipedia articles written in British English | Go D. Usopp
2026-10-06 04:35:13,603 [INFO] Sent -> Category:All articles with unsourced statements | Go D. Usopp
2026-10-06 04:35:13,726 [INFO] Sent -> Category:Articles with unsourced statements from July 2023 | Go D. Usopp
2026-10-06 04:35:13,835 [INFO] Sent -> Користувачка:KaterynaVa/Streptococcus agalactiae | KaterynaVa
2026-10-06 04:35:13,944 [INFO] Sent -> Category:Pages with local camera coordinates and missing SDC coordinates | Chabe01
2026-10-06 04:35:14,053 [INFO] Sent -> File:Friedrichstadt, Häuserzeile Am Fürstenburgwall.jpg | Z thomas
2026-10-06 04:35:14,162 [INFO] Sent -> Category:Files with coordinates missing SDC location of creation (50° N, 6° E) | Chabe01
2026-10-06 04:35:14,283 [INFO] Sent -> Category:Creative Commons Attribution-Share Alike missing SDC copyright status | Chabe01
2026-10-06 04:35:14,395 [INFO] Sent -> Q116390501 | DERDAKI ILIAS
2026-10-06 04:35:14,504 [INFO] Sent -> Category:CC-BY-SA-4.0 | Chabe01
2026-10-06 04:35:14,619 [INFO] Sent -> Category:Creative Commons Attribution-Share Alike 4.0 missing SDC copyright license | Chabe01
2026-10-06 04:35:14,743 [INFO] Sent -> Category:Self-published work | Chabe01
2026-10-06 04:35:14,867 [INFO] Sent -> Kategorie:Údržba:Články s infoboxy bez údajů | Venca24
2026-10-06 04:35:14,991 [INFO] Sent -> Category:Self-published work missing SDC copyright license | Chabe01
2026-10-06 04:35:15,115 [INFO] Sent -> Q141657028 | Rohini
2026-10-06 04:35:15,237 [INFO] Sent -> Henri Belle | İmmortalance
2026-10-06 04:35:15,347 [INFO] Sent -> Category:Aachen | Chabe01
2026-10-06 04:35:15,463 [INFO] Sent -> Category:September 2026 in Aachen | Chabe01
2026-10-06 04:35:15,582 [INFO] Sent -> File:Friedrichstadt-Fürstenburgwall 14.jpg | Z thomas
2026-10-06 04:35:15,690 [INFO] Sent -> Nonce | JoeHard
2026-10-06 04:35:15,801 [INFO] Sent -> Category:Images of Aachen by Chabe01 | Chabe01
2026-10-06 04:35:15,910 [INFO] Sent -> Category:North Rhine-Westphalia photographs taken on 2026-09-27 | Chabe01
2026-10-06 04:35:16,034 [INFO] Sent -> Category:Images by Chabe01 taken with iPhone 16 Pro | Chabe01
2026-10-06 04:35:16,157 [INFO] Sent -> Q14883133 | Mrwdat3
2026-10-06 04:35:16,271 [INFO] Sent -> partiġjanerija | Bot-Jagwar
2026-10-06 04:35:16,392 [INFO] Sent -> Category:User de-4 | Krahtov
2026-10-06 04:35:16,502 [INFO] Sent -> Category:User en-3 | Krahtov
2026-10-06 04:35:16,612 [INFO] Sent -> Category:Wohn- und Geschäftshäuser Am Fürstenburgwall (Friedrichstadt) | Z thomas
2026-10-06 04:35:16,734 [INFO] Sent -> File:Cathédrale Aix Chapelle - Aix-la-Chapelle (DEA2) - 2026-09-27 - 2.jpg | Chabe01
2026-10-06 04:35:16,843 [INFO] Sent -> Category:Wohn- und Geschäftshäuser Am Fürstenburgwall (Friedrichstadt) | Z thomas
2026-10-06 04:35:16,952 [INFO] Sent -> Benutzer:Wüstenspringmaus/Ungesichtet/Biologie | Hgzbot
2026-10-06 04:35:17,063 [INFO] Sent -> Q116390503 | DERDAKI ILIAS
2026-10-06 04:35:17,172 [INFO] Sent -> Kategori:Türkiye'deki gurbetçi erkek futbolcular | İmmortalance
2026-10-06 04:35:17,297 [INFO] Sent -> Q141657028 | Rohini
2026-10-06 04:35:17,408 [INFO] Sent -> Kategori:Türkiye'deki gurbetçi futbolcular | İmmortalance
2026-10-06 04:35:17,515 [INFO] Sent -> File:Friedrichstadt-Fürstenburgwall 9.jpg | Z thomas
2026-10-06 04:35:17,625 [INFO] Sent -> Plasma | Vaniliyana von Halw
2026-10-06 04:35:17,735 [INFO] Sent -> Q141657028 | Rohini
2026-10-06 04:35:17,843 [INFO] Sent -> Category:Wohn- und Geschäftshäuser Am Fürstenburgwall (Friedrichstadt) | Z thomas
2026-10-06 04:35:17,952 [INFO] Sent -> Q116390504 | DERDAKI ILIAS
2026-10-06 04:35:18,063 [INFO] Sent -> Kategori:Türkiye'deki gurbetçi erkek futbolcular | İmmortalance
2026-10-06 04:35:18,185 [INFO] Sent -> Kategori:Türkiye'deki gurbetçi futbolcular | İmmortalance
2026-10-06 04:35:18,301 [INFO] Sent -> Sokajy:Maltese 6-syllable words | Bot-Jagwar
2026-10-06 04:35:18,431 [INFO] Sent -> Sokajy:Maltese terms with IPA pronunciation | Bot-Jagwar
2026-10-06 04:35:18,553 [INFO] Sent -> Жденёво | Halajkovič
2026-10-06 04:35:18,672 [INFO] Sent -> Q14880274 | Mrwdat3
2026-10-06 04:35:18,794 [INFO] Sent -> Category:Wohn- und Geschäftshäuser Am Fürstenburgwall (Friedrichstadt) | Z thomas
2026-10-06 04:35:18,904 [INFO] Sent -> ထာမ်ပလိက်:vro-verb/documentation | Intobesa.bot
2026-10-06 04:35:19,030 [INFO] Sent -> Template:PRC admin/data/11/01/13/003/003 | Hamish-bot
2026-10-06 04:35:19,151 [INFO] Sent -> Q37336504 | Cewbot
2026-10-06 04:35:19,265 [INFO] Sent -> File:S. Hieronymus - btv1b52504546z (410 of 620).jpg | Gzen92Bot
2026-10-06 04:35:19,374 [INFO] Sent -> File:ISS074-E-573289 - View of South Africa.jpg | OptimusPrimeBot
2026-10-06 04:35:19,485 [INFO] Sent -> Benutzer:Wüstenspringmaus/Ungesichtet/Raumfahrt | Hgzbot
2026-10-06 04:35:19,594 [INFO] Sent -> Say She She | Add7c5cm
2026-10-06 04:35:19,703 [INFO] Sent -> PlayStation Home | Isluji
2026-10-06 04:35:19,813 [INFO] Sent -> File:R. Croker LCCN2014686787.tif | SchlurcherBot
2026-10-06 04:35:19,940 [INFO] Sent -> Utilisateur:Dadidadam/Brouillon | Dadidadam
2026-10-06 04:35:20,063 [INFO] Sent -> File:Kolomna Moskvoretskaya street 15 2020-05 302.JPG | Svetlov Artem
2026-10-06 04:35:20,185 [INFO] Sent -> Category:German terms derived from Proto-Indo-European | Vaniliyana von Halw
2026-10-06 04:35:20,296 [INFO] Sent -> Category:German terms derived from Proto-Hellenic | Vaniliyana von Halw
2026-10-06 04:35:20,419 [INFO] Sent -> ကဏ္ဍ:မုက်လိက်သောဲသောဲမဆေၚ်စပ်ကဵုလိက်စၟတ်သမ္တီမချူပတိုန်လဝ်ဂမၠိုၚ် | Intobesa.bot
2026-10-06 04:35:20,528 [INFO] Sent -> Category:Pages with etymon | Vaniliyana von Halw
2026-10-06 04:35:20,649 [INFO] Sent -> Category:German entries with etymon | Vaniliyana von Halw
2026-10-06 04:35:20,760 [INFO] Sent -> Q116390507 | DERDAKI ILIAS
2026-10-06 04:35:20,868 [INFO] Sent -> File:La Conquête de la Terre sainte (par GUILLAUME DE TYR), avec la continuation. - btv1b9058986s (015 of 271).jpg | Gzen92Bot
2026-10-06 04:35:20,977 [INFO] Sent -> Category:Pages with inline etymon for redlinks | Vaniliyana von Halw
2026-10-06 04:35:21,086 [INFO] Sent -> Category:Artworks without Wikidata item | Gzen92Bot
2026-10-06 04:35:21,197 [INFO] Sent -> Category:PD France | Gzen92Bot
2026-10-06 04:35:21,308 [INFO] Sent -> Category:PD US expired | Gzen92Bot
2026-10-06 04:35:21,435 [INFO] Sent -> Category:PD-US missing SDC copyright status | Gzen92Bot
2026-10-06 04:35:21,556 [INFO] Sent -> Q138805429 | Pudox
2026-10-06 04:35:21,666 [INFO] Sent -> Utilisateur:HistoVG | Bertrouf
2026-10-06 04:35:21,773 [INFO] Sent -> Category:PD-old missing SDC copyright status | Gzen92Bot
2026-10-06 04:35:21,887 [INFO] Sent -> Rosanna Viegas | InternetArchiveBot
2026-10-06 04:35:22,006 [INFO] Progress: 3400 sent, 0 skipped.
2026-10-06 04:35:22,117 [INFO] Sent -> Category:ISS photographs taken on 2026-05-03 | OptimusPrimeBot
2026-10-06 04:35:22,238 [INFO] Sent -> Benutzer:HeadyHoudini/Ungesichtet/Formel 1 | Hgzbot
2026-10-06 04:35:22,357 [INFO] Sent -> Category:CC-PD-Mark | Gzen92Bot
2026-10-06 04:35:22,533 [INFO] Sent -> Category:Taken on missing SDC inception | OptimusPrimeBot
2026-10-06 04:35:22,647 [INFO] Sent -> Category:PD Old (assumed) | Gzen92Bot
2026-10-06 04:35:22,759 [INFO] Sent -> Category:Images from the Earth Science and Remote Sensing Unit, Lyndon B. Johnson Space Center | OptimusPrimeBot
2026-10-06 04:35:22,884 [INFO] Sent -> Category:Manuscripts from Gallica (Bibliothèque nationale de France) uploaded by Gzen92Bot | Gzen92Bot
2026-10-06 04:35:23,005 [INFO] Sent -> Category:Pages with local object coordinates and missing SDC coordinates | OptimusPrimeBot
2026-10-06 04:35:23,117 [INFO] Sent -> Category:S. Hieronymus - btv1b52504546z | Gzen92Bot
2026-10-06 04:35:23,238 [INFO] Sent -> Category:Files with coordinates missing SDC location of creation | OptimusPrimeBot
2026-10-06 04:35:23,349 [INFO] Sent -> Category:PD NASA | OptimusPrimeBot
2026-10-06 04:35:23,477 [INFO] Sent -> Category:因历史原因保留的已停用模板 | Hamish-bot
2026-10-06 04:35:23,599 [INFO] Sent -> Q10506361 | Mrwdat3
2026-10-06 04:35:23,708 [INFO] Sent -> Катеґорія:Статьи без жерел або одказов | Halajkovič
2026-10-06 04:35:23,822 [INFO] Sent -> Champigny, Yonne | Vikiçizer
2026-10-06 04:35:23,941 [INFO] Sent -> Category:PD-USGov missing SDC copyright status | OptimusPrimeBot
2026-10-06 04:35:24,065 [INFO] Sent -> Катеґорія:Статї з неяснов достовірностёв | Halajkovič
2026-10-06 04:35:24,188 [INFO] Sent -> Category:Artworks without Wikidata item | Gzen92Bot
2026-10-06 04:35:24,310 [INFO] Sent -> Category:ISS Expedition 74 Crew Earth Observations (dump) | OptimusPrimeBot
2026-10-06 04:35:24,421 [INFO] Sent -> Category:PD France | Gzen92Bot
2026-10-06 04:35:24,545 [INFO] Sent -> Category:NASA GAPE files uploaded by OptimusPrimeBot | OptimusPrimeBot
2026-10-06 04:35:24,654 [INFO] Sent -> Q116390510 | DERDAKI ILIAS
2026-10-06 04:35:24,763 [INFO] Sent -> Category:PD US expired | Gzen92Bot
2026-10-06 04:35:24,885 [INFO] Sent -> Category:Photos of South Africa by ISS Expedition 74 Crew Earth Observations | OptimusPrimeBot
2026-10-06 04:35:25,010 [INFO] Sent -> Q138804273 | Pudox
2026-10-06 04:35:25,119 [INFO] Sent -> Category:PD-US missing SDC copyright status | Gzen92Bot
2026-10-06 04:35:25,230 [INFO] Sent -> Category:Taken with Nikon Z 9 | OptimusPrimeBot
2026-10-06 04:35:25,353 [INFO] Sent -> Category:PD-old missing SDC copyright status | Gzen92Bot
2026-10-06 04:35:25,464 [INFO] Sent -> పుట:ప్రతాపరుద్రీయమ్ (విద్యానాథ).pdf/352 | దేవీప్రసాదశాస్త్రి
2026-10-06 04:35:25,570 [INFO] Sent -> Category:CC-PD-Mark | Gzen92Bot
2026-10-06 04:35:25,683 [INFO] Sent -> Hélder Tavares | İmmortalance
2026-10-06 04:35:25,805 [INFO] Sent -> Category:PD Old (assumed) | Gzen92Bot
2026-10-06 04:35:25,915 [INFO] Sent -> Category:Manuscripts from Gallica (Bibliothèque nationale de France) uploaded by Gzen92Bot | Gzen92Bot
2026-10-06 04:35:26,022 [INFO] Sent -> Category:La Conquête de la Terre sainte (par GUILLAUME DE TYR), avec la continuation. - btv1b9058986s | Gzen92Bot
2026-10-06 04:35:26,132 [INFO] Sent -> Category:Files with no machine-readable author | Gzen92Bot
2026-10-06 04:35:26,242 [INFO] Sent -> File:Tian zhu sheng jiao ri ke. - btv1b90069149 (116 of 235).jpg | Gzen92Bot
2026-10-06 04:35:26,351 [INFO] Sent -> Wikipédia:Le Bistro/7 octobre 2026 | Loxyger
2026-10-06 04:35:26,457 [INFO] Sent -> File:NOUVEAU D'HOZIER. Combe-Contaud. - btv1b10083547v (297 of 407).jpg | Gzen92Bot
2026-10-06 04:35:26,564 [INFO] Sent -> File:CARRER NOU, 17 - TORÀ - IB-828.JPG | Rkieferbot
2026-10-06 04:35:26,675 [INFO] Sent -> వర్గం:అచ్చుదిద్దబడని | దేవీప్రసాదశాస్త్రి
2026-10-06 04:35:26,784 [INFO] Sent -> File:Laurasia-Gondwana-gl.svg | Miguelferig
2026-10-06 04:35:26,891 [INFO] Sent -> Q116390511 | DERDAKI ILIAS
2026-10-06 04:35:27,007 [INFO] Sent -> Q14922659 | Mrwdat3
2026-10-06 04:35:27,128 [INFO] Sent -> Category:Artworks without Wikidata item | Gzen92Bot
2026-10-06 04:35:27,238 [INFO] Sent -> Categoria:!Artigos com ligações inativas | InternetArchiveBot
2026-10-06 04:35:27,350 [INFO] Sent -> Category:PD France | Gzen92Bot
2026-10-06 04:35:27,458 [INFO] Sent -> Category:Manuscripts from Gallica (Bibliothèque nationale de France) uploaded by Gzen92Bot | Gzen92Bot
2026-10-06 04:35:27,569 [INFO] Sent -> Kategori:Türkiye'deki gurbetçi erkek futbolcular | İmmortalance
2026-10-06 04:35:27,693 [INFO] Sent -> Rosanne Cash | InternetArchiveBot
2026-10-06 04:35:27,802 [INFO] Sent -> Category:Tian zhu sheng jiao ri ke. - btv1b90069149 | Gzen92Bot
2026-10-06 04:35:27,914 [INFO] Sent -> Q141657028 | Rohini
2026-10-06 04:35:28,041 [INFO] Sent -> Kategori:Türkiye'deki gurbetçi futbolcular | İmmortalance
2026-10-06 04:35:28,171 [INFO] Sent -> USS Catfish | SmartyPants22
2026-10-06 04:35:28,286 [INFO] Sent -> Category:Files with no machine-readable author | Gzen92Bot
2026-10-06 04:35:28,400 [INFO] Sent -> Caner Cindoruk | PERLA.NEGRA
2026-10-06 04:35:28,521 [INFO] Sent -> Jacques Ruffié | Python72
2026-10-06 04:35:28,649 [INFO] Sent -> bıçak | Altobot
2026-10-06 04:35:28,768 [INFO] Sent -> Category:Artworks without Wikidata item | Gzen92Bot
2026-10-06 04:35:28,893 [INFO] Sent -> Category:PD France | Gzen92Bot
2026-10-06 04:35:29,004 [INFO] Sent -> Category:Creative Commons Attribution missing SDC copyright status | Miguelferig
2026-10-06 04:35:29,115 [INFO] Sent -> Category:CC-BY-3.0 | Miguelferig
2026-10-06 04:35:29,241 [INFO] Sent -> Category:PD US expired | Gzen92Bot
2026-10-06 04:35:29,364 [INFO] Sent -> Category:Creative Commons Attribution 3.0 missing SDC copyright license | Miguelferig
2026-10-06 04:35:29,471 [INFO] Sent -> Category:PD-US missing SDC copyright status | Gzen92Bot
2026-10-06 04:35:29,588 [INFO] Sent -> Category:Media needing categories as of 6 October 2026 | Miguelferig
2026-10-06 04:35:29,706 [INFO] Sent -> Category:PD-old missing SDC copyright status | Gzen92Bot
2026-10-06 04:35:29,818 [INFO] Sent -> Q116390513 | DERDAKI ILIAS
2026-10-06 04:35:29,926 [INFO] Sent -> Category:All media needing categories as of 2026 | Miguelferig
2026-10-06 04:35:30,040 [INFO] Sent -> Category:CC-PD-Mark | Gzen92Bot
2026-10-06 04:35:30,162 [INFO] Sent -> Category:PD Old (assumed) | Gzen92Bot
2026-10-06 04:35:30,287 [INFO] Sent -> Category:Manuscripts from Gallica (Bibliothèque nationale de France) uploaded by Gzen92Bot | Gzen92Bot
2026-10-06 04:35:30,396 [INFO] Sent -> Category:NOUVEAU D'HOZIER. Combe-Contaud. - btv1b10083547v | Gzen92Bot
2026-10-06 04:35:30,510 [INFO] Sent -> File:Cathédrale Aix Chapelle - Aix-la-Chapelle (DEA2) - 2026-09-27 - 3.jpg | Chabe01
2026-10-06 04:35:30,629 [INFO] Sent -> Category:Files with no machine-readable author | Gzen92Bot
2026-10-06 04:35:30,761 [INFO] Sent -> Category:Naval ships commissioned in 1945 | SmartyPants22
2026-10-06 04:35:30,907 [INFO] Sent -> Category:Naval ships decommissioned in 1971 | SmartyPants22
2026-10-06 04:35:31,021 [INFO] Sent -> 분류:가가우스어 명사 | Altobot
2026-10-06 04:35:31,146 [INFO] Sent -> Q2383214 | Mrwdat3
2026-10-06 04:35:31,267 [INFO] Sent -> Usine Tréfimétaux de Dives-sur-Mer | Pradigue
2026-10-06 04:35:31,377 [INFO] Sent -> Champlay | Vikiçizer
2026-10-06 04:35:31,487 [INFO] Sent -> Clara Löfgren | ListeriaBot
2026-10-06 04:35:31,594 [INFO] Sent -> File:Freiburg- Kurbel, Kultusminister Simpfendörffer - LABW - Staatsarchiv Freiburg W 134 Nr. 047873b.jpeg | Lotse-zwei
2026-10-06 04:35:31,707 [INFO] Sent -> Category:Pages with local camera coordinates and missing SDC coordinates | Chabe01
2026-10-06 04:35:31,831 [INFO] Sent -> Categoria:!Artigos com ligações inativas | InternetArchiveBot
2026-10-06 04:35:31,950 [INFO] Sent -> Category:Files with coordinates missing SDC location of creation (50° N, 6° E) | Chabe01
2026-10-06 04:35:32,062 [INFO] Sent -> Category:Creative Commons Attribution-Share Alike missing SDC copyright status | Chabe01
2026-10-06 04:35:32,171 [INFO] Sent -> File:Laurasia-Gondwana-gl.svg | Miguelferig
2026-10-06 04:35:32,280 [INFO] Sent -> Category:CC-BY-SA-4.0 | Chabe01
2026-10-06 04:35:32,388 [INFO] Sent -> Q13488198 | Mrwdat3
2026-10-06 04:35:32,498 [INFO] Sent -> Category:Creative Commons Attribution-Share Alike 4.0 missing SDC copyright license | Chabe01
2026-10-06 04:35:32,606 [INFO] Sent -> Category:Self-published work | Chabe01
2026-10-06 04:35:32,714 [INFO] Sent -> Q21667573 | Rebot
2026-10-06 04:35:32,837 [INFO] Sent -> Category:Self-published work missing SDC copyright license | Chabe01
2026-10-06 04:35:32,948 [INFO] Sent -> Q116390517 | DERDAKI ILIAS
2026-10-06 04:35:33,058 [INFO] Sent -> Category:Aachen | Chabe01
2026-10-06 04:35:33,166 [INFO] Sent -> Q141657021 | Merci Kahubangwa
2026-10-06 04:35:33,279 [INFO] Sent -> Q138805431 | Pudox
2026-10-06 04:35:33,406 [INFO] Sent -> Category:September 2026 in Aachen | Chabe01
2026-10-06 04:35:33,528 [INFO] Sent -> Category:Images of Aachen by Chabe01 | Chabe01
2026-10-06 04:35:33,656 [INFO] Progress: 3500 sent, 0 skipped.
2026-10-06 04:35:33,775 [INFO] Sent -> Category:Images by Chabe01 taken with iPhone 16 Pro | Chabe01
2026-10-06 04:35:33,885 [INFO] Sent -> Q138804275 | Pudox
2026-10-06 04:35:34,009 [INFO] Sent -> File:ISS074-E-573289 - View of South Africa.jpg | OptimusPrimeBot
2026-10-06 04:35:34,137 [INFO] Sent -> Kurs:Singularitätentheorie (Osnabrück 2026-2027)/Lokaler Ring/Modul/Freie Auflösung/Minimal/Ränge/Fakt/Beweis/Aufgabe/Aufgabereferenznummer | Arbota
2026-10-06 04:35:34,262 [INFO] Sent -> יעקב חץ | שעה טובה
2026-10-06 04:35:34,381 [INFO] Sent -> Q141657021 | Merci Kahubangwa
2026-10-06 04:35:34,493 [INFO] Sent -> Q116390518 | DERDAKI ILIAS
2026-10-06 04:35:34,603 [INFO] Sent -> Indiana Jones and the Emperor’s Tomb | A particle for world to form
2026-10-06 04:35:34,718 [INFO] Sent -> User talk:Jorgamo | NervousBot
2026-10-06 04:35:34,840 [INFO] Sent -> Q141657020 | Ebi4real
2026-10-06 04:35:34,949 [INFO] Sent -> Template:TCR Series championships | Jesse685
2026-10-06 04:35:35,072 [INFO] Sent -> Kategorie:Kurs:Singularitätentheorie (Osnabrück 2026-2027)/Referenznummer | Arbota
2026-10-06 04:35:35,182 [INFO] Sent -> Category:Wilhelm Simpfendörfer | Lotse-zwei
2026-10-06 04:35:35,295 [INFO] Sent -> Q24596204 | Cewbot
2026-10-06 04:35:35,403 [INFO] Sent -> Dirk Hebel | İmmortalance
2026-10-06 04:35:35,514 [INFO] Sent -> 佐野海舟 | ~2026-53750-84
2026-10-06 04:35:35,624 [INFO] Sent -> Q5385192 | Mrwdat3
2026-10-06 04:35:35,746 [INFO] Sent -> File:Cathédrale Aix Chapelle - Aix-la-Chapelle (DEA2) - 2026-09-27 - 3.jpg | Chabe01
2026-10-06 04:35:35,860 [INFO] Sent -> Wp/brx/सानखान्थि बिगियानारि गोनांथार लिरसुंफोरनि फारिलाइ | Kandarpajit Kallol
2026-10-06 04:35:35,982 [INFO] Sent -> 틀:KBS 2TV | 상준
2026-10-06 04:35:36,088 [INFO] Sent -> Champlost | Vikiçizer
2026-10-06 04:35:36,199 [INFO] Sent -> Q116390520 | DERDAKI ILIAS
2026-10-06 04:35:36,309 [INFO] Sent -> Template:Pagina principale/Novità/2009/44 | CheckWikiBOT
2026-10-06 04:35:36,418 [INFO] Sent -> Category:Wp/brx | Kandarpajit Kallol
2026-10-06 04:35:36,528 [INFO] Sent -> Category:Wp/brx/सानखान्थि बिगियान | Kandarpajit Kallol
2026-10-06 04:35:36,640 [INFO] Sent -> Category:Wp/brx/गोनांथार लिरसुंफोरनि फारिलाइ | Kandarpajit Kallol
2026-10-06 04:35:36,765 [INFO] Sent -> Talk:Naproxen | Rich Farmbrough
2026-10-06 04:35:36,887 [INFO] Sent -> קטגוריה:ישראלים שנפטרו ב-2026 | שעה טובה
2026-10-06 04:35:37,000 [INFO] Sent -> シャーロック・ホームズシリーズ | Asotaro12
2026-10-06 04:35:37,120 [INFO] Sent -> Q141657021 | Merci Kahubangwa
2026-10-06 04:35:37,232 [INFO] Sent -> Category:蜜蜂に関する文化 | Highcollar
2026-10-06 04:35:37,748 [INFO] Sent -> Q138804277 | Pudox
2026-10-06 04:35:37,873 [INFO] Sent -> Q116390521 | DERDAKI ILIAS
2026-10-06 04:35:37,996 [INFO] Sent -> Q138805433 | Pudox
2026-10-06 04:35:38,125 [INFO] Sent -> Q10645552 | Mrwdat3
2026-10-06 04:35:38,246 [INFO] Sent -> ziqaqeke | JiyanBot
2026-10-06 04:35:38,408 [INFO] Sent -> Q116395693 | DERDAKI ILIAS
2026-10-06 04:35:38,567 [INFO] Sent -> User:Yerevantsi/sandbox/Alikhan | ~2026-53652-21
2026-10-06 04:35:38,790 [INFO] Sent -> Big Four of Thrash | Teddy Bankers
2026-10-06 04:35:39,097 [INFO] Sent -> Category:検索エンジンに収集されないページ | Highcollar
2026-10-06 04:35:39,450 [INFO] Sent -> Kategori:Türkiye'deki gurbetçi erkek futbolcular | İmmortalance
2026-10-06 04:35:39,597 [INFO] Sent -> Category:即時削除対象のページ | Highcollar
2026-10-06 04:35:39,772 [INFO] Sent -> Kategori:Türkiye'deki gurbetçi futbolcular | İmmortalance
2026-10-06 04:35:39,900 [INFO] Sent -> Catégorie:Décès à Toulouse | Python72
2026-10-06 04:35:40,023 [INFO] Sent -> Q116390524 | DERDAKI ILIAS
2026-10-06 04:35:40,157 [INFO] Sent -> משתמש:אנאקין סקייווקר | אנאקין סקייווקר
2026-10-06 04:35:40,285 [INFO] Sent -> File:Fonte Luminosa da Praça Geraldo Silva Maia (Passos) 16.jpg | Rkieferbot
2026-10-06 04:35:40,407 [INFO] Sent -> Q7486303 | Mrwdat3
2026-10-06 04:35:40,516 [INFO] Sent -> Strona:PL Syn nocy by J de Gastyne and G Bouregois from Gazeta Poranna No5853 Y1921 part5.jpg | Wydarty
2026-10-06 04:35:40,638 [INFO] Sent -> Q141657021 | Merci Kahubangwa
2026-10-06 04:35:40,762 [INFO] Sent -> Liste von Söhnen und Töchtern der Stadt Buenos Aires | Krdbot
2026-10-06 04:35:40,872 [INFO] Sent -> Couchmaster | Doctorhawkes
2026-10-06 04:35:40,982 [INFO] Sent -> Q138805435 | Pudox
2026-10-06 04:35:41,091 [INFO] Sent -> Q141657021 | Merci Kahubangwa
2026-10-06 04:35:41,199 [INFO] Sent -> Категория:Проект:Компьютерные игры:Последняя правка: в текущем месяце | A particle for world to form
2026-10-06 04:35:41,310 [INFO] Sent -> Kategoria:Przepisana | Wydarty
2026-10-06 04:35:41,421 [INFO] Sent -> Q138804279 | Pudox
2026-10-06 04:35:41,543 [INFO] Sent -> Категория:Проект:Компьютерные игры:Последняя правка: в текущем году | A particle for world to form
2026-10-06 04:35:41,653 [INFO] Sent -> Q2266858 | Mrwdat3
2026-10-06 04:35:41,776 [INFO] Sent -> USS Catfish | SmartyPants22
2026-10-06 04:35:41,887 [INFO] Sent -> Kasa Rolniczego Ubezpieczenia Społecznego | Majonez truskawkowy
2026-10-06 04:35:41,997 [INFO] Sent -> Q106685803 | Hannolans
2026-10-06 04:35:42,122 [INFO] Sent -> Q16606780 | Kristbaumbot
2026-10-06 04:35:42,243 [INFO] Sent -> Q116390525 | DERDAKI ILIAS
2026-10-06 04:35:42,367 [INFO] Sent -> Template:重庆轨道交通RDT/10 | ~2026-53593-68
2026-10-06 04:35:42,476 [INFO] Sent -> Q138805442 | Pudox
2026-10-06 04:35:42,587 [INFO] Sent -> Bibliography of George W. Bush | D11JKS128132
2026-10-06 04:35:42,696 [INFO] Sent -> Q10583496 | Mrwdat3
2026-10-06 04:35:42,804 [INFO] Sent -> Q141657028 | Rohini
2026-10-06 04:35:42,915 [INFO] Sent -> Bibliography of George W. Bush | D11JKS128132
2026-10-06 04:35:43,023 [INFO] Sent -> Q106685803 | Hannolans
2026-10-06 04:35:43,138 [INFO] Sent -> Q116390527 | DERDAKI ILIAS
2026-10-06 04:35:43,263 [INFO] Sent -> Q106685803 | Hannolans
2026-10-06 04:35:43,372 [INFO] Sent -> File:Cathédrale Aix Chapelle - Aix-la-Chapelle (DEA2) - 2026-09-27 - 4.jpg | Chabe01
2026-10-06 04:35:43,479 [INFO] Sent -> Q141657021 | Merci Kahubangwa
2026-10-06 04:35:43,592 [INFO] Sent -> Q138804282 | Pudox
2026-10-06 04:35:43,703 [INFO] Sent -> 2007年亞洲冬季運動會 | Easterlies
2026-10-06 04:35:43,824 [INFO] Sent -> Skulpturenpark Heidelberg | Welt-der-Form
2026-10-06 04:35:43,932 [INFO] Sent -> Q59928913 | Hannolans
2026-10-06 04:35:44,045 [INFO] Sent -> マーター・アムリターナンダマイー | Purnesh JP
2026-10-06 04:35:44,154 [INFO] Sent -> ကဏ္ဍ:မုက်လိက်သောဲသောဲမဆေၚ်စပ်ကဵုလိက်စၟတ်သမ္တီမချူပတိုန်လဝ်မဇ္ဇျဟ်ထောံဂမၠိုၚ် | Intobesa.bot
2026-10-06 04:35:44,260 [INFO] Sent -> User:AntⅰCompositeNumber ⅰs a faaggot20 | AntⅰCompositeNumber ⅰs a faaggot20
2026-10-06 04:35:44,372 [INFO] Sent -> Q141511567 | Artsiom91
2026-10-06 04:35:44,485 [INFO] Sent -> Egon Wellesz | Sfjohna
2026-10-06 04:35:44,594 [INFO] Sent -> Q138805447 | Pudox
2026-10-06 04:35:44,701 [INFO] Sent -> Q13634965 | Mrwdat3
2026-10-06 04:35:44,811 [INFO] Sent -> Q141657028 | Rohini
2026-10-06 04:35:44,921 [INFO] Sent -> Timeline of the Russo-Ukrainian war (1 September 2026 – present) | Jjmclellan82
2026-10-06 04:35:45,037 [INFO] Sent -> Q141657021 | Merci Kahubangwa
2026-10-06 04:35:45,158 [INFO] Sent -> Category:Things named after André Bessette | Pe-Jo
2026-10-06 04:35:45,269 [INFO] Sent -> Category:Pages with local camera coordinates and missing SDC coordinates | Chabe01
2026-10-06 04:35:45,379 [INFO] Sent -> Category:Files with coordinates missing SDC location of creation (50° N, 6° E) | Chabe01
2026-10-06 04:35:45,502 [INFO] Sent -> Category:Creative Commons Attribution-Share Alike missing SDC copyright status | Chabe01
2026-10-06 04:35:45,625 [INFO] Sent -> Category:CC-BY-SA-4.0 | Chabe01
2026-10-06 04:35:45,733 [INFO] Sent -> Category:Creative Commons Attribution-Share Alike 4.0 missing SDC copyright license | Chabe01
2026-10-06 04:35:45,848 [INFO] Sent -> Category:Self-published work | Chabe01
2026-10-06 04:35:45,970 [INFO] Sent -> Category:Self-published work missing SDC copyright license | Chabe01
2026-10-06 04:35:46,080 [INFO] Sent -> Category:Aachen | Chabe01
2026-10-06 04:35:46,205 [INFO] Sent -> Category:September 2026 in Aachen | Chabe01
2026-10-06 04:35:46,326 [INFO] Progress: 3600 sent, 0 skipped.
2026-10-06 04:35:46,435 [INFO] Sent -> Category:Images of Aachen by Chabe01 | Chabe01
2026-10-06 04:35:46,543 [INFO] Sent -> File:Изображение 03403.jpg | Rkieferbot
2026-10-06 04:35:46,656 [INFO] Sent -> Category:North Rhine-Westphalia photographs taken on 2026-09-27 | Chabe01
2026-10-06 04:35:46,776 [INFO] Sent -> Category:Images by Chabe01 taken with iPhone 16 Pro | Chabe01
2026-10-06 04:35:46,886 [INFO] Sent -> Q116390528 | DERDAKI ILIAS
2026-10-06 04:35:46,995 [INFO] Sent -> Q138805449 | Pudox
2026-10-06 04:35:47,105 [INFO] Sent -> Category:Things named after saints by saint name | Pe-Jo
2026-10-06 04:35:47,213 [INFO] Sent -> Q24596204 | Cewbot
2026-10-06 04:35:47,326 [INFO] Sent -> Q138804283 | Pudox
2026-10-06 04:35:47,434 [INFO] Sent -> File:ISS074-E-573290 - View of South Africa.jpg | OptimusPrimeBot
2026-10-06 04:35:47,545 [INFO] Sent -> File:Cathédrale Aix Chapelle - Aix-la-Chapelle (DEA2) - 2026-09-27 - 4.jpg | Chabe01
2026-10-06 04:35:47,652 [INFO] Sent -> Champs-sur-Yonne | Vikiçizer
2026-10-06 04:35:47,763 [INFO] Sent -> Q141657028 | Rohini
2026-10-06 04:35:47,871 [INFO] Sent -> Q1475708 | ~2026-53772-44
2026-10-06 04:35:47,980 [INFO] Sent -> Category:All articles with dead external links | D11JKS128132
2026-10-06 04:35:48,093 [INFO] Sent -> Q141657021 | Merci Kahubangwa
2026-10-06 04:35:48,201 [INFO] Sent -> Q7735748 | Mrwdat3
2026-10-06 04:35:48,312 [INFO] Sent -> Category:Articles with dead external links from January 2025 | D11JKS128132
2026-10-06 04:35:48,444 [INFO] Sent -> Q116390529 | DERDAKI ILIAS
2026-10-06 04:35:48,558 [INFO] Sent -> Canton (Cameroun) | Harrieta171
2026-10-06 04:35:48,687 [INFO] Sent -> Q97180258 | MsynBot
2026-10-06 04:35:48,803 [INFO] Sent -> Q141657028 | Rohini
2026-10-06 04:35:48,913 [INFO] Sent -> Hamidou Traoré | İmmortalance
2026-10-06 04:35:49,020 [INFO] Sent -> lawda | Bot-Jagwar
2026-10-06 04:35:49,131 [INFO] Sent -> Category:ISS photographs taken on 2026-05-03 | OptimusPrimeBot
2026-10-06 04:35:49,239 [INFO] Sent -> Category:Taken on missing SDC inception | OptimusPrimeBot
2026-10-06 04:35:49,350 [INFO] Sent -> Category:Images from the Earth Science and Remote Sensing Unit, Lyndon B. Johnson Space Center | OptimusPrimeBot
2026-10-06 04:35:49,457 [INFO] Sent -> Category:Pages with local object coordinates and missing SDC coordinates | OptimusPrimeBot
2026-10-06 04:35:49,574 [INFO] Sent -> Category:Files with coordinates missing SDC location of creation | OptimusPrimeBot
2026-10-06 04:35:49,692 [INFO] Sent -> Q138804285 | Pudox
2026-10-06 04:35:49,800 [INFO] Sent -> Clara Hilda Ramos | ListeriaBot
2026-10-06 04:35:49,910 [INFO] Sent -> Category:Järva cykelled 23 | Salgo60
2026-10-06 04:35:50,022 [INFO] Sent -> Category:PD NASA | OptimusPrimeBot
2026-10-06 04:35:50,130 [INFO] Sent -> Category:PD-USGov missing SDC copyright status | OptimusPrimeBot
2026-10-06 04:35:50,241 [INFO] Sent -> Q138805451 | Pudox
2026-10-06 04:35:50,352 [INFO] Sent -> Category:ISS Expedition 74 Crew Earth Observations (dump) | OptimusPrimeBot
2026-10-06 04:35:50,461 [INFO] Sent -> Category:NASA GAPE files uploaded by OptimusPrimeBot | OptimusPrimeBot
2026-10-06 04:35:50,570 [INFO] Sent -> Q116390531 | DERDAKI ILIAS
2026-10-06 04:35:50,692 [INFO] Sent -> Category:Photos of South Africa by ISS Expedition 74 Crew Earth Observations | OptimusPrimeBot
2026-10-06 04:35:50,814 [INFO] Sent -> Category:Taken with Nikon Z 9 | OptimusPrimeBot
2026-10-06 04:35:50,925 [INFO] Sent -> Haris Harba | İmmortalance
2026-10-06 04:35:51,047 [INFO] Sent -> Тил коддору | Artelow
2026-10-06 04:35:51,158 [INFO] Sent -> Q14878849 | Mrwdat3
2026-10-06 04:35:51,266 [INFO] Sent -> Projet:Pays nordiques/Articles récents | OrlodrimBot
2026-10-06 04:35:51,379 [INFO] Sent -> Q141657021 | Merci Kahubangwa
2026-10-06 04:35:51,500 [INFO] Sent -> Q138804289 | Pudox
2026-10-06 04:35:51,610 [INFO] Sent -> 2026 Spanish general election | ~2026-39356-13
2026-10-06 04:35:51,733 [INFO] Sent -> Q141657028 | Rohini
2026-10-06 04:35:51,839 [INFO] Sent -> Q116390532 | DERDAKI ILIAS
2026-10-06 04:35:51,951 [INFO] Sent -> Sokajy:Maltese 2-syllable words | Bot-Jagwar
2026-10-06 04:35:52,073 [INFO] Sent -> Sokajy:Maltese terms with IPA pronunciation | Bot-Jagwar
2026-10-06 04:35:52,182 [INFO] Sent -> File:State Temple of the Martial God, Yuelao Hall, Tainan City (Taiwan).jpg | 阿道
2026-10-06 04:35:52,291 [INFO] Sent -> Dominique Maingueneau | CodexBot2
2026-10-06 04:35:52,708 [INFO] Sent -> Q138805452 | Pudox
2026-10-06 04:35:52,836 [INFO] Sent -> Kategori:Türkiye'deki gurbetçi erkek futbolcular | İmmortalance
2026-10-06 04:35:52,961 [INFO] Sent -> Chamvres | Vikiçizer
2026-10-06 04:35:53,094 [INFO] Sent -> Q141657028 | Rohini
2026-10-06 04:35:53,211 [INFO] Sent -> Kategori:Türkiye'deki gurbetçi futbolcular | İmmortalance
2026-10-06 04:35:53,334 [INFO] Sent -> Q56633378 | Hitsuji777
2026-10-06 04:35:53,463 [INFO] Sent -> Q5266217 | Mrwdat3
2026-10-06 04:35:53,597 [INFO] Sent -> Q138804296 | Pudox
2026-10-06 04:35:53,734 [INFO] Sent -> Kategori:Türkiye'deki gurbetçi erkek futbolcular | İmmortalance
2026-10-06 04:35:53,872 [INFO] Sent -> Anet Bleich | InternetArchiveBot
2026-10-06 04:35:54,013 [INFO] Sent -> Kategori:Türkiye'deki gurbetçi futbolcular | İmmortalance
2026-10-06 04:35:54,130 [INFO] Sent -> Q138805453 | Pudox
2026-10-06 04:35:54,252 [INFO] Sent -> Q141657028 | Rohini
2026-10-06 04:35:54,373 [INFO] Sent -> Category:Cultural heritage monuments in Taiwan | 阿道
2026-10-06 04:35:54,496 [INFO] Sent -> Q56633378 | Hitsuji777
2026-10-06 04:35:54,605 [INFO] Sent -> Q53999963 | Nabbot
2026-10-06 04:35:54,720 [INFO] Sent -> Q116390536 | DERDAKI ILIAS
2026-10-06 04:35:54,839 [INFO] Sent -> Q138804297 | Pudox
2026-10-06 04:35:54,951 [INFO] Sent -> Haris Harisis | İmmortalance
2026-10-06 04:35:55,073 [INFO] Sent -> Q124555469 | Mrwdat3
2026-10-06 04:35:55,186 [INFO] Sent -> Q141657028 | Rohini
2026-10-06 04:35:55,307 [INFO] Sent -> User:JessHines | JessHines
2026-10-06 04:35:55,416 [INFO] Sent -> File:Bible. A.T. Pentateuque-Hapṭarah-Megillôt (hébreu) - btv1b10549397c (177 of 639).jpg | Gzen92Bot
2026-10-06 04:35:55,527 [INFO] Sent -> File:Montmoreau 16 Boisseaux chargement 2012.jpg | Rkieferbot
2026-10-06 04:35:55,637 [INFO] Sent -> Q138805455 | Pudox
2026-10-06 04:35:55,746 [INFO] Sent -> Q116390537 | DERDAKI ILIAS
2026-10-06 04:35:55,855 [INFO] Sent -> Q138804299 | Pudox
2026-10-06 04:35:55,965 [INFO] Sent -> Подільське трамвайне депо | Dudak67K
2026-10-06 04:35:56,086 [INFO] Sent -> 2026年SP网球公开赛双打比赛 | Sukerchang
2026-10-06 04:35:56,198 [INFO] Sent -> File:Cathédrale Aix Chapelle - Aix-la-Chapelle (DEA2) - 2026-09-27 - 5.jpg | Chabe01
2026-10-06 04:35:56,322 [INFO] Sent -> اونی لکنت | InternetArchiveBot
2026-10-06 04:35:56,434 [INFO] Sent -> Q141657028 | Rohini
2026-10-06 04:35:56,556 [INFO] Sent -> คณาวุฒิ ไตรพิพัฒนพงษ์ | ShinhaeTaohu
2026-10-06 04:35:56,680 [INFO] Sent -> Charbuy | Vikiçizer
2026-10-06 04:35:56,801 [INFO] Sent -> Q138805467 | Pudox
2026-10-06 04:35:56,913 [INFO] Sent -> Q34683514 | Cewbot
2026-10-06 04:35:57,024 [INFO] Sent -> Category:Artworks without Wikidata item | Gzen92Bot
2026-10-06 04:35:57,132 [INFO] Sent -> File:ISS074-E-573290 - View of South Africa.jpg | OptimusPrimeBot
2026-10-06 04:35:57,243 [INFO] Sent -> Kategori:Türkiye'deki gurbetçi erkek futbolcular | İmmortalance
2026-10-06 04:35:57,363 [INFO] Sent -> Category:PD France | Gzen92Bot
2026-10-06 04:35:57,473 [INFO] Sent -> Kategori:Türkiye'deki gurbetçi futbolcular | İmmortalance
2026-10-06 04:35:57,583 [INFO] Sent -> Category:Manuscripts from Gallica (Bibliothèque nationale de France) uploaded by Gzen92Bot | Gzen92Bot
2026-10-06 04:35:57,692 [INFO] Sent -> Category:Bible. A.T. Pentateuque-Hapṭarah-Megillôt (hébreu) - btv1b10549397c | Gzen92Bot
2026-10-06 04:35:57,802 [INFO] Sent -> Category:Pages with local camera coordinates and missing SDC coordinates | Chabe01
2026-10-06 04:35:57,912 [INFO] Sent -> Q116390538 | DERDAKI ILIAS
2026-10-06 04:35:58,024 [INFO] Sent -> Category:Files with no machine-readable author | Gzen92Bot
2026-10-06 04:35:58,145 [INFO] Progress: 3700 sent, 0 skipped.
2026-10-06 04:35:58,254 [INFO] Sent -> Kim Sae-ron | ~2026-53642-87
2026-10-06 04:35:58,383 [INFO] Sent -> Category:Creative Commons Attribution-Share Alike missing SDC copyright status | Chabe01
2026-10-06 04:35:58,502 [INFO] Sent -> Category:CC-BY-SA-4.0 | Chabe01
2026-10-06 04:35:58,627 [INFO] Sent -> Category:Creative Commons Attribution-Share Alike 4.0 missing SDC copyright license | Chabe01
2026-10-06 04:35:58,750 [INFO] Sent -> Category:Self-published work | Chabe01
2026-10-06 04:35:58,870 [INFO] Sent -> Category:Self-published work missing SDC copyright license | Chabe01
2026-10-06 04:35:58,978 [INFO] Sent -> Category:Aachen | Chabe01
2026-10-06 04:35:59,088 [INFO] Sent -> Q141657028 | Rohini
2026-10-06 04:35:59,199 [INFO] Sent -> Category:September 2026 in Aachen | Chabe01
2026-10-06 04:35:59,310 [INFO] Sent -> Tian Mi Mi | FugaNarasi
2026-10-06 04:35:59,422 [INFO] Sent -> Category:Images of Aachen by Chabe01 | Chabe01
2026-10-06 04:35:59,546 [INFO] Sent -> Q138804307 | Pudox
2026-10-06 04:35:59,667 [INFO] Sent -> Category:North Rhine-Westphalia photographs taken on 2026-09-27 | Chabe01
2026-10-06 04:35:59,776 [INFO] Sent -> Category:Images by Chabe01 taken with iPhone 16 Pro | Chabe01
2026-10-06 04:35:59,886 [INFO] Sent -> Tian Mi Mi | FugaNarasi
2026-10-06 04:35:59,996 [INFO] Sent -> Q14611672 | Mrwdat3
2026-10-06 04:36:00,105 [INFO] Sent -> Q1203426 | KrBot
2026-10-06 04:36:00,227 [INFO] Sent -> Q138805469 | Pudox
2026-10-06 04:36:00,337 [INFO] Sent -> File:Cathédrale Aix Chapelle - Aix-la-Chapelle (DEA2) - 2026-09-27 - 5.jpg | Chabe01
2026-10-06 04:36:00,445 [INFO] Sent -> Tian Mi Mi | FugaNarasi
2026-10-06 04:36:00,563 [INFO] Sent -> Q141657028 | Rohini
2026-10-06 04:36:00,682 [INFO] Sent -> Q116390540 | DERDAKI ILIAS
2026-10-06 04:36:00,793 [INFO] Sent -> Charentenay | Vikiçizer
2026-10-06 04:36:00,914 [INFO] Sent -> Mullan Pass | Christof46
2026-10-06 04:36:01,023 [INFO] Sent -> Nəsib Göyüşov/Biblioqrafiya/Kitabları | Ava8884
2026-10-06 04:36:01,134 [INFO] Sent -> Q138804309 | Pudox
2026-10-06 04:36:01,244 [INFO] Sent -> Q141657028 | Rohini
2026-10-06 04:36:01,353 [INFO] Sent -> Q138805472 | Pudox
2026-10-06 04:36:01,461 [INFO] Sent -> Draft:T. D. Richards | Somebodyidkfkdt
2026-10-06 04:36:01,571 [INFO] Sent -> Q1203426 | KrBot
2026-10-06 04:36:01,680 [INFO] Sent -> File:Weak Bridge sign, Islay - geograph.org.uk - 2440969.jpg | Voldesade
2026-10-06 04:36:01,801 [INFO] Sent -> Luca Niculescu | PaulAnton1988
2026-10-06 04:36:01,912 [INFO] Sent -> Q116395694 | DERDAKI ILIAS
2026-10-06 04:36:02,020 [INFO] Sent -> Q118728494 | Mrwdat3
2026-10-06 04:36:02,129 [INFO] Sent -> Kategori:Artikel yang tidak memiliki referensi Oktober 2026 | FugaNarasi
2026-10-06 04:36:02,240 [INFO] Sent -> Kategori:Artikel yang tidak memiliki referensi Maret 2026 | FugaNarasi
2026-10-06 04:36:02,348 [INFO] Sent -> Q116390542 | DERDAKI ILIAS
2026-10-06 04:36:02,458 [INFO] Sent -> Template:PRC admin/data/11/01/13/003/201 | Hamish-bot
2026-10-06 04:36:02,582 [INFO] Sent -> User:AntⅰCompositeNumber ⅰs a faaggot19 | ESkog
2026-10-06 04:36:02,692 [INFO] Sent -> Q138804312 | Pudox
2026-10-06 04:36:02,802 [INFO] Sent -> Q63315368 | Silewe
2026-10-06 04:36:02,910 [INFO] Sent -> File:R. Croker LCCN2014686805.tif | SchlurcherBot
2026-10-06 04:36:03,021 [INFO] Sent -> San Fabian | DaGizza
2026-10-06 04:36:03,131 [INFO] Sent -> Kategorie:Brücke in Montana | Christof46
2026-10-06 04:36:03,239 [INFO] Sent -> Q63315368 | Silewe
2026-10-06 04:36:03,350 [INFO] Sent -> Q116390545 | DERDAKI ILIAS
2026-10-06 04:36:03,464 [INFO] Sent -> Q141656987 | Naexy
2026-10-06 04:36:03,584 [INFO] Sent -> Q1203426 | KrBot
2026-10-06 04:36:03,691 [INFO] Sent -> Charmoy, Yonne | Vikiçizer
2026-10-06 04:36:03,802 [INFO] Sent -> Category:Limited weight prohibitory road signs in the United Kingdom | Voldesade
2026-10-06 04:36:03,925 [INFO] Sent -> Q141657028 | Rohini
2026-10-06 04:36:04,033 [INFO] Sent -> Category:10 tonne weight limit road signs | Voldesade
2026-10-06 04:36:04,143 [INFO] Sent -> Q138805475 | Pudox
2026-10-06 04:36:04,251 [INFO] Sent -> ထာမ်ပလိက်:W. B. Yeats quotation templates/documentation | Intobesa.bot
2026-10-06 04:36:04,362 [INFO] Sent -> Q124507942 | Mrwdat3
2026-10-06 04:36:04,473 [INFO] Sent -> Дана (Айова) | InternetArchiveBot
2026-10-06 04:36:04,583 [INFO] Sent -> Q141657028 | Rohini
2026-10-06 04:36:04,691 [INFO] Sent -> Noyau Linux | Qooutlb
2026-10-06 04:36:04,814 [INFO] Sent -> Category:因历史原因保留的已停用模板 | Hamish-bot
2026-10-06 04:36:04,923 [INFO] Sent -> 興産社 | IRishikawa521
2026-10-06 04:36:05,032 [INFO] Sent -> File:ISS074-E-573291 - View of South Africa.jpg | OptimusPrimeBot
2026-10-06 04:36:05,141 [INFO] Sent -> User talk:AntⅰCompositeNumber ⅰs a faaggot19 | ESkog
2026-10-06 04:36:05,252 [INFO] Sent -> Q1203426 | KrBot
2026-10-06 04:36:05,361 [INFO] Sent -> Q116390549 | DERDAKI ILIAS
2026-10-06 04:36:05,471 [INFO] Sent -> Q63315368 | Silewe
2026-10-06 04:36:05,593 [INFO] Sent -> George Saintsbury | Suntooooth
2026-10-06 04:36:05,701 [INFO] Sent -> Rosalie des Alpes | CodexBot
2026-10-06 04:36:05,812 [INFO] Sent -> ကဏ္ဍ:မုက်လိက်သောဲသောဲမဆေၚ်စပ်ကဵုလိက်စၟတ်သမ္တီမချူပတိုန်လဝ်မဇ္ဇျဟ်ထောံဂမၠိုၚ် | Intobesa.bot
2026-10-06 04:36:05,921 [INFO] Sent -> Q138804313 | Pudox
2026-10-06 04:36:06,029 [INFO] Sent -> Q13578558 | Mrwdat3
2026-10-06 04:36:06,140 [INFO] Sent -> File:Kolomna Moskvoretskaya street 15 2020-05 302.JPG | Svetlov Artem
2026-10-06 04:36:06,247 [INFO] Sent -> File:State St, Portsmouth, NH, 2012 (11).jpg | Rkieferbot
2026-10-06 04:36:06,357 [INFO] Sent -> Q138805477 | Pudox
2026-10-06 04:36:06,467 [INFO] Sent -> Q141657028 | Rohini
2026-10-06 04:36:06,578 [INFO] Sent -> Organisation mondiale de la propriété intellectuelle | Fabsss
2026-10-06 04:36:06,706 [INFO] Sent -> 恒安国际集团有限公司 | Huandy618
2026-10-06 04:36:06,828 [INFO] Sent -> Category:ISS photographs taken on 2026-05-03 | OptimusPrimeBot
2026-10-06 04:36:06,955 [INFO] Sent -> Category:Taken on missing SDC inception | OptimusPrimeBot
2026-10-06 04:36:07,082 [INFO] Sent -> Category:Images from the Earth Science and Remote Sensing Unit, Lyndon B. Johnson Space Center | OptimusPrimeBot
2026-10-06 04:36:07,198 [INFO] Sent -> Q537972 | HanTsî
2026-10-06 04:36:07,308 [INFO] Sent -> Category:Pages with local object coordinates and missing SDC coordinates | OptimusPrimeBot
2026-10-06 04:36:07,938 [INFO] Sent -> Category:Files with coordinates missing SDC location of creation | OptimusPrimeBot
2026-10-06 04:36:08,060 [INFO] Sent -> Category:PD NASA | OptimusPrimeBot
2026-10-06 04:36:08,172 [INFO] Sent -> Q116390553 | DERDAKI ILIAS
2026-10-06 04:36:08,318 [INFO] Sent -> Category:PD-USGov missing SDC copyright status | OptimusPrimeBot
2026-10-06 04:36:08,480 [INFO] Sent -> Category:ISS Expedition 74 Crew Earth Observations (dump) | OptimusPrimeBot
2026-10-06 04:36:08,612 [INFO] Sent -> Category:NASA GAPE files uploaded by OptimusPrimeBot | OptimusPrimeBot
2026-10-06 04:36:08,737 [INFO] Sent -> Category:Photos of South Africa by ISS Expedition 74 Crew Earth Observations | OptimusPrimeBot
2026-10-06 04:36:08,868 [INFO] Sent -> Q138804317 | Pudox
2026-10-06 04:36:09,006 [INFO] Sent -> Category:Taken with Nikon Z 9 | OptimusPrimeBot
2026-10-06 04:36:09,191 [INFO] Sent -> Karol G discography | Rodw
2026-10-06 04:36:09,340 [INFO] Sent -> Q141657028 | Rohini
2026-10-06 04:36:09,537 [INFO] Sent -> 堀江正太郎 | C144335
2026-10-06 04:36:09,699 [INFO] Sent -> User:GZWDer (flood) | Clemens Dulcis
2026-10-06 04:36:09,859 [INFO] Sent -> Q1203426 | KrBot
2026-10-06 04:36:10,005 [INFO] Sent -> Q138805483 | Pudox
2026-10-06 04:36:10,127 [INFO] Sent -> பக்கம்:சமயச் சொல்லகராதி.pdf/365 | SENTHAMIZHSELVI A
2026-10-06 04:36:10,246 [INFO] Sent -> Catégorie:Article contenant un lien mort | CodexBot
2026-10-06 04:36:10,369 [INFO] Sent -> Q116390554 | DERDAKI ILIAS
2026-10-06 04:36:10,489 [INFO] Progress: 3800 sent, 0 skipped.
2026-10-06 04:36:10,600 [INFO] Sent -> Q141657028 | Rohini
2026-10-06 04:36:10,711 [INFO] Sent -> File:Tian zhu sheng jiao ri ke. - btv1b90069149 (117 of 235).jpg | Gzen92Bot
2026-10-06 04:36:10,834 [INFO] Sent -> பகுப்பு:மெய்ப்பு பார்க்கப்படாதவை | SENTHAMIZHSELVI A
2026-10-06 04:36:10,943 [INFO] Sent -> Q138805486 | Pudox
2026-10-06 04:36:11,050 [INFO] Sent -> IceCube | Shinkolobwe
2026-10-06 04:36:11,178 [INFO] Sent -> File:ISS074-E-573292 - View of South Africa.jpg | OptimusPrimeBot
2026-10-06 04:36:11,289 [INFO] Sent -> Q141656895 | Sr. Martinez Quebracho
2026-10-06 04:36:11,398 [INFO] Sent -> Q141657028 | Rohini
2026-10-06 04:36:11,506 [INFO] Sent -> Q1203426 | KrBot
2026-10-06 04:36:11,618 [INFO] Sent -> Usuario:Ahmed yusaff | Ahmed yusaff
2026-10-06 04:36:11,728 [INFO] Sent -> File:Cathédrale Aix Chapelle - Aix-la-Chapelle (DEA2) - 2026-09-27 - 6.jpg | Chabe01
2026-10-06 04:36:11,838 [INFO] Sent -> Softonic | ~2026-53650-41
2026-10-06 04:36:11,946 [INFO] Sent -> Category:Artworks without Wikidata item | Gzen92Bot
2026-10-06 04:36:12,070 [INFO] Sent -> Category:PD France | Gzen92Bot
2026-10-06 04:36:12,183 [INFO] Sent -> Talk:Special training school | Astaire
2026-10-06 04:36:12,308 [INFO] Sent -> Category:Manuscripts from Gallica (Bibliothèque nationale de France) uploaded by Gzen92Bot | Gzen92Bot
2026-10-06 04:36:12,430 [INFO] Sent -> Category:Tian zhu sheng jiao ri ke. - btv1b90069149 | Gzen92Bot
2026-10-06 04:36:12,538 [INFO] Sent -> Category:Files with no machine-readable author | Gzen92Bot
2026-10-06 04:36:12,646 [INFO] Sent -> ব্যবহারকারী:Md Ruman Hasan | Md Ruman Hasan
2026-10-06 04:36:12,760 [INFO] Sent -> File:Étude du groupe des généraux pour l'Apothéose des héros français par Anne-Louis Girodet de Roucy-Trioson (1767 - 1824).jpg | Gil Blas illustré
2026-10-06 04:36:12,881 [INFO] Sent -> Category:ISS photographs taken on 2026-05-03 | OptimusPrimeBot
2026-10-06 04:36:12,994 [INFO] Sent -> Category:Taken on missing SDC inception | OptimusPrimeBot
2026-10-06 04:36:13,118 [INFO] Sent -> Charny-Orée-de-Puisaye | Vikiçizer
2026-10-06 04:36:13,229 [INFO] Sent -> Category:Images from the Earth Science and Remote Sensing Unit, Lyndon B. Johnson Space Center | OptimusPrimeBot
2026-10-06 04:36:13,337 [INFO] Sent -> Q13483600 | Mrwdat3
2026-10-06 04:36:13,446 [INFO] Sent -> Q141657028 | Rohini
2026-10-06 04:36:13,558 [INFO] Sent -> Category:Pages with local object coordinates and missing SDC coordinates | OptimusPrimeBot
2026-10-06 04:36:13,669 [INFO] Sent -> Q138805489 | Pudox
2026-10-06 04:36:13,778 [INFO] Sent -> Category:Files with coordinates missing SDC location of creation | OptimusPrimeBot
2026-10-06 04:36:13,902 [INFO] Sent -> Category:PD NASA | OptimusPrimeBot
2026-10-06 04:36:14,011 [INFO] Sent -> Q116390555 | DERDAKI ILIAS
2026-10-06 04:36:14,133 [INFO] Sent -> Category:PD-USGov missing SDC copyright status | OptimusPrimeBot
2026-10-06 04:36:14,243 [INFO] Sent -> Category:第七屆威爾斯議會議員 | Dragoon17cc
2026-10-06 04:36:14,351 [INFO] Sent -> Category:ISS Expedition 74 Crew Earth Observations (dump) | OptimusPrimeBot
2026-10-06 04:36:14,461 [INFO] Sent -> Category:NASA GAPE files uploaded by OptimusPrimeBot | OptimusPrimeBot
2026-10-06 04:36:14,570 [INFO] Sent -> Category:Photos of South Africa by ISS Expedition 74 Crew Earth Observations | OptimusPrimeBot
2026-10-06 04:36:14,678 [INFO] Sent -> Category:Taken with Nikon Z 9 | OptimusPrimeBot
2026-10-06 04:36:14,787 [INFO] Sent -> Category:Pages with local camera coordinates and missing SDC coordinates | Chabe01
2026-10-06 04:36:14,895 [INFO] Sent -> పుట:ప్రతాపరుద్రీయమ్ (విద్యానాథ).pdf/353 | దేవీప్రసాదశాస్త్రి
2026-10-06 04:36:15,004 [INFO] Sent -> Tyreece Campbell | ~2026-48280-56
2026-10-06 04:36:15,114 [INFO] Sent -> Category:Files with coordinates missing SDC location of creation (50° N, 6° E) | Chabe01
2026-10-06 04:36:15,224 [INFO] Sent -> Category:Creative Commons Attribution-Share Alike missing SDC copyright status | Chabe01
2026-10-06 04:36:15,335 [INFO] Sent -> Category:CC-BY-SA-4.0 | Chabe01
2026-10-06 04:36:15,445 [INFO] Sent -> Category:Talk pages of redirects | Astaire
2026-10-06 04:36:15,553 [INFO] Sent -> Category:Creative Commons Attribution-Share Alike 4.0 missing SDC copyright license | Chabe01
2026-10-06 04:36:15,665 [INFO] Sent -> Category:Wikipedia soft redirected talk pages | Astaire
2026-10-06 04:36:15,784 [INFO] Sent -> Category:Self-published work | Chabe01
2026-10-06 04:36:15,894 [INFO] Sent -> Category:Self-published work missing SDC copyright license | Chabe01
2026-10-06 04:36:16,009 [INFO] Sent -> Q116390556 | DERDAKI ILIAS
2026-10-06 04:36:16,131 [INFO] Sent -> Category:Aachen | Chabe01
2026-10-06 04:36:16,241 [INFO] Sent -> Category:September 2026 in Aachen | Chabe01
2026-10-06 04:36:16,349 [INFO] Sent -> Q34683514 | Cewbot
2026-10-06 04:36:16,459 [INFO] Sent -> Category:Images of Aachen by Chabe01 | Chabe01
2026-10-06 04:36:16,568 [INFO] Sent -> Category:Unsupported object | Gil Blas illustré
2026-10-06 04:36:16,690 [INFO] Sent -> Category:North Rhine-Westphalia photographs taken on 2026-09-27 | Chabe01
2026-10-06 04:36:16,802 [INFO] Sent -> Category:Artworks with known accession number | Gil Blas illustré
2026-10-06 04:36:16,912 [INFO] Sent -> Category:Images by Chabe01 taken with iPhone 16 Pro | Chabe01
2026-10-06 04:36:17,020 [INFO] Sent -> Bibliography of George W. Bush | Celjski Grad
2026-10-06 04:36:17,128 [INFO] Sent -> Category:Artworks without Wikidata item | Gil Blas illustré
2026-10-06 04:36:17,239 [INFO] Sent -> Category:Author died more than 70 years ago public domain images | Gil Blas illustré
2026-10-06 04:36:17,349 [INFO] Sent -> File:ISS074-E-573291 - View of South Africa.jpg | OptimusPrimeBot
2026-10-06 04:36:17,459 [INFO] Sent -> File:Cathédrale Aix Chapelle - Aix-la-Chapelle (DEA2) - 2026-09-27 - 6.jpg | Chabe01
2026-10-06 04:36:17,568 [INFO] Sent -> Category:Images of Aachen by Chabe01 | Chabe01
2026-10-06 04:36:17,680 [INFO] Sent -> Category:威尔士议会议员 | Dragoon17cc
2026-10-06 04:36:17,804 [INFO] Sent -> File:S. Hieronymus - btv1b52504546z (411 of 620).jpg | Gzen92Bot
2026-10-06 04:36:17,915 [INFO] Sent -> Q116395695 | DERDAKI ILIAS
2026-10-06 04:36:18,025 [INFO] Sent -> వర్గం:అచ్చుదిద్దబడని | దేవీప్రసాదశాస్త్రి
2026-10-06 04:36:18,140 [INFO] Sent -> Q3080572 | Kefr4000
2026-10-06 04:36:18,259 [INFO] Sent -> Chassignelles | Vikiçizer
2026-10-06 04:36:18,385 [INFO] Sent -> Kurs:Singularitätentheorie (Osnabrück 2026-2027)/Nenneraufnahme/Flacher Modul/Fakt/Beweis/Aufgabe/Aufgabereferenznummer | Arbota
2026-10-06 04:36:18,493 [INFO] Sent -> Q21667574 | Rebot
2026-10-06 04:36:18,599 [INFO] Sent -> Q138804319 | Pudox
2026-10-06 04:36:18,710 [INFO] Sent -> Q141657028 | Rohini
2026-10-06 04:36:18,831 [INFO] Sent -> Q116390557 | DERDAKI ILIAS
2026-10-06 04:36:18,945 [INFO] Sent -> Q14432982 | Mrwdat3
2026-10-06 04:36:19,052 [INFO] Sent -> File:ISS074-E-566130 - View of Earth.jpg | SchlurcherBot
2026-10-06 04:36:19,163 [INFO] Sent -> Q138804322 | Pudox
2026-10-06 04:36:19,273 [INFO] Sent -> Category:Hidden categories | Chabe01
2026-10-06 04:36:19,381 [INFO] Sent -> Kategorie:Kurs:Singularitätentheorie (Osnabrück 2026-2027)/Referenznummer | Arbota
2026-10-06 04:36:19,491 [INFO] Sent -> Q59928913 | Hannolans
2026-10-06 04:36:19,600 [INFO] Sent -> Category:On OSM | Chabe01
2026-10-06 04:36:19,711 [INFO] Sent -> Brunĉapa pego | Kani
2026-10-06 04:36:19,832 [INFO] Sent -> Category:Artworks without Wikidata item | Gzen92Bot
2026-10-06 04:36:19,944 [INFO] Sent -> Category:User categories (flat list) | Chabe01
2026-10-06 04:36:20,066 [INFO] Sent -> Q138805495 | Pudox
2026-10-06 04:36:20,179 [INFO] Sent -> Category:PD France | Gzen92Bot
2026-10-06 04:36:20,301 [INFO] Sent -> Category:Images of Germany by Chabe01 | Chabe01
2026-10-06 04:36:20,413 [INFO] Sent -> Category:PD US expired | Gzen92Bot
2026-10-06 04:36:20,521 [INFO] Sent -> Category:PD-US missing SDC copyright status | Gzen92Bot
2026-10-06 04:36:20,631 [INFO] Sent -> Category:PD-old missing SDC copyright status | Gzen92Bot
2026-10-06 04:36:20,753 [INFO] Sent -> Category:CC-PD-Mark | Gzen92Bot
2026-10-06 04:36:20,862 [INFO] Sent -> Category:PD Old (assumed) | Gzen92Bot
2026-10-06 04:36:20,974 [INFO] Sent -> Category:Manuscripts from Gallica (Bibliothèque nationale de France) uploaded by Gzen92Bot | Gzen92Bot
2026-10-06 04:36:21,097 [INFO] Sent -> Category:S. Hieronymus - btv1b52504546z | Gzen92Bot
2026-10-06 04:36:21,220 [INFO] Sent -> 九份二山傾斜屋 | Outlookxp
2026-10-06 04:36:21,327 [INFO] Sent -> Q141657028 | Rohini
2026-10-06 04:36:21,435 [INFO] Sent -> Q116390559 | DERDAKI ILIAS
2026-10-06 04:36:21,545 [INFO] Sent -> Q138804323 | Pudox
2026-10-06 04:36:21,654 [INFO] Sent -> Q14534621 | Mrwdat3
2026-10-06 04:36:21,774 [INFO] Progress: 3900 sent, 0 skipped.
2026-10-06 04:36:21,883 [INFO] Sent -> File:Synagoga - Č. Těšín - detail.JPG | Rkieferbot
2026-10-06 04:36:21,991 [INFO] Sent -> Category:All articles with dead external links | Celjski Grad
2026-10-06 04:36:22,103 [INFO] Sent -> File:NOUVEAU D'HOZIER. Combe-Contaud. - btv1b10083547v (298 of 407).jpg | Gzen92Bot
2026-10-06 04:36:22,223 [INFO] Sent -> Category:Articles with dead external links from January 2025 | Celjski Grad
2026-10-06 04:36:22,335 [INFO] Sent -> Haji Wright | İmmortalance
2026-10-06 04:36:22,462 [INFO] Sent -> Kategorio:Birdoj de Azio | Kani
2026-10-06 04:36:22,806 [INFO] Sent -> Q138805498 | Pudox
2026-10-06 04:36:22,931 [INFO] Sent -> Kategorio:Birdoj de Sudazio | Kani
2026-10-06 04:36:23,049 [INFO] Sent -> Q141657028 | Rohini
2026-10-06 04:36:23,162 [INFO] Sent -> Q10505953 | Mrwdat3
2026-10-06 04:36:23,283 [INFO] Sent -> Q116390560 | DERDAKI ILIAS
2026-10-06 04:36:23,411 [INFO] Sent -> Category:Artworks without Wikidata item | Gzen92Bot
2026-10-06 04:36:23,529 [INFO] Sent -> bıçaq | Altobot
2026-10-06 04:36:23,657 [INFO] Sent -> Category:PD France | Gzen92Bot
2026-10-06 04:36:23,786 [INFO] Sent -> Category:PD US expired | Gzen92Bot
2026-10-06 04:36:23,916 [INFO] Sent -> Category:PD-US missing SDC copyright status | Gzen92Bot
2026-10-06 04:36:24,040 [INFO] Sent -> Category:PD-old missing SDC copyright status | Gzen92Bot
2026-10-06 04:36:24,152 [INFO] Sent -> Q141657028 | Rohini
2026-10-06 04:36:24,261 [INFO] Sent -> Q138804328 | Pudox
2026-10-06 04:36:24,371 [INFO] Sent -> Category:CC-PD-Mark | Gzen92Bot
2026-10-06 04:36:24,479 [INFO] Sent -> Chassy, Yonne | Vikiçizer
2026-10-06 04:36:24,590 [INFO] Sent -> Category:PD Old (assumed) | Gzen92Bot
2026-10-06 04:36:24,699 [INFO] Sent -> Category:Manuscripts from Gallica (Bibliothèque nationale de France) uploaded by Gzen92Bot | Gzen92Bot
2026-10-06 04:36:24,807 [INFO] Sent -> Category:NOUVEAU D'HOZIER. Combe-Contaud. - btv1b10083547v | Gzen92Bot
2026-10-06 04:36:24,917 [INFO] Sent -> Category:Files with no machine-readable author | Gzen92Bot
2026-10-06 04:36:25,041 [INFO] Sent -> Harold Baily Dixon | Kelubact
2026-10-06 04:36:25,151 [INFO] Sent -> Q138805507 | Pudox
2026-10-06 04:36:25,259 [INFO] Sent -> Q2000077 | Mrwdat3
2026-10-06 04:36:25,369 [INFO] Sent -> Q116390561 | DERDAKI ILIAS
2026-10-06 04:36:25,477 [INFO] Sent -> Helton Leite | İmmortalance
2026-10-06 04:36:25,586 [INFO] Sent -> Q36416798 | Cewbot
2026-10-06 04:36:25,694 [INFO] Sent -> Q141657028 | Rohini
2026-10-06 04:36:25,804 [INFO] Sent -> Commons:Deletion requests/Files in Category:DPLA Yearbooks 1989 or later | Fæ
2026-10-06 04:36:25,914 [INFO] Sent -> Kategori:Türkiye'deki gurbetçi erkek futbolcular | İmmortalance
2026-10-06 04:36:26,025 [INFO] Sent -> Q138804330 | Pudox
2026-10-06 04:36:26,138 [INFO] Sent -> Kategori:Türkiye'deki gurbetçi futbolcular | İmmortalance
2026-10-06 04:36:26,261 [INFO] Sent -> Q138805509 | Pudox
2026-10-06 04:36:26,372 [INFO] Sent -> Q116390562 | DERDAKI ILIAS
2026-10-06 04:36:26,484 [INFO] Sent -> File:Cathédrale Aix Chapelle - Aix-la-Chapelle (DEA2) - 2026-09-27 - 7.jpg | Chabe01
2026-10-06 04:36:26,605 [INFO] Sent -> Q141657028 | Rohini
2026-10-06 04:36:26,714 [INFO] Sent -> File:ISS074-E-573292 - View of South Africa.jpg | OptimusPrimeBot
2026-10-06 04:36:26,824 [INFO] Sent -> Q138804331 | Pudox
2026-10-06 04:36:26,933 [INFO] Sent -> Vicky Cristina Barcelona | Bohemian Baltimore
2026-10-06 04:36:27,045 [INFO] Sent -> Kategori:Türkiye'deki gurbetçi erkek futbolcular | İmmortalance
2026-10-06 04:36:27,155 [INFO] Sent -> vluchtheuvel | Kvdrgeus
2026-10-06 04:36:27,263 [INFO] Sent -> Kategori:Türkiye'deki gurbetçi futbolcular | İmmortalance
2026-10-06 04:36:27,375 [INFO] Sent -> Q13997002 | Mrwdat3
2026-10-06 04:36:27,496 [INFO] Sent -> Q141657028 | Rohini
2026-10-06 04:36:27,606 [INFO] Sent -> Category:Pages with local camera coordinates and missing SDC coordinates | Chabe01
2026-10-06 04:36:27,718 [INFO] Sent -> Q116390564 | DERDAKI ILIAS
2026-10-06 04:36:27,829 [INFO] Sent -> Category:Files with coordinates missing SDC location of creation (50° N, 6° E) | Chabe01
2026-10-06 04:36:27,937 [INFO] Sent -> Category:Creative Commons Attribution-Share Alike missing SDC copyright status | Chabe01
2026-10-06 04:36:28,048 [INFO] Sent -> Category:CC-BY-SA-4.0 | Chabe01
2026-10-06 04:36:28,174 [INFO] Sent -> Category:Creative Commons Attribution-Share Alike 4.0 missing SDC copyright license | Chabe01
2026-10-06 04:36:28,293 [INFO] Sent -> Q97280706 | MsynBot
2026-10-06 04:36:28,403 [INFO] Sent -> Category:Self-published work | Chabe01
2026-10-06 04:36:28,530 [INFO] Sent -> Category:Articles with unsourced statements from October 2026 | Kelubact
2026-10-06 04:36:28,649 [INFO] Sent -> Q16606783 | Kristbaumbot
2026-10-06 04:36:28,771 [INFO] Sent -> Category:Self-published work missing SDC copyright license | Chabe01
2026-10-06 04:36:28,894 [INFO] Sent -> Q138804332 | Pudox
2026-10-06 04:36:29,020 [INFO] Sent -> Category:Aachen | Chabe01
2026-10-06 04:36:29,140 [INFO] Sent -> Category:September 2026 in Aachen | Chabe01
2026-10-06 04:36:29,250 [INFO] Sent -> Q138805514 | Pudox
2026-10-06 04:36:29,359 [INFO] Sent -> Category:Images of Aachen by Chabe01 | Chabe01
2026-10-06 04:36:29,467 [INFO] Sent -> Category:North Rhine-Westphalia photographs taken on 2026-09-27 | Chabe01
2026-10-06 04:36:29,575 [INFO] Sent -> File:20260114-USDA-FSIS-BA-056 (55040728322).jpg | Gbawden
2026-10-06 04:36:29,685 [INFO] Sent -> Category:Images by Chabe01 taken with iPhone 16 Pro | Chabe01
2026-10-06 04:36:29,794 [INFO] Sent -> Categorie:Woorden met 3 lettergrepen in het Nederlands | Kvdrgeus
2026-10-06 04:36:29,905 [INFO] Sent -> Mwale Medical and Technology City | Minorka Bzduisich
2026-10-06 04:36:30,016 [INFO] Sent -> Categorie:Woorden in het Nederlands met IPA-weergave | Kvdrgeus
2026-10-06 04:36:30,123 [INFO] Sent -> Q14802833 | Mrwdat3
2026-10-06 04:36:30,233 [INFO] Sent -> Q141657028 | Rohini
2026-10-06 04:36:30,340 [INFO] Sent -> Q1019032 | ~2026-53528-51
2026-10-06 04:36:30,450 [INFO] Sent -> File:Cathédrale Aix Chapelle - Aix-la-Chapelle (DEA2) - 2026-09-27 - 7.jpg | Chabe01
2026-10-06 04:36:30,558 [INFO] Sent -> Q138804337 | Pudox
2026-10-06 04:36:30,678 [INFO] Sent -> Q14933751 | Mrwdat3
2026-10-06 04:36:30,804 [INFO] Sent -> Q138805528 | Pudox
2026-10-06 04:36:30,918 [INFO] Sent -> Draft:Денищенко Денис Вікторович | Citation bot
2026-10-06 04:36:31,025 [INFO] Sent -> User:WUXIAOTONG Bancy/沙盒 | WUXIAOTONG Bancy
2026-10-06 04:36:31,136 [INFO] Sent -> 真島省三 | 濠姫
2026-10-06 04:36:31,247 [INFO] Sent -> Q141657029 | SM-MWM
2026-10-06 04:36:31,354 [INFO] Sent -> Q141657028 | Rohini
2026-10-06 04:36:31,465 [INFO] Sent -> Q138805531 | Pudox
2026-10-06 04:36:31,576 [INFO] Sent -> ـم | Ekirahardian
2026-10-06 04:36:31,698 [INFO] Sent -> โบฮีเมียนแรปโซดี | InternetArchiveBot
2026-10-06 04:36:31,807 [INFO] Sent -> Данбар (Небраска) | InternetArchiveBot
2026-10-06 04:36:31,915 [INFO] Sent -> Projet:Bande dessinée/Suivi des poses de bandeaux | OrlodrimBot
2026-10-06 04:36:32,024 [INFO] Sent -> Category:Bisexuality-related romantic comedy-drama films | Bohemian Baltimore
2026-10-06 04:36:32,132 [INFO] Sent -> Category:LGBTQ-related romantic comedy-drama films | Bohemian Baltimore
2026-10-06 04:36:32,242 [INFO] Sent -> Q10460885 | Mrwdat3
2026-10-06 04:36:32,351 [INFO] Sent -> Q141657028 | Rohini
2026-10-06 04:36:32,459 [INFO] Sent -> Q133669118 | הנדב הנכון
2026-10-06 04:36:32,569 [INFO] Sent -> File:Synagoga - Č. Těšín - plaketa.JPG | Rkieferbot
2026-10-06 04:36:32,680 [INFO] Sent -> Q138804340 | Pudox
2026-10-06 04:36:32,789 [INFO] Sent -> Q702952 | YukiKoKo
2026-10-06 04:36:32,897 [INFO] Sent -> Economy of Jamaica | ~2026-48506-05
2026-10-06 04:36:33,007 [INFO] Sent -> Q138805534 | Pudox
2026-10-06 04:36:33,117 [INFO] Sent -> Henry Onyekuru | İmmortalance
2026-10-06 04:36:33,239 [INFO] Sent -> Q124724538 | Mrwdat3
2026-10-06 04:36:33,362 [INFO] Progress: 4000 sent, 0 skipped.
2026-10-06 04:36:33,484 [INFO] Sent -> Category:長崎県立佐世保北高等学校出身の人物 | 濠姫
2026-10-06 04:36:33,593 [INFO] Sent -> Участник:Skazi | Arkangeleon
2026-10-06 04:36:33,703 [INFO] Sent -> Kano pada Pesta Olahraga Asia 2026 | IrfanRezaSan
2026-10-06 04:36:33,814 [INFO] Sent -> Category:佐世保市出身の人物 | 濠姫
2026-10-06 04:36:33,921 [INFO] Sent -> Данбартон (Нью-Гэмпшир) | InternetArchiveBot
2026-10-06 04:36:34,031 [INFO] Sent -> Category:長崎県出身の人物 | 濠姫
2026-10-06 04:36:34,145 [INFO] Sent -> Q138804341 | Pudox
2026-10-06 04:36:34,266 [INFO] Sent -> Hammerwood Park | Zadradr
2026-10-06 04:36:34,376 [INFO] Sent -> Q27190021 | Nabbot
2026-10-06 04:36:34,487 [INFO] Sent -> Q141656935 | 12akd
2026-10-06 04:36:34,599 [INFO] Sent -> Q13495426 | Mrwdat3
2026-10-06 04:36:34,721 [INFO] Sent -> משתמש:Mickeyp29/צ'ורום (כדורגל) | Mickeyp29
2026-10-06 04:36:34,830 [INFO] Sent -> Q138804342 | Pudox
2026-10-06 04:36:34,938 [INFO] Sent -> Q138805551 | Pudox
2026-10-06 04:36:35,047 [INFO] Sent -> Munozara:Diaporthe phaseolorum var. phaseolorum | Abdufattohov Ibrohimjon
2026-10-06 04:36:35,156 [INFO] Sent -> Q138805541 | Pudox
2026-10-06 04:36:35,264 [INFO] Sent -> Wikipedia:Månadens nyuppladdade bilder | Boberger
2026-10-06 04:36:35,374 [INFO] Sent -> Clarinda, Iowa | ListeriaBot
2026-10-06 04:36:35,483 [INFO] Sent -> List of acts of the Parliament of Victoria from 1882 | Mauls
2026-10-06 04:36:35,593 [INFO] Sent -> File:Cathédrale Aix Chapelle - Aix-la-Chapelle (DEA2) - 2026-09-27 - 8.jpg | Chabe01
2026-10-06 04:36:35,705 [INFO] Sent -> Christine Blume | Thomas Dresler
2026-10-06 04:36:35,813 [INFO] Sent -> Q138804344 | Pudox
2026-10-06 04:36:35,923 [INFO] Sent -> Q36416798 | Cewbot
2026-10-06 04:36:36,032 [INFO] Sent -> Q141657028 | Rohini
2026-10-06 04:36:36,154 [INFO] Sent -> File:ISS074-E-573294 - View of South Africa.jpg | OptimusPrimeBot
2026-10-06 04:36:36,264 [INFO] Sent -> Q124739368 | Mrwdat3
2026-10-06 04:36:36,376 [INFO] Sent -> File:Здание офицерского собрания 38-го пехотного Тобольского полка.jpg | Архивариус-69
2026-10-06 04:36:36,486 [INFO] Sent -> XXI Premis de la Crítica de les Arts Escèniques | Esperit teatral
2026-10-06 04:36:36,593 [INFO] Sent -> Q116395696 | DERDAKI ILIAS
2026-10-06 04:36:36,704 [INFO] Sent -> 大坂なおみ | Daisuke0903
2026-10-06 04:36:36,812 [INFO] Sent -> Scania K series | ~2026-46610-26
2026-10-06 04:36:36,923 [INFO] Sent -> Category:Pages with local camera coordinates and missing SDC coordinates | Chabe01
2026-10-06 04:36:37,032 [INFO] Sent -> Category:Files with coordinates missing SDC location of creation (50° N, 6° E) | Chabe01
2026-10-06 04:36:37,141 [INFO] Sent -> โบฮีเมียนแรปโซดี (ภาพยนตร์) | InternetArchiveBot
2026-10-06 04:36:37,250 [INFO] Sent -> Category:Creative Commons Attribution-Share Alike missing SDC copyright status | Chabe01
2026-10-06 04:36:37,360 [INFO] Sent -> Category:CC-BY-SA-4.0 | Chabe01
2026-10-06 04:36:37,886 [INFO] Sent -> Category:Creative Commons Attribution-Share Alike 4.0 missing SDC copyright license | Chabe01
2026-10-06 04:36:38,009 [INFO] Sent -> Category:Self-published work | Chabe01
2026-10-06 04:36:38,129 [INFO] Sent -> Category:Self-published work missing SDC copyright license | Chabe01
2026-10-06 04:36:38,240 [INFO] Sent -> File:La Conquête de la Terre sainte (par GUILLAUME DE TYR), avec la continuation. - btv1b9058986s (016 of 271).jpg | Gzen92Bot
2026-10-06 04:36:38,364 [INFO] Sent -> Category:Aachen | Chabe01
2026-10-06 04:36:38,487 [INFO] Sent -> Kategori:Türkiye'deki gurbetçi erkek futbolcular | İmmortalance
2026-10-06 04:36:38,620 [INFO] Sent -> Category:September 2026 in Aachen | Chabe01
2026-10-06 04:36:38,756 [INFO] Sent -> Q138805561 | Pudox
2026-10-06 04:36:38,967 [INFO] Sent -> Kategori:Türkiye'deki gurbetçi futbolcular | İmmortalance
2026-10-06 04:36:39,182 [INFO] Sent -> Category:Images of Aachen by Chabe01 | Chabe01
2026-10-06 04:36:39,346 [INFO] Sent -> Bret Burchard | Ernsanchez00
2026-10-06 04:36:39,554 [INFO] Sent -> Category:North Rhine-Westphalia photographs taken on 2026-09-27 | Chabe01
2026-10-06 04:36:39,678 [INFO] Sent -> Category:Images by Chabe01 taken with iPhone 16 Pro | Chabe01
2026-10-06 04:36:39,817 [INFO] Sent -> Category:ISS photographs taken on 2026-05-03 | OptimusPrimeBot
2026-10-06 04:36:39,939 [INFO] Sent -> File:Fonte Luminosa da Praça Geraldo Silva Maia (Passos) 17.jpg | Rkieferbot
2026-10-06 04:36:40,059 [INFO] Sent -> Category:Taken on missing SDC inception | OptimusPrimeBot
2026-10-06 04:36:40,168 [INFO] Sent -> Category:Images from the Earth Science and Remote Sensing Unit, Lyndon B. Johnson Space Center | OptimusPrimeBot
2026-10-06 04:36:40,277 [INFO] Sent -> Данбюри (Айова) | InternetArchiveBot
2026-10-06 04:36:40,387 [INFO] Sent -> Category:Pages with local object coordinates and missing SDC coordinates | OptimusPrimeBot
2026-10-06 04:36:40,495 [INFO] Sent -> Category:Creative Commons Attribution-Share Alike missing SDC copyright status | Архивариус-69
2026-10-06 04:36:40,602 [INFO] Sent -> Lee Jung | Phraowin
2026-10-06 04:36:40,710 [INFO] Sent -> Category:Files with coordinates missing SDC location of creation | OptimusPrimeBot
2026-10-06 04:36:40,822 [INFO] Sent -> Category:CC-BY-SA-4.0 | Архивариус-69
2026-10-06 04:36:40,928 [INFO] Sent -> Q138804347 | Pudox
2026-10-06 04:36:41,039 [INFO] Sent -> Category:Creative Commons Attribution-Share Alike 4.0 missing SDC copyright license | Архивариус-69
2026-10-06 04:36:41,148 [INFO] Sent -> Category:PD NASA | OptimusPrimeBot
2026-10-06 04:36:41,257 [INFO] Sent -> Atom | Vlakovod
2026-10-06 04:36:41,366 [INFO] Sent -> Category:Self-published work | Архивариус-69
2026-10-06 04:36:41,479 [INFO] Sent -> Category:PD-USGov missing SDC copyright status | OptimusPrimeBot
2026-10-06 04:36:41,600 [INFO] Sent -> ziqaqekê | JiyanBot
2026-10-06 04:36:41,723 [INFO] Sent -> Q2430451 | Mrwdat3
2026-10-06 04:36:41,833 [INFO] Sent -> Category:ISS Expedition 74 Crew Earth Observations (dump) | OptimusPrimeBot
2026-10-06 04:36:41,943 [INFO] Sent -> Category:Self-published work missing SDC copyright license | Архивариус-69
2026-10-06 04:36:42,066 [INFO] Sent -> Category:NASA GAPE files uploaded by OptimusPrimeBot | OptimusPrimeBot
2026-10-06 04:36:42,177 [INFO] Sent -> 2026年SP网球公开赛单打比赛 | Sukerchang
2026-10-06 04:36:42,290 [INFO] Sent -> Category:Media needing categories as of 6 October 2026 | Архивариус-69
2026-10-06 04:36:42,412 [INFO] Sent -> Category:Photos of South Africa by ISS Expedition 74 Crew Earth Observations | OptimusPrimeBot
2026-10-06 04:36:42,522 [INFO] Sent -> Category:All media needing categories as of 2026 | Архивариус-69
2026-10-06 04:36:42,631 [INFO] Sent -> Category:Taken with Nikon Z 9 | OptimusPrimeBot
2026-10-06 04:36:42,740 [INFO] Sent -> Panz. | BosaFi
2026-10-06 04:36:42,851 [INFO] Sent -> Category:Artworks without Wikidata item | Gzen92Bot
2026-10-06 04:36:42,965 [INFO] Sent -> Category:PD France | Gzen92Bot
2026-10-06 04:36:43,083 [INFO] Sent -> Category:PD US expired | Gzen92Bot
2026-10-06 04:36:43,190 [INFO] Sent -> Category:PD-US missing SDC copyright status | Gzen92Bot
2026-10-06 04:36:43,298 [INFO] Sent -> Category:PD-old missing SDC copyright status | Gzen92Bot
2026-10-06 04:36:43,408 [INFO] Sent -> Heteronationalismus | WikiHelper232
2026-10-06 04:36:43,529 [INFO] Sent -> Category:CC-PD-Mark | Gzen92Bot
2026-10-06 04:36:43,645 [INFO] Sent -> Category:PD Old (assumed) | Gzen92Bot
2026-10-06 04:36:43,763 [INFO] Sent -> Category:Manuscripts from Gallica (Bibliothèque nationale de France) uploaded by Gzen92Bot | Gzen92Bot
2026-10-06 04:36:43,872 [INFO] Sent -> Category:Naval ships commissioned in 1971 | SmartyPants22
2026-10-06 04:36:43,985 [INFO] Sent -> Category:La Conquête de la Terre sainte (par GUILLAUME DE TYR), avec la continuation. - btv1b9058986s | Gzen92Bot
2026-10-06 04:36:44,106 [INFO] Sent -> Category:Files with no machine-readable author | Gzen92Bot
2026-10-06 04:36:44,215 [INFO] Sent -> Q138805564 | Pudox
2026-10-06 04:36:44,325 [INFO] Sent -> File:Cathédrale Aix Chapelle - Aix-la-Chapelle (DEA2) - 2026-09-27 - 8.jpg | Chabe01
2026-10-06 04:36:44,447 [INFO] Sent -> Q138804349 | Pudox
2026-10-06 04:36:44,555 [INFO] Sent -> Данбюри (Коннектикут) | InternetArchiveBot
2026-10-06 04:36:44,665 [INFO] Sent -> Q2501205 | Mrwdat3
2026-10-06 04:36:44,776 [INFO] Sent -> Q116395699 | DERDAKI ILIAS
2026-10-06 04:36:44,884 [INFO] Sent -> Kategorie:Link zur Wikipedia | WikiHelper232
2026-10-06 04:36:44,992 [INFO] Sent -> Category:Basketball players from Columbia, Missouri | Ernsanchez00
2026-10-06 04:36:45,100 [INFO] Sent -> 曹銦玲 | Rastinition
2026-10-06 04:36:45,208 [INFO] Sent -> Wikipedia:Richieste agli amministratori/Richieste correnti | Ashoppio
2026-10-06 04:36:45,320 [INFO] Sent -> Category:Basketball players from Missouri | Ernsanchez00
2026-10-06 04:36:45,443 [INFO] Progress: 4100 sent, 0 skipped.
2026-10-06 04:36:45,550 [INFO] Sent -> Q138805569 | Pudox
2026-10-06 04:36:45,671 [INFO] Sent -> File:Synagoga - Č. Těšín.JPG | Rkieferbot
2026-10-06 04:36:45,782 [INFO] Sent -> Q124682872 | Mrwdat3
2026-10-06 04:36:45,897 [INFO] Sent -> Candida Cave | Mfcoom
2026-10-06 04:36:46,020 [INFO] Sent -> Q37336788 | Cewbot
2026-10-06 04:36:46,142 [INFO] Sent -> Q138804351 | Pudox
2026-10-06 04:36:46,249 [INFO] Sent -> partiġanerija | Bot-Jagwar
2026-10-06 04:36:46,360 [INFO] Sent -> Utente:Europa21 | Europa21
2026-10-06 04:36:46,468 [INFO] Sent -> Wikipedia:Articles for deletion/Smit Machchhar | Rosbif73
2026-10-06 04:36:46,576 [INFO] Sent -> César Rafael García Sánchez | ~2026-53681-26
2026-10-06 04:36:46,686 [INFO] Sent -> Template:PRC admin/data/11/01/13/003/202 | Hamish-bot
2026-10-06 04:36:46,795 [INFO] Sent -> Q138805572 | Pudox
2026-10-06 04:36:46,904 [INFO] Sent -> Q2015153 | Mrwdat3
2026-10-06 04:36:47,014 [INFO] Sent -> Jan III van Montfoort | Oerknal
2026-10-06 04:36:47,124 [INFO] Sent -> Lingua galindia occidentale | InternetArchiveBot
2026-10-06 04:36:47,231 [INFO] Sent -> Данбюри (Небраска) | InternetArchiveBot
2026-10-06 04:36:47,341 [INFO] Sent -> Chingford branch line | AnomieBOT
2026-10-06 04:36:47,450 [INFO] Sent -> Sokajy:Maltese 6-syllable words | Bot-Jagwar
2026-10-06 04:36:47,557 [INFO] Sent -> Sokajy:Maltese terms with IPA pronunciation | Bot-Jagwar
2026-10-06 04:36:47,665 [INFO] Sent -> User talk:~2026-53557-94 | ~2026-53557-94
2026-10-06 04:36:47,776 [INFO] Sent -> Q138805573 | Pudox
2026-10-06 04:36:47,884 [INFO] Sent -> Category:因历史原因保留的已停用模板 | Hamish-bot
2026-10-06 04:36:47,992 [INFO] Sent -> ထာမ်ပလိက်:W. E. B. Du Bois quotation templates/documentation | Intobesa.bot
2026-10-06 04:36:48,103 [INFO] Sent -> Grande vitello | CheckWikiBOT
2026-10-06 04:36:48,226 [INFO] Sent -> File:Kolomna Moskvoretskaya street 15 2020-05 302.JPG | Svetlov Artem
2026-10-06 04:36:48,349 [INFO] Sent -> Q3080572 | Kefr4000
2026-10-06 04:36:48,459 [INFO] Sent -> 사용자:Altostratus/손수 작업 목록 | Altostratus.AIbot
2026-10-06 04:36:48,567 [INFO] Sent -> China Open 2026 (Tennis)/Herren | Partynia
2026-10-06 04:36:48,678 [INFO] Sent -> Q14672609 | Mrwdat3
2026-10-06 04:36:48,800 [INFO] Sent -> উইকিভ্রমণ:নিবন্ধ প্রতিযোগিতা ২০২৬/অংশগ্রহণকারী | Md Ruman Hasan
2026-10-06 04:36:48,908 [INFO] Sent -> ကဏ္ဍ:မုက်လိက်သောဲသောဲမဆေၚ်စပ်ကဵုလိက်စၟတ်သမ္တီမချူပတိုန်လဝ်မဇ္ဇျဟ်ထောံဂမၠိုၚ် | Intobesa.bot
2026-10-06 04:36:49,017 [INFO] Sent -> User:Mox Eden/AELECT voter guide/October 2026 | Mox Eden
2026-10-06 04:36:49,127 [INFO] Sent -> Usuari Discussió:Carlaromea | Docosong
2026-10-06 04:36:49,238 [INFO] Sent -> Q646472 | Edorfbir
2026-10-06 04:36:49,347 [INFO] Sent -> Q138805585 | Pudox
2026-10-06 04:36:49,469 [INFO] Sent -> Яблунівка (Старосинявська селищна територіальна громада) | Duivih
2026-10-06 04:36:49,584 [INFO] Sent -> Данбюри (Нью-Гэмпшир) | InternetArchiveBot
2026-10-06 04:36:49,704 [INFO] Sent -> File:ISS074-E-573294 - View of South Africa.jpg | OptimusPrimeBot
2026-10-06 04:36:49,813 [INFO] Sent -> Lexeme:L1742990 | Oung ring
2026-10-06 04:36:49,923 [INFO] Sent -> Category:15-year-old human males | Antoine.01
2026-10-06 04:36:50,033 [INFO] Sent -> Яблунівка (Старосинявська селищна громада) | Duivih
2026-10-06 04:36:50,140 [INFO] Sent -> Q137171774 | Estopedist1
2026-10-06 04:36:50,247 [INFO] Sent -> Q138805589 | Pudox
2026-10-06 04:36:50,355 [INFO] Sent -> File:Drapeaux Frontière Allemagne Belgique Pays Bas Colline Vaalserberg - Aix-la-Chapelle (DEA2) - 2026-09-27 - 1.jpg | Chabe01
2026-10-06 04:36:50,464 [INFO] Sent -> Q4616755 | Mrwdat3
2026-10-06 04:36:50,572 [INFO] Sent -> Категорія:Вікідані:Перенаправлення Вікіпедії | Duivih
2026-10-06 04:36:50,682 [INFO] Sent -> Overleg gebruiker:Look Sharp! | Look Sharp!
2026-10-06 04:36:50,792 [INFO] Sent -> Category:Articles with unsourced statements from October 2026 | AnomieBOT
2026-10-06 04:36:50,913 [INFO] Sent -> Category:Articles needing additional references from October 2026 | AnomieBOT
2026-10-06 04:36:51,024 [INFO] Sent -> Category:Articles with unsourced statements | AnomieBOT
2026-10-06 04:36:51,137 [INFO] Sent -> Q14856359 | Mrwdat3
2026-10-06 04:36:51,244 [INFO] Sent -> Category:Articles needing additional references | AnomieBOT
2026-10-06 04:36:51,352 [INFO] Sent -> Phindiwe Sangweni | BarryFemo
2026-10-06 04:36:51,461 [INFO] Sent -> Category:Pages with local camera coordinates and missing SDC coordinates | Chabe01
2026-10-06 04:36:51,571 [INFO] Sent -> Category:Files with coordinates missing SDC location of creation (50° N, 6° E) | Chabe01
2026-10-06 04:36:51,693 [INFO] Sent -> Category:Creative Commons Attribution-Share Alike missing SDC copyright status | Chabe01
2026-10-06 04:36:51,803 [INFO] Sent -> Q138805593 | Pudox
2026-10-06 04:36:51,910 [INFO] Sent -> Category:CC-BY-SA-4.0 | Chabe01
2026-10-06 04:36:52,025 [INFO] Sent -> Wiktionary:Etymology scriptorium/2026/October | Wakuran
2026-10-06 04:36:52,147 [INFO] Sent -> Category:Creative Commons Attribution-Share Alike 4.0 missing SDC copyright license | Chabe01
2026-10-06 04:36:52,256 [INFO] Sent -> Category:Self-published work | Chabe01
2026-10-06 04:36:52,362 [INFO] Sent -> Category:Self-published work missing SDC copyright license | Chabe01
2026-10-06 04:36:52,585 [INFO] Sent -> Category:Aachen | Chabe01
2026-10-06 04:36:52,705 [INFO] Sent -> Category:September 2026 in Aachen | Chabe01
2026-10-06 04:36:52,818 [INFO] Sent -> Category:Images of Aachen by Chabe01 | Chabe01
2026-10-06 04:36:52,940 [INFO] Sent -> File:Daniel St, Portsmouth, NH, 2012 (12).jpg | Rkieferbot
2026-10-06 04:36:53,047 [INFO] Sent -> Category:North Rhine-Westphalia photographs taken on 2026-09-27 | Chabe01
2026-10-06 04:36:53,159 [INFO] Sent -> Category:Images by Chabe01 taken with iPhone 16 Pro | Chabe01
2026-10-06 04:36:53,281 [INFO] Sent -> Clara Montalba | ListeriaBot
2026-10-06 04:36:53,390 [INFO] Sent -> Q11089551 | Mormegil
2026-10-06 04:36:53,500 [INFO] Sent -> Q138805594 | Pudox
2026-10-06 04:36:53,609 [INFO] Sent -> User talk:AntiCompositeNumber | ESkog
2026-10-06 04:36:53,719 [INFO] Sent -> Данвилл (Айова) | InternetArchiveBot
2026-10-06 04:36:53,832 [INFO] Sent -> File:Drapeaux Frontière Allemagne Belgique Pays Bas Colline Vaalserberg - Aix-la-Chapelle (DEA2) - 2026-09-27 - 1.jpg | Chabe01
2026-10-06 04:36:53,956 [INFO] Sent -> Q13855454 | Mrwdat3
2026-10-06 04:36:54,073 [INFO] Sent -> Q11089551 | Mormegil
2026-10-06 04:36:54,186 [INFO] Sent -> Q141656923 | Hitsuji777
2026-10-06 04:36:54,308 [INFO] Sent -> Hamidou Keyta | İmmortalance
2026-10-06 04:36:54,418 [INFO] Sent -> Haplorhini | Machaerus
2026-10-06 04:36:54,545 [INFO] Sent -> Q138805596 | Pudox
2026-10-06 04:36:54,669 [INFO] Sent -> Haris Hajdarević | İmmortalance
2026-10-06 04:36:54,789 [INFO] Sent -> Q21667576 | Rebot
2026-10-06 04:36:54,900 [INFO] Sent -> Mexisphodrus cancuc | Lavalizard101
2026-10-06 04:36:55,010 [INFO] Sent -> Данвилл (Нью-Гэмпшир) | InternetArchiveBot
2026-10-06 04:36:55,132 [INFO] Sent -> Q14528134 | Mrwdat3
2026-10-06 04:36:55,244 [INFO] Sent -> Kurs:Singularitätentheorie (Osnabrück 2026-2027)/Projektiver Modul/Nenneraufnahme/Aufgabe/Aufgabereferenznummer | Arbota
2026-10-06 04:36:55,365 [INFO] Sent -> Q4535890 | Duivih
2026-10-06 04:36:55,475 [INFO] Sent -> Q141640997 | Ornithorynque liminaire
2026-10-06 04:36:55,583 [INFO] Sent -> Q138805598 | Pudox
2026-10-06 04:36:55,693 [INFO] Sent -> Kategorie:Kurs:Singularitätentheorie (Osnabrück 2026-2027)/Referenznummer | Arbota
2026-10-06 04:36:55,800 [INFO] Sent -> Q14518918 | Mrwdat3
2026-10-06 04:36:55,909 [INFO] Sent -> Kategori:Türkiye'deki gurbetçi erkek futbolcular | İmmortalance
2026-10-06 04:36:56,017 [INFO] Sent -> İbn Miskəveyh | Medineli92
2026-10-06 04:36:56,126 [INFO] Sent -> Kategori:Türkiye'deki gurbetçi futbolcular | İmmortalance
2026-10-06 04:36:56,236 [INFO] Sent -> Q37336788 | Cewbot
2026-10-06 04:36:56,343 [INFO] Sent -> Kategori:Türkiye'deki gurbetçi erkek futbolcular | İmmortalance
2026-10-06 04:36:56,454 [INFO] Sent -> Kategori:Türkiye'deki gurbetçi futbolcular | İmmortalance
2026-10-06 04:36:56,566 [INFO] Sent -> Category:Accepted species names | Lavalizard101
2026-10-06 04:36:56,688 [INFO] Sent -> Category:Accepted species name | Lavalizard101
2026-10-06 04:36:56,799 [INFO] Progress: 4200 sent, 0 skipped.
2026-10-06 04:36:56,909 [INFO] Sent -> File:Budapest, Transport Museum 2015, 138.jpg | Globetrotter19
2026-10-06 04:36:57,018 [INFO] Sent -> File:ISS074-E-573293 - View of South Africa.jpg | OptimusPrimeBot
2026-10-06 04:36:57,125 [INFO] Sent -> Q138805600 | Pudox
2026-10-06 04:36:57,236 [INFO] Sent -> Q141656989 | Elsy EL IRANY
2026-10-06 04:36:57,342 [INFO] Sent -> Q141656989 | Elsy EL IRANY
2026-10-06 04:36:57,451 [INFO] Sent -> Category:Artworks without Wikidata item | Gzen92Bot
2026-10-06 04:36:57,562 [INFO] Sent -> Category:PD France | Gzen92Bot
2026-10-06 04:36:57,670 [INFO] Sent -> Category:Manuscripts from Gallica (Bibliothèque nationale de France) uploaded by Gzen92Bot | Gzen92Bot
2026-10-06 04:36:57,778 [INFO] Sent -> File:R. Croker LCCN2014687924.tif | SchlurcherBot
2026-10-06 04:36:57,889 [INFO] Sent -> Category:Bible. A.T. Pentateuque-Hapṭarah-Megillôt (hébreu) - btv1b10549397c | Gzen92Bot
2026-10-06 04:36:57,999 [INFO] Sent -> Stephan Hanke | İmmortalance
2026-10-06 04:36:58,108 [INFO] Sent -> Category:Files with no machine-readable author | Gzen92Bot
2026-10-06 04:36:58,219 [INFO] Sent -> Q13495401 | Mrwdat3
2026-10-06 04:36:58,341 [INFO] Sent -> Category:ISS photographs taken on 2026-05-03 | OptimusPrimeBot
2026-10-06 04:36:58,456 [INFO] Sent -> Clara Serina | CheckWikiBOT
2026-10-06 04:36:58,574 [INFO] Sent -> Category:Taken on missing SDC inception | OptimusPrimeBot
2026-10-06 04:36:58,685 [INFO] Sent -> Category:Images from the Earth Science and Remote Sensing Unit, Lyndon B. Johnson Space Center | OptimusPrimeBot
2026-10-06 04:36:58,810 [INFO] Sent -> Category:Pages with local object coordinates and missing SDC coordinates | OptimusPrimeBot
2026-10-06 04:36:58,957 [INFO] Sent -> Category:Files with coordinates missing SDC location of creation | OptimusPrimeBot
2026-10-06 04:36:59,088 [INFO] Sent -> Category:PD NASA | OptimusPrimeBot
2026-10-06 04:36:59,207 [INFO] Sent -> Category:PD-USGov missing SDC copyright status | OptimusPrimeBot
2026-10-06 04:36:59,316 [INFO] Sent -> Category:ISS Expedition 74 Crew Earth Observations (dump) | OptimusPrimeBot
2026-10-06 04:36:59,426 [INFO] Sent -> Category:NASA GAPE files uploaded by OptimusPrimeBot | OptimusPrimeBot
2026-10-06 04:36:59,536 [INFO] Sent -> Category:Photos of South Africa by ISS Expedition 74 Crew Earth Observations | OptimusPrimeBot
2026-10-06 04:36:59,644 [INFO] Sent -> Category:Taken with Nikon Z 9 | OptimusPrimeBot
2026-10-06 04:36:59,754 [INFO] Sent -> Pruebas nucleares en el atolón Bikini | SchlurcherBot
2026-10-06 04:36:59,863 [INFO] Sent -> rastxwendineke | JiyanBot
2026-10-06 04:36:59,971 [INFO] Sent -> Diskussion:Jacqueline Meier | DonPäsce
2026-10-06 04:37:00,080 [INFO] Sent -> పుట:ప్రతాపరుద్రీయమ్ (విద్యానాథ).pdf/354 | దేవీప్రసాదశాస్త్రి
2026-10-06 04:37:00,189 [INFO] Sent -> File:S. Hieronymus - btv1b52504546z (412 of 620).jpg | Gzen92Bot
2026-10-06 04:37:00,296 [INFO] Sent -> Q14521007 | Mrwdat3
2026-10-06 04:37:00,408 [INFO] Sent -> Q37336857 | Cewbot
2026-10-06 04:37:00,517 [INFO] Sent -> File:Cammeo con Claudio Imperatore.jpg | ManuelKomnenos
2026-10-06 04:37:00,624 [INFO] Sent -> Q138805601 | Pudox
2026-10-06 04:37:00,749 [INFO] Sent -> Q110937961 | Dodowp
2026-10-06 04:37:00,870 [INFO] Sent -> Ajdin Hasić | İmmortalance
2026-10-06 04:37:00,981 [INFO] Sent -> File:Слатински чардак.JPG | Rkieferbot
2026-10-06 04:37:01,088 [INFO] Sent -> Pueblo copto | Staticshakedown
2026-10-06 04:37:01,199 [INFO] Sent -> File:Fontaine Charlemagne - Aix-la-Chapelle (DEA2) - 2026-09-27 - 1.jpg | Chabe01
2026-10-06 04:37:01,307 [INFO] Sent -> Kategori:Türkiye'deki gurbetçi erkek futbolcular | İmmortalance
2026-10-06 04:37:01,416 [INFO] Sent -> Kategori:Türkiye'deki gurbetçi futbolcular | İmmortalance
2026-10-06 04:37:01,525 [INFO] Sent -> Category:Artworks without Wikidata item | Gzen92Bot
2026-10-06 04:37:01,637 [INFO] Sent -> వర్గం:అచ్చుదిద్దబడని | దేవీప్రసాదశాస్త్రి
2026-10-06 04:37:01,759 [INFO] Sent -> Q6237718 | KaleemBot
2026-10-06 04:37:01,869 [INFO] Sent -> Category:PD France | Gzen92Bot
2026-10-06 04:37:01,978 [INFO] Sent -> Category:PD US expired | Gzen92Bot
2026-10-06 04:37:02,097 [INFO] Sent -> Category:PD-US missing SDC copyright status | Gzen92Bot
2026-10-06 04:37:02,319 [INFO] Sent -> Category:PD-old missing SDC copyright status | Gzen92Bot
2026-10-06 04:37:02,427 [INFO] Sent -> Category:CC-PD-Mark | Gzen92Bot
2026-10-06 04:37:02,538 [INFO] Sent -> Category:PD Old (assumed) | Gzen92Bot
2026-10-06 04:37:02,651 [INFO] Sent -> Category:Manuscripts from Gallica (Bibliothèque nationale de France) uploaded by Gzen92Bot | Gzen92Bot
2026-10-06 04:37:02,757 [INFO] Sent -> Category:Cameo of Claudius (Kunsthistorisches Museum, IXa 23) | ManuelKomnenos
2026-10-06 04:37:02,866 [INFO] Sent -> Q13541741 | Mrwdat3
2026-10-06 04:37:02,978 [INFO] Sent -> Category:Pages with local camera coordinates and missing SDC coordinates | Chabe01
2026-10-06 04:37:03,097 [INFO] Sent -> Category:S. Hieronymus - btv1b52504546z | Gzen92Bot
2026-10-06 04:37:03,209 [INFO] Sent -> Category:Cameos of Claudius | ManuelKomnenos
2026-10-06 04:37:03,319 [INFO] Sent -> Category:Files with coordinates missing SDC location of creation (50° N, 6° E) | Chabe01
2026-10-06 04:37:03,427 [INFO] Sent -> Category:Ancient Roman cameos in the Collection of Greek and Roman Antiquities (Kunsthistorisches Museum) | ManuelKomnenos
2026-10-06 04:37:03,536 [INFO] Sent -> Category:Creative Commons Attribution-Share Alike missing SDC copyright status | Chabe01
2026-10-06 04:37:03,646 [INFO] Sent -> Category:Augustan and Julio-Claudian glyptics | ManuelKomnenos
2026-10-06 04:37:03,754 [INFO] Sent -> Category:CC-BY-SA-4.0 | Chabe01
2026-10-06 04:37:03,862 [INFO] Sent -> Category:Augustan and Julio-Claudian portraiture | ManuelKomnenos
2026-10-06 04:37:03,974 [INFO] Sent -> Category:Creative Commons Attribution-Share Alike 4.0 missing SDC copyright license | Chabe01
2026-10-06 04:37:04,085 [INFO] Sent -> Category:Self-published work | Chabe01
2026-10-06 04:37:04,207 [INFO] Sent -> Usuari Discussió:Jviader | Jviader
2026-10-06 04:37:04,317 [INFO] Sent -> Q138805603 | Pudox
2026-10-06 04:37:04,424 [INFO] Sent -> Category:Self-published work missing SDC copyright license | Chabe01
2026-10-06 04:37:04,536 [INFO] Sent -> Category:Aachen | Chabe01
2026-10-06 04:37:04,645 [INFO] Sent -> Category:September 2026 in Aachen | Chabe01
2026-10-06 04:37:04,753 [INFO] Sent -> Category:Images of Aachen by Chabe01 | Chabe01
2026-10-06 04:37:04,865 [INFO] Sent -> Q116395700 | DERDAKI ILIAS
2026-10-06 04:37:04,974 [INFO] Sent -> Category:North Rhine-Westphalia photographs taken on 2026-09-27 | Chabe01
2026-10-06 04:37:05,081 [INFO] Sent -> Category:Images by Chabe01 taken with iPhone 16 Pro | Chabe01
2026-10-06 04:37:05,190 [INFO] Sent -> Q138804353 | Pudox
2026-10-06 04:37:05,300 [INFO] Sent -> Wikipedia:In the news/Candidates | Psephguru
2026-10-06 04:37:05,410 [INFO] Sent -> Q138805608 | Pudox
2026-10-06 04:37:05,520 [INFO] Sent -> Q3440764 | Mrwdat3
2026-10-06 04:37:05,629 [INFO] Sent -> Q537972 | HanTsî
2026-10-06 04:37:05,743 [INFO] Sent -> Kategori:Türkiye'deki gurbetçi erkek futbolcular | İmmortalance
2026-10-06 04:37:05,854 [INFO] Sent -> File:Fontaine Charlemagne - Aix-la-Chapelle (DEA2) - 2026-09-27 - 1.jpg | Chabe01
2026-10-06 04:37:05,962 [INFO] Sent -> Kategori:Türkiye'deki gurbetçi futbolcular | İmmortalance
2026-10-06 04:37:06,071 [INFO] Sent -> Q16606789 | Kristbaumbot
2026-10-06 04:37:06,182 [INFO] Sent -> File:People's Republic of China map (1949-1951).png | SUKIWANG7728
2026-10-06 04:37:06,294 [INFO] Sent -> Pengguna:Thefatrat82 | Thefatrat82
2026-10-06 04:37:06,402 [INFO] Sent -> File:Tian zhu sheng jiao ri ke. - btv1b90069149 (118 of 235).jpg | Gzen92Bot
2026-10-06 04:37:06,511 [INFO] Sent -> Q138805612 | Pudox
2026-10-06 04:37:06,618 [INFO] Sent -> Category:CC-Zero | SUKIWANG7728
2026-10-06 04:37:06,729 [INFO] Sent -> Category:Creative Commons CC0 1.0 Universal Public Domain Dedication missing SDC copyright license | SUKIWANG7728
2026-10-06 04:37:06,838 [INFO] Sent -> Category:Self-published work | SUKIWANG7728
2026-10-06 04:37:06,947 [INFO] Sent -> Category:Self-published work missing SDC copyright license | SUKIWANG7728
2026-10-06 04:37:07,055 [INFO] Sent -> Category:Media needing categories as of 6 October 2026 | SUKIWANG7728
2026-10-06 04:37:07,164 [INFO] Sent -> Roháči (hudební skupina) | David Šantavý
2026-10-06 04:37:07,272 [INFO] Sent -> Category:All media needing categories as of 2026 | SUKIWANG7728
2026-10-06 04:37:07,383 [INFO] Sent -> Q2465607 | Mrwdat3
2026-10-06 04:37:07,971 [INFO] Sent -> زمرہ:1450ء کی دہائی میں ختم ہونے والی ریاستیں اور علاقے | KaleemBot
2026-10-06 04:37:08,086 [INFO] Sent -> Leczenie zespołów abstynencyjnych | Majonez truskawkowy
2026-10-06 04:37:08,209 [INFO] Sent -> Q97344424 | MsynBot
2026-10-06 04:37:08,338 [INFO] Sent -> Category:Artworks without Wikidata item | Gzen92Bot
2026-10-06 04:37:08,458 [INFO] Sent -> Category:PD France | Gzen92Bot
2026-10-06 04:37:08,579 [INFO] Progress: 4300 sent, 0 skipped.
2026-10-06 04:37:08,739 [INFO] Sent -> Wikipedista:KaríněNaVíně/pískoviště | KaríněNaVíně
2026-10-06 04:37:08,862 [INFO] Sent -> Category:Tian zhu sheng jiao ri ke. - btv1b90069149 | Gzen92Bot
2026-10-06 04:37:09,009 [INFO] Sent -> Category:Files with no machine-readable author | Gzen92Bot
2026-10-06 04:37:09,316 [INFO] Sent -> User talk:D11JKS128132 | Celjski Grad
2026-10-06 04:37:09,541 [INFO] Sent -> Wikipedista:KaríněNaVíně/pískoviště | UrbanecmBot
2026-10-06 04:37:09,702 [INFO] Sent -> błona bębenkowa | Altobot
2026-10-06 04:37:09,898 [INFO] Sent -> Q138805614 | Pudox
2026-10-06 04:37:10,030 [INFO] Sent -> Kategorie:České folkové skupiny | David Šantavý
2026-10-06 04:37:10,166 [INFO] Sent -> wieħed u sittin | Bot-Jagwar
2026-10-06 04:37:10,288 [INFO] Sent -> Kategorie:Trampská hudba | David Šantavý
2026-10-06 04:37:10,403 [INFO] Sent -> Q13549752 | Mrwdat3
2026-10-06 04:37:10,520 [INFO] Sent -> 분류:폴란드어 명사 | Altobot
2026-10-06 04:37:10,629 [INFO] Sent -> Clarendon, Texas | ListeriaBot
2026-10-06 04:37:10,739 [INFO] Sent -> Nogometna reprezentacija Litvanije | Makenzis
2026-10-06 04:37:10,847 [INFO] Sent -> File:ISS074-E-573293 - View of South Africa.jpg | OptimusPrimeBot
2026-10-06 04:37:10,959 [INFO] Sent -> File:100%-Made-in-Japan-Titanium-Alloy-Frame-Rotary-Tattoo-Machine-FREIHEIT-by-LOYAL-TATTOO-LT-MACHINES-Ihori-Tattoo-Machine-Construction-Instructional-Material.jpg | Riku69x
2026-10-06 04:37:11,080 [INFO] Sent -> Pagina:Album der Natuur 1864.djvu/362 | WeeJeeVee
2026-10-06 04:37:11,205 [INFO] Sent -> File:100%-Made-in-Japan-Titanium-Alloy-Frame-Rotary-Tattoo-Machine-FREIHEIT-by-LOYAL-TATTOO-LT-MACHINES-Ihori-Tattoo-Machine-Construction-Instructional-Material.jpg | Riku69x
2026-10-06 04:37:11,313 [INFO] Sent -> Яблунівка (Старосинявська селищна громада) | Duivih
2026-10-06 04:37:11,422 [INFO] Sent -> Q138805615 | Pudox
2026-10-06 04:37:11,530 [INFO] Sent -> Sokajy:Maltese terms with IPA pronunciation | Bot-Jagwar
2026-10-06 04:37:11,658 [INFO] Sent -> File:Fontaine Charlemagne - Aix-la-Chapelle (DEA2) - 2026-09-27 - 2.jpg | Chabe01
2026-10-06 04:37:11,785 [INFO] Sent -> File:100%-Made-in-Japan-Titanium-Alloy-Frame-Rotary-Tattoo-Machine-FREIHEIT-by-LOYAL-TATTOO-LT-MACHINES-Ihori-Tattoo-Machine-Construction-Instructional-Material.jpg | Riku69x
2026-10-06 04:37:11,907 [INFO] Sent -> Q10399839 | Mrwdat3
2026-10-06 04:37:12,028 [INFO] Sent -> File:Éthiopien 364 - btv1b10088347t (27 of 68).jpg | SchlurcherBot
2026-10-06 04:37:12,134 [INFO] Sent -> File:Кућа Милана-Бате Јанковића.JPG | Rkieferbot
2026-10-06 04:37:12,243 [INFO] Sent -> Categorie:Wikisource:Niet proefgelezen | WeeJeeVee
2026-10-06 04:37:12,350 [INFO] Sent -> Category:Pages with local camera coordinates and missing SDC coordinates | Chabe01
2026-10-06 04:37:12,462 [INFO] Sent -> Q13934839 | Mrwdat3
2026-10-06 04:37:12,572 [INFO] Sent -> Q138805618 | Pudox
2026-10-06 04:37:12,681 [INFO] Sent -> Category:Files with coordinates missing SDC location of creation (50° N, 6° E) | Chabe01
2026-10-06 04:37:12,790 [INFO] Sent -> Category:Creative Commons Attribution-Share Alike missing SDC copyright status | Chabe01
2026-10-06 04:37:12,899 [INFO] Sent -> Category:Pages with local camera coordinates and missing SDC coordinates | Riku69x
2026-10-06 04:37:13,007 [INFO] Sent -> File:Triple Trawler Tragedy - geograph.org.uk - 7158700.jpg | Hullian111
2026-10-06 04:37:13,116 [INFO] Sent -> Category:CC-BY-SA-4.0 | Chabe01
2026-10-06 04:37:13,233 [INFO] Sent -> Category:Files with coordinates missing SDC location of creation | Riku69x
2026-10-06 04:37:13,352 [INFO] Sent -> File:People's Republic of China map (1949-1951).png | SUKIWANG7728
2026-10-06 04:37:13,460 [INFO] Sent -> Category:Creative Commons Attribution-Share Alike 4.0 missing SDC copyright license | Chabe01
2026-10-06 04:37:13,569 [INFO] Sent -> Category:Creative Commons Attribution-Share Alike missing SDC copyright status | Riku69x
2026-10-06 04:37:13,678 [INFO] Sent -> Category:Self-published work | Chabe01
2026-10-06 04:37:13,789 [INFO] Sent -> Category:CC-BY-SA-4.0 | Riku69x
2026-10-06 04:37:13,897 [INFO] Sent -> Нгава (посёлок) | ~2026-53764-32
2026-10-06 04:37:14,006 [INFO] Sent -> Category:Self-published work missing SDC copyright license | Chabe01
2026-10-06 04:37:14,117 [INFO] Sent -> Category:Creative Commons Attribution-Share Alike 4.0 missing SDC copyright license | Riku69x
2026-10-06 04:37:14,331 [INFO] Sent -> Category:Aachen | Chabe01
2026-10-06 04:37:14,440 [INFO] Sent -> Category:Self-published work | Riku69x
2026-10-06 04:37:14,548 [INFO] Sent -> Category:September 2026 in Aachen | Chabe01
2026-10-06 04:37:14,656 [INFO] Sent -> Category:Self-published work missing SDC copyright license | Riku69x
2026-10-06 04:37:14,767 [INFO] Sent -> Нгава (посёлок) | ~2026-53764-32
2026-10-06 04:37:14,876 [INFO] Sent -> Category:タトゥーマシン | Riku69x
2026-10-06 04:37:14,986 [INFO] Sent -> Category:Images of Aachen by Chabe01 | Chabe01
2026-10-06 04:37:15,096 [INFO] Sent -> Q37336857 | Cewbot
2026-10-06 04:37:15,205 [INFO] Sent -> Category:North Rhine-Westphalia photographs taken on 2026-09-27 | Chabe01
2026-10-06 04:37:15,314 [INFO] Sent -> Category:タトゥー | Riku69x
2026-10-06 04:37:15,424 [INFO] Sent -> Category:Images by Chabe01 taken with iPhone 16 Pro | Chabe01
2026-10-06 04:37:15,546 [INFO] Sent -> Category:刺青 | Riku69x
2026-10-06 04:37:15,654 [INFO] Sent -> Category:タトゥーマシンビルダー | Riku69x
2026-10-06 04:37:15,767 [INFO] Sent -> Q3424602 | Rémih
2026-10-06 04:37:15,874 [INFO] Sent -> Category:写真術図解 | Riku69x
2026-10-06 04:37:15,984 [INFO] Sent -> Category:写真学 | Riku69x
2026-10-06 04:37:16,091 [INFO] Sent -> Category:写真上達の手引 | Riku69x
2026-10-06 04:37:16,201 [INFO] Sent -> Q14488631 | Mrwdat3
2026-10-06 04:37:16,307 [INFO] Sent -> 番犬 | Aoshimayouichi
2026-10-06 04:37:16,417 [INFO] Sent -> Page:Rabindranath Tagore, the man and his poetry.djvu/185 | Sutradhar links
2026-10-06 04:37:16,526 [INFO] Sent -> Q54062215 | Nabbot
2026-10-06 04:37:16,636 [INFO] Sent -> Wiktionary:Tea room/2026/October | Frog x Lover
2026-10-06 04:37:16,746 [INFO] Sent -> The Architect (Eidola album) | TYLERB216
2026-10-06 04:37:16,856 [INFO] Sent -> File:Fontaine Charlemagne - Aix-la-Chapelle (DEA2) - 2026-09-27 - 2.jpg | Chabe01
2026-10-06 04:37:16,968 [INFO] Sent -> Q130834570 | Tuxfux
2026-10-06 04:37:17,075 [INFO] Sent -> Category:Hull triple trawler tragedy | Hullian111
2026-10-06 04:37:17,183 [INFO] Sent -> Category:Fishermen's memorial, St. Andrew's Dock, Kingston upon Hull | Hullian111
2026-10-06 04:37:17,291 [INFO] Sent -> Q138805635 | Pudox
2026-10-06 04:37:17,401 [INFO] Sent -> Q14932788 | Mrwdat3
2026-10-06 04:37:17,508 [INFO] Sent -> Category:Proofread | Sutradhar links
2026-10-06 04:37:17,640 [INFO] Sent -> Wikipedia:編集フィルター/誤作動/報告 | Y.S Note
2026-10-06 04:37:17,757 [INFO] Sent -> File:100%-Made-in-Japan-Titanium-Alloy-Frame-Rotary-Tattoo-Machine-FREIHEIT-by-LOYAL-TATTOO-LT-MACHINES-Ihori-Tattoo-Machine-Construction-Instructional-Material.jpg | Riku69x
2026-10-06 04:37:17,866 [INFO] Sent -> Fever (Adam Lambert song) | Sricsi
2026-10-06 04:37:17,974 [INFO] Sent -> Q130834570 | Tuxfux
2026-10-06 04:37:18,083 [INFO] Sent -> Q37336890 | Cewbot
2026-10-06 04:37:18,193 [INFO] Sent -> Pilmograpiya ni Grace Kelly | InternetArchiveBot
2026-10-06 04:37:18,301 [INFO] Sent -> User:WUXIAOTONG Bancy/沙盒 | WUXIAOTONG Bancy
2026-10-06 04:37:18,413 [INFO] Sent -> Q138805640 | Pudox
2026-10-06 04:37:18,535 [INFO] Sent -> User:WUXIAOTONG Bancy/沙盒 | WUXIAOTONG Bancy
2026-10-06 04:37:18,657 [INFO] Sent -> Q14418333 | Mrwdat3
2026-10-06 04:37:18,781 [INFO] Sent -> internacionalista | Al Silonov
2026-10-06 04:37:18,902 [INFO] Sent -> নাদওয়া | InternetArchiveBot
2026-10-06 04:37:19,012 [INFO] Sent -> Q138805642 | Pudox
2026-10-06 04:37:19,123 [INFO] Sent -> Q89268875 | 23artashes
2026-10-06 04:37:19,230 [INFO] Sent -> User:Giovanni.garrett1 | Giovanni.garrett1
2026-10-06 04:37:19,339 [INFO] Sent -> Magomed Adiev | ~2026-48583-57
2026-10-06 04:37:19,448 [INFO] Sent -> Q141657020 | Ebi4real
2026-10-06 04:37:19,558 [INFO] Sent -> File:ISS074-E-573295 - View of South Africa.jpg | OptimusPrimeBot
2026-10-06 04:37:19,668 [INFO] Sent -> Q13428678 | Mrwdat3
2026-10-06 04:37:19,777 [INFO] Sent -> Category:1787 in Asia by month | Kreuz und quer
2026-10-06 04:37:19,885 [INFO] Sent -> Usuari:Formatges Cuirols | Formatges Cuirols
2026-10-06 04:37:19,995 [INFO] Sent -> Категория:Испанский язык | Al Silonov
2026-10-06 04:37:20,103 [INFO] Sent -> Категория:Испанские существительные | Al Silonov
2026-10-06 04:37:20,213 [INFO] Sent -> Категория:Нет сведений о составе слова | Al Silonov
2026-10-06 04:37:20,321 [INFO] Sent -> Haplorhini | Machaerus
2026-10-06 04:37:20,430 [INFO] Progress: 4400 sent, 0 skipped.
2026-10-06 04:37:20,539 [INFO] Sent -> Категория:Нужна иллюстрация | Al Silonov
2026-10-06 04:37:20,649 [INFO] Sent -> Michael Gandolfini | Silewe
2026-10-06 04:37:20,770 [INFO] Sent -> Категория:Статьи без примеров употребления | Al Silonov
2026-10-06 04:37:20,883 [INFO] Sent -> Категория:Нужна этимология | Al Silonov
2026-10-06 04:37:20,993 [INFO] Sent -> Category:ISS photographs taken on 2026-05-03 | OptimusPrimeBot
2026-10-06 04:37:21,128 [INFO] Sent -> Категория:Требуется категоризация/es | Al Silonov
2026-10-06 04:37:21,263 [INFO] Sent -> Category:Taken on missing SDC inception | OptimusPrimeBot
2026-10-06 04:37:21,411 [INFO] Sent -> Q537972 | HanTsî
2026-10-06 04:37:21,538 [INFO] Sent -> Категория:Слова из 17 букв/es | Al Silonov
2026-10-06 04:37:21,657 [INFO] Sent -> Category:Images from the Earth Science and Remote Sensing Unit, Lyndon B. Johnson Space Center | OptimusPrimeBot
2026-10-06 04:37:21,763 [INFO] Sent -> Категория:Португальский язык | Al Silonov
2026-10-06 04:37:21,873 [INFO] Sent -> Category:Pages with local object coordinates and missing SDC coordinates | OptimusPrimeBot
2026-10-06 04:37:21,982 [INFO] Sent -> Thành viên:Marie Hoai/nháp | Marie Hoai
2026-10-06 04:37:22,092 [INFO] Sent -> Категория:Португальские существительные | Al Silonov
2026-10-06 04:37:22,203 [INFO] Sent -> Category:Files with coordinates missing SDC location of creation | OptimusPrimeBot
2026-10-06 04:37:22,310 [INFO] Sent -> Категория:Требуется категоризация/pt | Al Silonov
2026-10-06 04:37:22,420 [INFO] Sent -> Q138805648 | Pudox
2026-10-06 04:37:22,594 [INFO] Sent -> Category:Meta categories | Kreuz und quer
2026-10-06 04:37:22,750 [INFO] Sent -> Category:PD NASA | OptimusPrimeBot
2026-10-06 04:37:22,874 [INFO] Sent -> Категория:Слова из 17 букв/pt | Al Silonov
2026-10-06 04:37:22,998 [INFO] Sent -> Q141657024 | Robbot
2026-10-06 04:37:23,106 [INFO] Sent -> Category:PD-USGov missing SDC copyright status | OptimusPrimeBot
2026-10-06 04:37:23,216 [INFO] Sent -> Category:Categories by month (flat list) | Kreuz und quer
2026-10-06 04:37:23,341 [INFO] Sent -> Категория:Чешский язык | Al Silonov
2026-10-06 04:37:23,450 [INFO] Sent -> Category:1787 in Asia | Kreuz und quer
2026-10-06 04:37:23,559 [INFO] Sent -> Category:ISS Expedition 74 Crew Earth Observations (dump) | OptimusPrimeBot
2026-10-06 04:37:23,668 [INFO] Sent -> Категория:Чешские существительные | Al Silonov
2026-10-06 04:37:23,775 [INFO] Sent -> Category:1787 by month by continent | Kreuz und quer
2026-10-06 04:37:23,893 [INFO] Sent -> Category:NASA GAPE files uploaded by OptimusPrimeBot | OptimusPrimeBot
2026-10-06 04:37:24,011 [INFO] Sent -> Категория:Мужской род/cs | Al Silonov
2026-10-06 04:37:24,268 [INFO] Sent -> Category:Photos of South Africa by ISS Expedition 74 Crew Earth Observations | OptimusPrimeBot
2026-10-06 04:37:24,443 [INFO] Sent -> Category:Months in Asia by year | Kreuz und quer
2026-10-06 04:37:24,568 [INFO] Sent -> Night Trips | Phzh
2026-10-06 04:37:24,687 [INFO] Sent -> Категория:Требуется категоризация/cs | Al Silonov
2026-10-06 04:37:24,809 [INFO] Sent -> Category:Taken with Nikon Z 9 | OptimusPrimeBot
2026-10-06 04:37:24,918 [INFO] Sent -> Category:Uses of Wikidata Infobox with no item | Kreuz und quer
2026-10-06 04:37:25,027 [INFO] Sent -> Категория:Слова из 17 букв/cs | Al Silonov
2026-10-06 04:37:25,136 [INFO] Sent -> Категория:Викисловарь:Статьи с межъязыковой омонимией | Al Silonov
2026-10-06 04:37:25,246 [INFO] Sent -> Category:Tourism advertisement posters in Alsace | Zen 38
2026-10-06 04:37:25,354 [INFO] Sent -> বিষয়শ্রেণী:অকার্যকর বহিঃসংযোগ সহ সমস্ত নিবন্ধ | InternetArchiveBot
2026-10-06 04:37:25,497 [INFO] Sent -> Q14612767 | Mrwdat3
2026-10-06 04:37:25,605 [INFO] Sent -> বিষয়শ্রেণী:স্থায়ীভাবে অকার্যকর বহিঃসংযোগসহ নিবন্ধ | InternetArchiveBot
2026-10-06 04:37:25,719 [INFO] Sent -> Template:PRC admin/data/11/01/13/003/203 | Hamish-bot
2026-10-06 04:37:25,836 [INFO] Sent -> File:Graner02.JPG | Rkieferbot
2026-10-06 04:37:25,944 [INFO] Sent -> Pocisk | W2k2
2026-10-06 04:37:26,053 [INFO] Sent -> Q109740552 | Namoroka
2026-10-06 04:37:26,162 [INFO] Sent -> Category:CS1 Chinese-language sources (zh) | Sricsi
2026-10-06 04:37:26,272 [INFO] Sent -> Projet:Chimie/Articles récents/Liste | OrlodrimBot
2026-10-06 04:37:26,383 [INFO] Sent -> desnonar | Vriullop
2026-10-06 04:37:26,491 [INFO] Sent -> Bharmal | ~2026-53660-30
2026-10-06 04:37:26,599 [INFO] Sent -> Bharmal | ~2026-53660-30
2026-10-06 04:37:26,706 [INFO] Sent -> Category:Tourism advertising posters of Grand Est | Zen 38
2026-10-06 04:37:26,813 [INFO] Sent -> File:Fontaine Charlemagne - Aix-la-Chapelle (DEA2) - 2026-09-27 - 3.jpg | Chabe01
2026-10-06 04:37:26,923 [INFO] Sent -> Category:Tourism advertising posters of France | Zen 38
2026-10-06 04:37:27,033 [INFO] Sent -> Q116395701 | DERDAKI ILIAS
2026-10-06 04:37:27,143 [INFO] Sent -> Bharmal | ~2026-53660-30
2026-10-06 04:37:27,252 [INFO] Sent -> File:Kolomna Moskvoretskaya street 15 2020-05 302.JPG | Svetlov Artem
2026-10-06 04:37:27,363 [INFO] Sent -> Q124521112 | Mrwdat3
2026-10-06 04:37:27,473 [INFO] Sent -> ထာမ်ပလိက်:W. H. Auden quotation templates/documentation | Intobesa.bot
2026-10-06 04:37:27,583 [INFO] Sent -> Category:因历史原因保留的已停用模板 | Hamish-bot
2026-10-06 04:37:27,692 [INFO] Sent -> Draft:Sunshine Benzi (Rapper) | ~2026-53599-05
2026-10-06 04:37:27,800 [INFO] Sent -> Panfu | Waxworker
2026-10-06 04:37:27,912 [INFO] Sent -> Haqi Osman | İmmortalance
2026-10-06 04:37:28,023 [INFO] Sent -> Draft:Sunshine Benzi (Rapper) | ~2026-53599-05
2026-10-06 04:37:28,134 [INFO] Sent -> Category:Pages with local camera coordinates and missing SDC coordinates | Chabe01
2026-10-06 04:37:28,244 [INFO] Sent -> Category:Files with coordinates missing SDC location of creation (50° N, 6° E) | Chabe01
2026-10-06 04:37:28,354 [INFO] Sent -> Q141657024 | Robbot
2026-10-06 04:37:28,464 [INFO] Sent -> Categoria:Medicina en català | Vriullop
2026-10-06 04:37:28,584 [INFO] Sent -> Category:Creative Commons Attribution-Share Alike missing SDC copyright status | Chabe01
2026-10-06 04:37:28,695 [INFO] Sent -> Categoria:Mots en català amb prefix des- | Vriullop
2026-10-06 04:37:28,806 [INFO] Sent -> Category:CC-BY-SA-4.0 | Chabe01
2026-10-06 04:37:28,926 [INFO] Sent -> ကဏ္ဍ:မုက်လိက်သောဲသောဲမဆေၚ်စပ်ကဵုလိက်စၟတ်သမ္တီမချူပတိုန်လဝ်မဇ္ဇျဟ်ထောံဂမၠိုၚ် | Intobesa.bot
2026-10-06 04:37:29,034 [INFO] Sent -> Category:Creative Commons Attribution-Share Alike 4.0 missing SDC copyright license | Chabe01
2026-10-06 04:37:29,141 [INFO] Sent -> Category:Self-published work | Chabe01
2026-10-06 04:37:29,250 [INFO] Sent -> Category:Self-published work missing SDC copyright license | Chabe01
2026-10-06 04:37:29,360 [INFO] Sent -> Category:Aachen | Chabe01
2026-10-06 04:37:29,470 [INFO] Sent -> File:Fonte Luminosa da Praça Geraldo Silva Maia (Passos) 18.jpg | Rkieferbot
2026-10-06 04:37:29,579 [INFO] Sent -> Q2075920 | Mrwdat3
2026-10-06 04:37:29,700 [INFO] Sent -> Category:September 2026 in Aachen | Chabe01
2026-10-06 04:37:29,813 [INFO] Sent -> User:Einstein2/Budapest/2016 July 11-20 | Globetrotter19
2026-10-06 04:37:29,924 [INFO] Sent -> Category:Images of Aachen by Chabe01 | Chabe01
2026-10-06 04:37:30,034 [INFO] Sent -> Category:North Rhine-Westphalia photographs taken on 2026-09-27 | Chabe01
2026-10-06 04:37:30,146 [INFO] Sent -> Q116390566 | DERDAKI ILIAS
2026-10-06 04:37:30,257 [INFO] Sent -> Category:Images by Chabe01 taken with iPhone 16 Pro | Chabe01
2026-10-06 04:37:30,366 [INFO] Sent -> Category:CS1 errors: empty citation | ~2026-53599-05
2026-10-06 04:37:30,476 [INFO] Sent -> Kategorie:Wikipedia:GND fehlt 2020-12 | Silewe
2026-10-06 04:37:30,594 [INFO] Sent -> Junichi Inamoto | İmmortalance
2026-10-06 04:37:30,708 [INFO] Sent -> Category:CS1 errors: missing title | ~2026-53599-05
2026-10-06 04:37:30,816 [INFO] Sent -> Kategorie:Wikipedia:GND in Wikipedia fehlt, in Wikidata vorhanden | Silewe
2026-10-06 04:37:30,928 [INFO] Sent -> Category:Draft AfC submissions | ~2026-53599-05
2026-10-06 04:37:31,057 [INFO] Sent -> Kategorie:Wikipedia:LCCN in Wikipedia fehlt, in Wikidata vorhanden | Silewe
2026-10-06 04:37:31,177 [INFO] Sent -> Category:Living people | ~2026-53599-05
2026-10-06 04:37:31,300 [INFO] Sent -> Kategorie:Wikipedia:VIAF in Wikipedia fehlt, in Wikidata vorhanden | Silewe
2026-10-06 04:37:31,421 [INFO] Sent -> Category:2000s births | ~2026-53599-05
2026-10-06 04:37:31,528 [INFO] Sent -> Category:American rappers | ~2026-53599-05
2026-10-06 04:37:31,638 [INFO] Sent -> Category:Songwriters from State | ~2026-53599-05
2026-10-06 04:37:31,747 [INFO] Sent -> File:ISS074-E-573295 - View of South Africa.jpg | OptimusPrimeBot
2026-10-06 04:37:31,856 [INFO] Sent -> Kategori:Türkiye'deki gurbetçi erkek futbolcular | İmmortalance
2026-10-06 04:37:31,963 [INFO] Sent -> Q5103119 | Mrwdat3
2026-10-06 04:37:32,072 [INFO] Progress: 4500 sent, 0 skipped.
2026-10-06 04:37:32,181 [INFO] Sent -> Kategori:Türkiye'deki gurbetçi futbolcular | İmmortalance
2026-10-06 04:37:32,290 [INFO] Sent -> Q130530768 | UCinternational
2026-10-06 04:37:32,399 [INFO] Sent -> Ágoston Péterné | 12akd
2026-10-06 04:37:32,508 [INFO] Sent -> PK Porthcurno | Krdbot
2026-10-06 04:37:32,619 [INFO] Sent -> vluchtheuveltje | Kvdrgeus
2026-10-06 04:37:32,727 [INFO] Sent -> Laholm | Valhalla Scribe
2026-10-06 04:37:32,835 [INFO] Sent -> Q10723567 | Mrwdat3
2026-10-06 04:37:32,945 [INFO] Sent -> Category:各屆別威爾斯議會議員 | Dragoon17cc
2026-10-06 04:37:33,054 [INFO] Sent -> Q141657024 | Robbot
2026-10-06 04:37:33,163 [INFO] Sent -> Categorie:Woorden met 4 lettergrepen in het Nederlands | Kvdrgeus
2026-10-06 04:37:33,271 [INFO] Sent -> Categorie:Woorden in het Nederlands met IPA-weergave | Kvdrgeus
2026-10-06 04:37:33,380 [INFO] Sent -> Kateqoriya:Əlifba sırasına görə yaşayış məntəqələri | Valhalla Scribe
2026-10-06 04:37:33,491 [INFO] Sent -> Kateqoriya:Poçt indeksi olmayan məntəqə | Valhalla Scribe
2026-10-06 04:37:33,600 [INFO] Sent -> Kateqoriya:Vikipediya:Coğrafi koordinatları göstərilməyən yaşayış məntəqələri | Valhalla Scribe
2026-10-06 04:37:33,709 [INFO] Sent -> Kateqoriya:Vikianbarda kateqoriyası olmayan yaşayış məntəqələri haqqında məqalə | Valhalla Scribe
2026-10-06 04:37:33,820 [INFO] Sent -> Adrian Ilie | İmmortalance
2026-10-06 04:37:33,930 [INFO] Sent -> Kateqoriya:İsveç şəhərləri | Valhalla Scribe
2026-10-06 04:37:34,041 [INFO] Sent -> Talk:Skin effect | Leveugel
2026-10-06 04:37:34,148 [INFO] Sent -> Q110937961 | Dodowp
2026-10-06 04:37:34,260 [INFO] Sent -> Category:各屆別英國議會議員 | Dragoon17cc
2026-10-06 04:37:34,368 [INFO] Sent -> Kategori:Türkiye'deki gurbetçi erkek futbolcular | İmmortalance
2026-10-06 04:37:34,479 [INFO] Sent -> Q37336890 | Cewbot
2026-10-06 04:37:34,588 [INFO] Sent -> Kategori:Türkiye'deki gurbetçi futbolcular | İmmortalance
2026-10-06 04:37:34,699 [INFO] Sent -> Nicolaus Handjery | Citation bot
2026-10-06 04:37:34,807 [INFO] Sent -> Q13541957 | Mrwdat3
2026-10-06 04:37:34,916 [INFO] Sent -> User:Screech1616/sandbox | Screech1616
2026-10-06 04:37:35,024 [INFO] Sent -> File:Singer Roadster 4AB (7153634125).jpg | Motacilla
2026-10-06 04:37:35,133 [INFO] Sent -> Q141657024 | Robbot
2026-10-06 04:37:35,242 [INFO] Sent -> Q21667578 | Rebot
2026-10-06 04:37:35,352 [INFO] Sent -> List of television series based on DC Comics publications | Cheezknight
2026-10-06 04:37:35,461 [INFO] Sent -> Kurs:Singularitätentheorie (Osnabrück 2026-2027)/Zweidimensionale Sphäre/Kählermodul/Lokal frei/Explizit/Aufgabe/Aufgabereferenznummer | Arbota
2026-10-06 04:37:35,571 [INFO] Sent -> アフマド・ユシフォフ | 帯ベスト
2026-10-06 04:37:35,681 [INFO] Sent -> Q37336929 | Cewbot
2026-10-06 04:37:35,791 [INFO] Sent -> Kategori:Türkiye'deki gurbetçi erkek futbolcular | İmmortalance
2026-10-06 04:37:35,898 [INFO] Sent -> Kategori:Türkiye'deki gurbetçi futbolcular | İmmortalance
2026-10-06 04:37:36,009 [INFO] Sent -> Chastellux-sur-Cure | Vikiçizer
2026-10-06 04:37:36,121 [INFO] Sent -> Q13565379 | Mrwdat3
2026-10-06 04:37:36,243 [INFO] Sent -> File:ISS074-E-573296 - View of South Africa.jpg | OptimusPrimeBot
2026-10-06 04:37:36,350 [INFO] Sent -> Ontario Reign | Triggerbit
2026-10-06 04:37:36,460 [INFO] Sent -> Kategorie:Kurs:Singularitätentheorie (Osnabrück 2026-2027)/Referenznummer | Arbota
2026-10-06 04:37:36,571 [INFO] Sent -> Draft:The Waiting Man | Abskiee
2026-10-06 04:37:36,680 [INFO] Sent -> Category:1952 Singer automobiles | Motacilla
2026-10-06 04:37:36,789 [INFO] Sent -> Category:ウィキデータにないJudoInside ID | 帯ベスト
2026-10-06 04:37:36,899 [INFO] Sent -> Category:Crimson automobiles | Motacilla
2026-10-06 04:37:37,008 [INFO] Sent -> Q116395702 | DERDAKI ILIAS
2026-10-06 04:37:37,116 [INFO] Sent -> Category:アゼルバイジャンの柔道家 | 帯ベスト
2026-10-06 04:37:37,224 [INFO] Sent -> Category:Events in Moray | Motacilla
2026-10-06 04:37:37,331 [INFO] Sent -> Category:1999年生 | 帯ベスト
2026-10-06 04:37:37,443 [INFO] Sent -> Category:Forres | Motacilla
2026-10-06 04:37:37,891 [INFO] Sent -> Category:存命人物 | 帯ベスト
2026-10-06 04:37:38,035 [INFO] Sent -> Category:May 2012 in Moray | Motacilla
2026-10-06 04:37:38,192 [INFO] Sent -> Category:Singer automobiles in the United Kingdom | Motacilla
2026-10-06 04:37:38,317 [INFO] Sent -> Category:Three-quarter views of Singer automobiles | Motacilla
2026-10-06 04:37:38,454 [INFO] Sent -> Category:ISS photographs taken on 2026-05-03 | OptimusPrimeBot
2026-10-06 04:37:38,584 [INFO] Sent -> Category:Taken on missing SDC inception | OptimusPrimeBot
2026-10-06 04:37:38,738 [INFO] Sent -> Category:Images from the Earth Science and Remote Sensing Unit, Lyndon B. Johnson Space Center | OptimusPrimeBot
2026-10-06 04:37:38,927 [INFO] Sent -> Category:Pages with local object coordinates and missing SDC coordinates | OptimusPrimeBot
2026-10-06 04:37:39,121 [INFO] Sent -> Category:Files with coordinates missing SDC location of creation | OptimusPrimeBot
2026-10-06 04:37:39,444 [INFO] Sent -> Category:PD NASA | OptimusPrimeBot
2026-10-06 04:37:39,742 [INFO] Sent -> Petra Felke | Frank63
2026-10-06 04:37:39,971 [INFO] Sent -> Category:PD-USGov missing SDC copyright status | OptimusPrimeBot
2026-10-06 04:37:40,107 [INFO] Sent -> File:Djiny ádu Tovarystva Jeíova a pusobení jeho vubec a v zemích království eseho zvlát (IA djinydutovarys00bl).pdf | Fæ
2026-10-06 04:37:40,267 [INFO] Sent -> Q141657021 | Merci Kahubangwa
2026-10-06 04:37:40,404 [INFO] Sent -> Category:ISS Expedition 74 Crew Earth Observations (dump) | OptimusPrimeBot
2026-10-06 04:37:40,565 [INFO] Sent -> Q10593075 | Mrwdat3
2026-10-06 04:37:40,691 [INFO] Sent -> Category:NASA GAPE files uploaded by OptimusPrimeBot | OptimusPrimeBot
2026-10-06 04:37:40,843 [INFO] Sent -> Category:Photos of South Africa by ISS Expedition 74 Crew Earth Observations | OptimusPrimeBot
2026-10-06 04:37:40,970 [INFO] Sent -> Category:Taken with Nikon Z 9 | OptimusPrimeBot
2026-10-06 04:37:41,125 [INFO] Sent -> Q141657024 | Robbot
2026-10-06 04:37:41,248 [INFO] Sent -> Category:Scans from the Internet Archive | Fæ
2026-10-06 04:37:41,376 [INFO] Sent -> File:Fontaine Charlemagne - Aix-la-Chapelle (DEA2) - 2026-09-27 - 4.jpg | Chabe01
2026-10-06 04:37:41,503 [INFO] Sent -> שחר נבו | ~2026-53894-97
2026-10-06 04:37:41,619 [INFO] Sent -> Q109740552 | Namoroka
2026-10-06 04:37:41,726 [INFO] Sent -> Category:Scans from the Internet Archive/unverified | Fæ
2026-10-06 04:37:41,835 [INFO] Sent -> Draft:National Commission for Biotechnology (Syria) | Moroluk
2026-10-06 04:37:41,944 [INFO] Sent -> Category:PD-old missing SDC copyright status | Fæ
2026-10-06 04:37:42,055 [INFO] Sent -> Category:CC-PD-Mark | Fæ
2026-10-06 04:37:42,165 [INFO] Sent -> Q14425649 | Mrwdat3
2026-10-06 04:37:42,280 [INFO] Sent -> Category:PD-old-100-expired | Fæ
2026-10-06 04:37:42,398 [INFO] Sent -> Category:Scans from University of Toronto | Fæ
2026-10-06 04:37:42,506 [INFO] Sent -> File:Bible. A.T. Pentateuque-Hapṭarah-Megillôt (hébreu) - btv1b10549397c (179 of 639).jpg | Gzen92Bot
2026-10-06 04:37:42,616 [INFO] Sent -> Category:IA uploads needing categories | Fæ
2026-10-06 04:37:42,725 [INFO] Sent -> Category:Books uploaded by Fæ | Fæ
2026-10-06 04:37:42,834 [INFO] Sent -> Template:2026年中超分类名单上海海港 | Comrade John
2026-10-06 04:37:42,945 [INFO] Sent -> Q141657028 | Rohini
2026-10-06 04:37:43,055 [INFO] Sent -> Category:Pages with local camera coordinates and missing SDC coordinates | Chabe01
2026-10-06 04:37:43,171 [INFO] Sent -> Q537972 | HanTsî
2026-10-06 04:37:43,291 [INFO] Sent -> Category:Files with coordinates missing SDC location of creation (50° N, 6° E) | Chabe01
2026-10-06 04:37:43,400 [INFO] Sent -> Category:Creative Commons Attribution-Share Alike missing SDC copyright status | Chabe01
2026-10-06 04:37:43,508 [INFO] Sent -> Category:CC-BY-SA-4.0 | Chabe01
2026-10-06 04:37:43,617 [INFO] Sent -> Category:Creative Commons Attribution-Share Alike 4.0 missing SDC copyright license | Chabe01
2026-10-06 04:37:43,725 [INFO] Sent -> Category:Self-published work | Chabe01
2026-10-06 04:37:43,834 [INFO] Sent -> Category:Self-published work missing SDC copyright license | Chabe01
2026-10-06 04:37:43,942 [INFO] Sent -> Category:Artworks without Wikidata item | Gzen92Bot
2026-10-06 04:37:44,050 [INFO] Sent -> Category:Aachen | Chabe01
2026-10-06 04:37:44,160 [INFO] Sent -> Category:PD France | Gzen92Bot
2026-10-06 04:37:44,267 [INFO] Sent -> Category:September 2026 in Aachen | Chabe01
2026-10-06 04:37:44,377 [INFO] Sent -> Q14602668 | Mrwdat3
2026-10-06 04:37:44,486 [INFO] Sent -> Category:Manuscripts from Gallica (Bibliothèque nationale de France) uploaded by Gzen92Bot | Gzen92Bot
2026-10-06 04:37:44,594 [INFO] Progress: 4600 sent, 0 skipped.
2026-10-06 04:37:44,702 [INFO] Sent -> Category:Bible. A.T. Pentateuque-Hapṭarah-Megillôt (hébreu) - btv1b10549397c | Gzen92Bot
2026-10-06 04:37:44,813 [INFO] Sent -> Category:North Rhine-Westphalia photographs taken on 2026-09-27 | Chabe01
2026-10-06 04:37:44,922 [INFO] Sent -> Q141657028 | Rohini
2026-10-06 04:37:45,031 [INFO] Sent -> Category:Files with no machine-readable author | Gzen92Bot
2026-10-06 04:37:45,140 [INFO] Sent -> Category:Images by Chabe01 taken with iPhone 16 Pro | Chabe01
2026-10-06 04:37:45,250 [INFO] Sent -> Michael Olise | JoKaene
2026-10-06 04:37:45,360 [INFO] Sent -> rastxwendinekê | JiyanBot
2026-10-06 04:37:45,469 [INFO] Sent -> Rosanne Mulholland | InternetArchiveBot
2026-10-06 04:37:45,580 [INFO] Sent -> File:Fontaine Charlemagne - Aix-la-Chapelle (DEA2) - 2026-09-27 - 4.jpg | Chabe01
2026-10-06 04:37:45,686 [INFO] Sent -> File:Mapillary (federicodebetto) 2025-01-10 11H41M12S000 (717601550702420 at QuYWrd4Tmiw73Ja51pHlvf) taken with Insta360 Insta360 Titan.jpg | SchlurcherBot
2026-10-06 04:37:45,795 [INFO] Sent -> Q141657024 | Robbot
2026-10-06 04:37:45,903 [INFO] Sent -> Category:有蓝链却未移除内部链接助手模板的页面 | Comrade John
2026-10-06 04:37:46,014 [INFO] Sent -> Q141657028 | Rohini
2026-10-06 04:37:46,132 [INFO] Sent -> テンカジョウ | 上島さくら
2026-10-06 04:37:46,249 [INFO] Sent -> Q124687466 | Mrwdat3
2026-10-06 04:37:46,387 [INFO] Sent -> Module:Citation/CS1/Configuration/sandbox | Daask
2026-10-06 04:37:46,512 [INFO] Sent -> User:日期20220626/賽季 | 日期20220626
2026-10-06 04:37:46,635 [INFO] Sent -> Lexeme:L1742990 | Oung ring
2026-10-06 04:37:46,759 [INFO] Sent -> Category:Pending AfC submissions | Moroluk
2026-10-06 04:37:46,883 [INFO] Sent -> Category:AfC pending submissions by age/0 days ago | Moroluk
2026-10-06 04:37:47,006 [INFO] Sent -> Category:AfC submissions by date/06 October 2026 | Moroluk
2026-10-06 04:37:47,113 [INFO] Sent -> Category:Draft articles about STEM | Moroluk
2026-10-06 04:37:47,222 [INFO] Sent -> Q141657028 | Rohini
2026-10-06 04:37:47,333 [INFO] Sent -> सींग | Tc14Hd
2026-10-06 04:37:47,441 [INFO] Sent -> File:NOUVEAU D'HOZIER. Combe-Contaud. - btv1b10083547v (299 of 407).jpg | Gzen92Bot
2026-10-06 04:37:47,552 [INFO] Sent -> Q116395703 | DERDAKI ILIAS
2026-10-06 04:37:47,662 [INFO] Sent -> Projet:Suisse/Articles récents | OrlodrimBot
2026-10-06 04:37:47,772 [INFO] Sent -> Q13920607 | Mrwdat3
2026-10-06 04:37:47,881 [INFO] Sent -> File:Cerro Gorria desde el soto.jpg | Xemenendura
2026-10-06 04:37:47,991 [INFO] Sent -> Myanmar at the Asian Games | LuigiMcpe4549
2026-10-06 04:37:48,101 [INFO] Sent -> Jesús Mariñas | SchlurcherBot
2026-10-06 04:37:48,208 [INFO] Sent -> File:PHM 1821 Cherkaske.jpg | Hinnerk11
2026-10-06 04:37:48,316 [INFO] Sent -> Q16606791 | Kristbaumbot
2026-10-06 04:37:48,426 [INFO] Sent -> Category:Artworks without Wikidata item | Gzen92Bot
2026-10-06 04:37:48,543 [INFO] Sent -> Category:PD France | Gzen92Bot
2026-10-06 04:37:48,658 [INFO] Sent -> Categoria:!Artigos com ligações inativas | InternetArchiveBot
2026-10-06 04:37:48,769 [INFO] Sent -> Category:Creative Commons Attribution missing SDC copyright status | Xemenendura
2026-10-06 04:37:48,890 [INFO] Sent -> Atiba Hutchinson | İmmortalance
2026-10-06 04:37:48,999 [INFO] Sent -> Category:PD US expired | Gzen92Bot
2026-10-06 04:37:49,108 [INFO] Sent -> Category:CC-BY-4.0 | Xemenendura
2026-10-06 04:37:49,219 [INFO] Sent -> Q141657024 | Robbot
2026-10-06 04:37:49,328 [INFO] Sent -> Category:PD-US missing SDC copyright status | Gzen92Bot
2026-10-06 04:37:49,436 [INFO] Sent -> Category:Creative Commons Attribution 4.0 missing SDC copyright license | Xemenendura
2026-10-06 04:37:49,549 [INFO] Sent -> Category:PD-old missing SDC copyright status | Gzen92Bot
2026-10-06 04:37:49,675 [INFO] Sent -> Category:CC-PD-Mark | Gzen92Bot
2026-10-06 04:37:49,798 [INFO] Sent -> Category:Self-published work | Xemenendura
2026-10-06 04:37:49,911 [INFO] Sent -> 4月26日 | KENGOOOOO
2026-10-06 04:37:50,019 [INFO] Sent -> Category:PD Old (assumed) | Gzen92Bot
2026-10-06 04:37:50,130 [INFO] Sent -> Category:Self-published work missing SDC copyright license | Xemenendura
2026-10-06 04:37:50,239 [INFO] Sent -> Category:Cerro de Gorría | Xemenendura
2026-10-06 04:37:50,350 [INFO] Sent -> Category:Manuscripts from Gallica (Bibliothèque nationale de France) uploaded by Gzen92Bot | Gzen92Bot
2026-10-06 04:37:50,460 [INFO] Sent -> Category:NOUVEAU D'HOZIER. Combe-Contaud. - btv1b10083547v | Gzen92Bot
2026-10-06 04:37:50,569 [INFO] Sent -> Category:Files with no machine-readable author | Gzen92Bot
2026-10-06 04:37:50,680 [INFO] Sent -> Q2930490 | Mrwdat3
2026-10-06 04:37:50,787 [INFO] Sent -> Mar Tetis | Miguelferig
2026-10-06 04:37:50,896 [INFO] Sent -> Deuce 7 | Bñiñdo
2026-10-06 04:37:51,005 [INFO] Sent -> Châtel-Censoir | Vikiçizer
2026-10-06 04:37:51,113 [INFO] Sent -> పుట:ప్రతాపరుద్రీయమ్ (విద్యానాథ).pdf/355 | దేవీప్రసాదశాస్త్రి
2026-10-06 04:37:51,223 [INFO] Sent -> Category:Maps of Dnipropetrovsk Oblast | Hinnerk11
2026-10-06 04:37:51,332 [INFO] Sent -> Category:Unidentified maps | Hinnerk11
2026-10-06 04:37:51,441 [INFO] Sent -> Lincoln City F.C. | KarimZ45
2026-10-06 04:37:51,553 [INFO] Sent -> Ο ελαφοκυνηγός | Fotis A.
2026-10-06 04:37:51,661 [INFO] Sent -> Category:Hindi terms derived from the Proto-Indo-European root *ḱerh₂- (head) | Tc14Hd
2026-10-06 04:37:51,770 [INFO] Sent -> Category:Hindi terms derived from the Proto-Indo-European root *ḱerh₂- | Tc14Hd
2026-10-06 04:37:51,876 [INFO] Sent -> File:S. Hieronymus - btv1b52504546z (413 of 620).jpg | Gzen92Bot
2026-10-06 04:37:51,988 [INFO] Sent -> Q116395704 | DERDAKI ILIAS
2026-10-06 04:37:52,095 [INFO] Sent -> Q124555171 | Mrwdat3
2026-10-06 04:37:52,203 [INFO] Sent -> Habib Fofana | Madhon335
2026-10-06 04:37:52,312 [INFO] Sent -> వర్గం:అచ్చుదిద్దబడని | దేవీప్రసాదశాస్త్రి
2026-10-06 04:37:52,421 [INFO] Sent -> Category:London in the 1140s | Militum professio scriniarii
2026-10-06 04:37:52,553 [INFO] Sent -> Category:Artworks without Wikidata item | Gzen92Bot
2026-10-06 04:37:52,679 [INFO] Sent -> Category:PD France | Gzen92Bot
2026-10-06 04:37:52,932 [INFO] Sent -> Category:PD US expired | Gzen92Bot
2026-10-06 04:37:53,062 [INFO] Sent -> Rosara Joseph | InternetArchiveBot
2026-10-06 04:37:53,188 [INFO] Sent -> Category:PD-US missing SDC copyright status | Gzen92Bot
2026-10-06 04:37:53,316 [INFO] Sent -> Category:PD-old missing SDC copyright status | Gzen92Bot
2026-10-06 04:37:53,434 [INFO] Sent -> User talk:日期20220626/賽季 | 日期20220626
2026-10-06 04:37:53,560 [INFO] Sent -> File:Cerro Gorria desde el soto.jpg | Xemenendura
2026-10-06 04:37:53,681 [INFO] Sent -> Category:CC-PD-Mark | Gzen92Bot
2026-10-06 04:37:53,787 [INFO] Sent -> File:Fontaine Vinzenz - Aix-la-Chapelle (DEA2) - 2026-09-27 - 1.jpg | Chabe01
2026-10-06 04:37:53,899 [INFO] Sent -> Category:PD Old (assumed) | Gzen92Bot
2026-10-06 04:37:54,006 [INFO] Sent -> Category:Manuscripts from Gallica (Bibliothèque nationale de France) uploaded by Gzen92Bot | Gzen92Bot
2026-10-06 04:37:54,116 [INFO] Sent -> Category:S. Hieronymus - btv1b52504546z | Gzen92Bot
2026-10-06 04:37:54,224 [INFO] Sent -> Qviding FIF | ~2026-53605-65
2026-10-06 04:37:54,333 [INFO] Sent -> Q141657024 | Robbot
2026-10-06 04:37:54,443 [INFO] Sent -> Q14901237 | Mrwdat3
2026-10-06 04:37:54,553 [INFO] Sent -> Anexo:Ganadores del Premio Nobel de Física | Jorgebeo
2026-10-06 04:37:54,660 [INFO] Sent -> File:ISS074-E-573297 - View of South Africa.jpg | OptimusPrimeBot
2026-10-06 04:37:54,770 [INFO] Sent -> Q141657028 | Rohini
2026-10-06 04:37:54,880 [INFO] Sent -> பக்கம்:சமயச் சொல்லகராதி.pdf/366 | SENTHAMIZHSELVI A
2026-10-06 04:37:54,989 [INFO] Sent -> Category:Pages with local camera coordinates and missing SDC coordinates | Chabe01
2026-10-06 04:37:55,097 [INFO] Sent -> Category:Files with coordinates missing SDC location of creation (50° N, 6° E) | Chabe01
2026-10-06 04:37:55,206 [INFO] Sent -> Category:Creative Commons Attribution-Share Alike missing SDC copyright status | Chabe01
2026-10-06 04:37:55,316 [INFO] Sent -> Category:CC-BY-SA-4.0 | Chabe01
2026-10-06 04:37:55,425 [INFO] Sent -> Category:Creative Commons Attribution-Share Alike 4.0 missing SDC copyright license | Chabe01
2026-10-06 04:37:55,538 [INFO] Sent -> Category:Self-published work | Chabe01
2026-10-06 04:37:55,657 [INFO] Sent -> Category:ISS photographs taken on 2026-05-03 | OptimusPrimeBot
2026-10-06 04:37:55,765 [INFO] Sent -> Category:Self-published work missing SDC copyright license | Chabe01
2026-10-06 04:37:55,874 [INFO] Sent -> Q141657028 | Rohini
2026-10-06 04:37:55,983 [INFO] Progress: 4700 sent, 0 skipped.
2026-10-06 04:37:56,091 [INFO] Sent -> Category:Aachen | Chabe01
2026-10-06 04:37:56,200 [INFO] Sent -> Q116395705 | DERDAKI ILIAS
2026-10-06 04:37:56,311 [INFO] Sent -> Category:Images from the Earth Science and Remote Sensing Unit, Lyndon B. Johnson Space Center | OptimusPrimeBot
2026-10-06 04:37:56,421 [INFO] Sent -> Category:September 2026 in Aachen | Chabe01
2026-10-06 04:37:56,528 [INFO] Sent -> Q141656989 | Elsy EL IRANY
2026-10-06 04:37:56,636 [INFO] Sent -> Category:Pages with local object coordinates and missing SDC coordinates | OptimusPrimeBot
2026-10-06 04:37:56,745 [INFO] Sent -> Category:Images of Aachen by Chabe01 | Chabe01
2026-10-06 04:37:56,854 [INFO] Sent -> Category:Files with coordinates missing SDC location of creation | OptimusPrimeBot
2026-10-06 04:37:56,962 [INFO] Sent -> Категория:Села в околия Бунархисар | PowerBUL
2026-10-06 04:37:57,070 [INFO] Sent -> Category:North Rhine-Westphalia photographs taken on 2026-09-27 | Chabe01
2026-10-06 04:37:57,179 [INFO] Sent -> Q130286710 | Gbawden
2026-10-06 04:37:57,288 [INFO] Sent -> Category:PD NASA | OptimusPrimeBot
2026-10-06 04:37:57,400 [INFO] Sent -> Category:Images by Chabe01 taken with iPhone 16 Pro | Chabe01
2026-10-06 04:37:57,509 [INFO] Sent -> Category:PD-USGov missing SDC copyright status | OptimusPrimeBot
2026-10-06 04:37:57,619 [INFO] Sent -> Q14882386 | Mrwdat3
2026-10-06 04:37:57,730 [INFO] Sent -> Category:ISS Expedition 74 Crew Earth Observations (dump) | OptimusPrimeBot
2026-10-06 04:37:57,839 [INFO] Sent -> Q27190026 | Nabbot
2026-10-06 04:37:57,950 [INFO] Sent -> Category:NASA GAPE files uploaded by OptimusPrimeBot | OptimusPrimeBot
2026-10-06 04:37:58,058 [INFO] Sent -> Q141656989 | Elsy EL IRANY
2026-10-06 04:37:58,170 [INFO] Sent -> பகுப்பு:மெய்ப்பு பார்க்கப்படாதவை | SENTHAMIZHSELVI A
2026-10-06 04:37:58,278 [INFO] Sent -> Category:Photos of South Africa by ISS Expedition 74 Crew Earth Observations | OptimusPrimeBot
2026-10-06 04:37:58,389 [INFO] Sent -> Category:Taken with Nikon Z 9 | OptimusPrimeBot
2026-10-06 04:37:58,702 [INFO] Sent -> Night Tide | Phzh
2026-10-06 04:37:58,818 [INFO] Sent -> Caner Cindoruk | PERLA.NEGRA
2026-10-06 04:37:58,928 [INFO] Sent -> Categoria:!Artigos com ligações inativas | InternetArchiveBot
2026-10-06 04:37:59,049 [INFO] Sent -> Q141647136 | Salgo60
2026-10-06 04:37:59,159 [INFO] Sent -> Q141657020 | Ebi4real
2026-10-06 04:37:59,269 [INFO] Sent -> File:Fontaine Vinzenz - Aix-la-Chapelle (DEA2) - 2026-09-27 - 1.jpg | Chabe01
2026-10-06 04:37:59,380 [INFO] Sent -> Category:Noindexed pages | Militum professio scriniarii
2026-10-06 04:37:59,489 [INFO] Sent -> Category:Other speedy deletions | Militum professio scriniarii
2026-10-06 04:37:59,599 [INFO] Sent -> Q141657028 | Rohini
2026-10-06 04:37:59,707 [INFO] Sent -> Clara H. Hasse | ListeriaBot
2026-10-06 04:37:59,814 [INFO] Sent -> File:ISS074-E-573296 - View of South Africa.jpg | OptimusPrimeBot
2026-10-06 04:37:59,922 [INFO] Sent -> Κατηγορία:Ταινίες γυρισμένες στο Κλίβελαντ | Fotis A.
2026-10-06 04:38:00,032 [INFO] Sent -> Q116395706 | DERDAKI ILIAS
2026-10-06 04:38:00,142 [INFO] Sent -> Q141657024 | Robbot
2026-10-06 04:38:00,251 [INFO] Sent -> אולימפיאדת סוצ'י (2014) | דוד55
2026-10-06 04:38:00,363 [INFO] Sent -> Azione sociale | Fraenc
2026-10-06 04:38:00,472 [INFO] Sent -> Kategori:Türkiye'deki gurbetçi erkek futbolcular | İmmortalance
2026-10-06 04:38:00,580 [INFO] Sent -> Kategori:Türkiye'deki gurbetçi futbolcular | İmmortalance
2026-10-06 04:38:00,687 [INFO] Sent -> Q14859251 | Mrwdat3
2026-10-06 04:38:00,798 [INFO] Sent -> Macbeth | Piwiki314
2026-10-06 04:38:00,906 [INFO] Sent -> błyskawica | Altobot
2026-10-06 04:38:01,014 [INFO] Sent -> Q141657028 | Rohini
2026-10-06 04:38:01,124 [INFO] Sent -> File:Tian zhu sheng jiao ri ke. - btv1b90069149 (119 of 235).jpg | Gzen92Bot
2026-10-06 04:38:01,231 [INFO] Sent -> Q116395708 | DERDAKI ILIAS
2026-10-06 04:38:01,340 [INFO] Sent -> Q141610937 | Neo-Jay
2026-10-06 04:38:01,445 [INFO] Sent -> Q14541666 | Mrwdat3
2026-10-06 04:38:01,555 [INFO] Sent -> Q37336929 | Cewbot
2026-10-06 04:38:01,664 [INFO] Sent -> Virgilio Savona | CheckWikiBOT
2026-10-06 04:38:01,772 [INFO] Sent -> Noah's Arc: The Movie | Bohemian Baltimore
2026-10-06 04:38:01,883 [INFO] Sent -> Q141657028 | Rohini
2026-10-06 04:38:01,993 [INFO] Sent -> Category:Artworks without Wikidata item | Gzen92Bot
2026-10-06 04:38:02,103 [INFO] Sent -> Category:PD France | Gzen92Bot
2026-10-06 04:38:02,214 [INFO] Sent -> 분류:폴란드어 명사 | Altobot
2026-10-06 04:38:02,322 [INFO] Sent -> Category:Manuscripts from Gallica (Bibliothèque nationale de France) uploaded by Gzen92Bot | Gzen92Bot
2026-10-06 04:38:02,433 [INFO] Sent -> Category:Tian zhu sheng jiao ri ke. - btv1b90069149 | Gzen92Bot
2026-10-06 04:38:02,540 [INFO] Sent -> Category:Files with no machine-readable author | Gzen92Bot
2026-10-06 04:38:02,649 [INFO] Sent -> File:La Conquête de la Terre sainte (par GUILLAUME DE TYR), avec la continuation. - btv1b9058986s (017 of 271).jpg | Gzen92Bot
2026-10-06 04:38:02,757 [INFO] Sent -> Q116395709 | DERDAKI ILIAS
2026-10-06 04:38:02,865 [INFO] Sent -> Q13358482 | Mrwdat3
2026-10-06 04:38:02,974 [INFO] Sent -> Q141657024 | Robbot
2026-10-06 04:38:03,082 [INFO] Sent -> Q55674315 | DnaX
2026-10-06 04:38:03,192 [INFO] Sent -> Some Kind of Monster (фильм) | ~2026-53567-03
2026-10-06 04:38:03,301 [INFO] Sent -> മണവാളൻ | Wikkiaccountt
2026-10-06 04:38:03,410 [INFO] Sent -> Q7133622 | MsynBot
2026-10-06 04:38:03,520 [INFO] Sent -> Category:Artworks without Wikidata item | Gzen92Bot
2026-10-06 04:38:03,630 [INFO] Sent -> Category:PD France | Gzen92Bot
2026-10-06 04:38:03,741 [INFO] Sent -> Sabin Ilie | İmmortalance
2026-10-06 04:38:03,849 [INFO] Sent -> Category:PD US expired | Gzen92Bot
2026-10-06 04:38:03,957 [INFO] Sent -> Category:PD-US missing SDC copyright status | Gzen92Bot
2026-10-06 04:38:04,067 [INFO] Sent -> Category:PD-old missing SDC copyright status | Gzen92Bot
2026-10-06 04:38:04,176 [INFO] Sent -> Category:CC-PD-Mark | Gzen92Bot
2026-10-06 04:38:04,286 [INFO] Sent -> Category:PD Old (assumed) | Gzen92Bot
2026-10-06 04:38:04,393 [INFO] Sent -> Category:Manuscripts from Gallica (Bibliothèque nationale de France) uploaded by Gzen92Bot | Gzen92Bot
2026-10-06 04:38:04,503 [INFO] Sent -> SN 1006 | 東京日向坂
2026-10-06 04:38:04,615 [INFO] Sent -> Desperado (film) | Langue et poésie
2026-10-06 04:38:04,725 [INFO] Sent -> Category:La Conquête de la Terre sainte (par GUILLAUME DE TYR), avec la continuation. - btv1b9058986s | Gzen92Bot
2026-10-06 04:38:04,835 [INFO] Sent -> Q116395710 | DERDAKI ILIAS
2026-10-06 04:38:04,946 [INFO] Sent -> Category:Files with no machine-readable author | Gzen92Bot
2026-10-06 04:38:05,055 [INFO] Sent -> Fyzika | Vlakovod
2026-10-06 04:38:05,165 [INFO] Sent -> Category:Gay-related romantic comedy-drama films | Bohemian Baltimore
2026-10-06 04:38:05,276 [INFO] Sent -> Category:LGBTQ-related romantic comedy-drama films | Bohemian Baltimore
2026-10-06 04:38:05,410 [INFO] Sent -> File:"(...) 1er manuscrit" Duo pour hautbois et basson et piano sur des thèmes de Sémiramide de Rossini. Par G. Vogt (manuscrit autographe) - btv1b108643437 (01 of 16).jpg | NguoiDungKhongDinhDanh
2026-10-06 04:38:05,632 [INFO] Sent -> Discussion Projet:Communes de France | Jean-Christophe BENOIST
2026-10-06 04:38:05,741 [INFO] Sent -> Dyskusja wikipedysty:Adam-1935 | Adam-1935
2026-10-06 04:38:05,850 [INFO] Sent -> Q56633378 | Hitsuji777
2026-10-06 04:38:05,961 [INFO] Sent -> Q13936178 | Mrwdat3
2026-10-06 04:38:06,073 [INFO] Sent -> File:Hôtel Ville - Aix-la-Chapelle (DEA2) - 2026-09-27 - 1.jpg | Chabe01
2026-10-06 04:38:06,183 [INFO] Sent -> Wikipedia:Richieste agli amministratori/Richieste correnti | Ashoppio
2026-10-06 04:38:06,293 [INFO] Sent -> Q97546832 | MsynBot
2026-10-06 04:38:06,403 [INFO] Sent -> Q106689138 | Hannolans
2026-10-06 04:38:06,511 [INFO] Sent -> Q116395711 | DERDAKI ILIAS
2026-10-06 04:38:06,622 [INFO] Sent -> File:ISS074-E-573298 - View of South Africa.jpg | OptimusPrimeBot
2026-10-06 04:38:06,743 [INFO] Sent -> Q37336949 | Cewbot
2026-10-06 04:38:06,854 [INFO] Sent -> Q141657024 | Robbot
2026-10-06 04:38:06,962 [INFO] Sent -> Q106689138 | Hannolans
2026-10-06 04:38:07,071 [INFO] Sent -> Category:Pages with local camera coordinates and missing SDC coordinates | Chabe01
2026-10-06 04:38:07,179 [INFO] Sent -> Jes Høgh | İmmortalance
2026-10-06 04:38:07,288 [INFO] Progress: 4800 sent, 0 skipped.
2026-10-06 04:38:07,397 [INFO] Sent -> Kategori:Türkiye'deki gurbetçi erkek futbolcular | İmmortalance
2026-10-06 04:38:07,513 [INFO] Sent -> Category:Creative Commons Attribution-Share Alike missing SDC copyright status | Chabe01
2026-10-06 04:38:08,060 [INFO] Sent -> Kategori:Türkiye'deki gurbetçi futbolcular | İmmortalance
2026-10-06 04:38:08,209 [INFO] Sent -> File:Triple Trawler Tragedy - geograph.org.uk - 7158700.jpg | Hullian111
2026-10-06 04:38:08,360 [INFO] Sent -> Category:CC-BY-SA-4.0 | Chabe01
2026-10-06 04:38:08,548 [INFO] Sent -> User talk:~2026-53484-83 | Waxworker
2026-10-06 04:38:08,720 [INFO] Sent -> Q141657028 | Rohini
2026-10-06 04:38:08,893 [INFO] Sent -> Category:Creative Commons Attribution-Share Alike 4.0 missing SDC copyright license | Chabe01
2026-10-06 04:38:09,026 [INFO] Sent -> Category:Self-published work | Chabe01
2026-10-06 04:38:09,154 [INFO] Sent -> Category:CS1メンテナンス: 曖昧な日付のフォーマット | 東京日向坂
2026-10-06 04:38:09,376 [INFO] Sent -> Category:Self-published work missing SDC copyright license | Chabe01
2026-10-06 04:38:09,540 [INFO] Sent -> Category:Aachen | Chabe01
2026-10-06 04:38:09,665 [INFO] Sent -> Category:September 2026 in Aachen | Chabe01
2026-10-06 04:38:09,819 [INFO] Sent -> Batuhan Altıntaş (futbolcu) | Vikiçizer
2026-10-06 04:38:09,941 [INFO] Sent -> Category:Images of Aachen by Chabe01 | Chabe01
2026-10-06 04:38:10,061 [INFO] Sent -> Category:ISS photographs taken on 2026-05-03 | OptimusPrimeBot
2026-10-06 04:38:10,168 [INFO] Sent -> Q10427137 | Mrwdat3
2026-10-06 04:38:10,291 [INFO] Sent -> Category:North Rhine-Westphalia photographs taken on 2026-09-27 | Chabe01
2026-10-06 04:38:10,399 [INFO] Sent -> Category:Taken on missing SDC inception | OptimusPrimeBot
2026-10-06 04:38:10,508 [INFO] Sent -> Category:Images by Chabe01 taken with iPhone 16 Pro | Chabe01
2026-10-06 04:38:10,616 [INFO] Sent -> Category:Images from the Earth Science and Remote Sensing Unit, Lyndon B. Johnson Space Center | OptimusPrimeBot
2026-10-06 04:38:10,728 [INFO] Sent -> Q56633378 | Hitsuji777
2026-10-06 04:38:10,838 [INFO] Sent -> Category:Pages with local object coordinates and missing SDC coordinates | OptimusPrimeBot
2026-10-06 04:38:10,957 [INFO] Sent -> Category:Files with coordinates missing SDC location of creation | OptimusPrimeBot
2026-10-06 04:38:11,067 [INFO] Sent -> Category:PD NASA | OptimusPrimeBot
2026-10-06 04:38:11,175 [INFO] Sent -> Q116395712 | DERDAKI ILIAS
2026-10-06 04:38:11,287 [INFO] Sent -> Category:PD-USGov missing SDC copyright status | OptimusPrimeBot
2026-10-06 04:38:11,396 [INFO] Sent -> Category:ISS Expedition 74 Crew Earth Observations (dump) | OptimusPrimeBot
2026-10-06 04:38:11,506 [INFO] Sent -> Category:NASA GAPE files uploaded by OptimusPrimeBot | OptimusPrimeBot
2026-10-06 04:38:11,615 [INFO] Sent -> Ibrahim Ba | İmmortalance
2026-10-06 04:38:11,724 [INFO] Sent -> Kemal Akbaba | Vikiçizer
2026-10-06 04:38:11,830 [INFO] Sent -> Category:Photos of South Africa by ISS Expedition 74 Crew Earth Observations | OptimusPrimeBot
2026-10-06 04:38:11,940 [INFO] Sent -> tnejn u sittin | Bot-Jagwar
2026-10-06 04:38:12,047 [INFO] Sent -> Category:Taken with Nikon Z 9 | OptimusPrimeBot
2026-10-06 04:38:12,157 [INFO] Sent -> Can Arat | Vikiçizer
2026-10-06 04:38:12,266 [INFO] Sent -> File:ISS074-E-573297 - View of South Africa.jpg | OptimusPrimeBot
2026-10-06 04:38:12,375 [INFO] Sent -> Category:Monuments and memorials in Kingston upon Hull | Hullian111
2026-10-06 04:38:12,484 [INFO] Sent -> Q7989224 | Mrwdat3
2026-10-06 04:38:12,595 [INFO] Sent -> ထာမ်ပလိက်:W. Somerset Maugham quotation templates/documentation | Intobesa.bot
2026-10-06 04:38:12,704 [INFO] Sent -> Template:PRC admin/data/11/01/13/003/204 | Hamish-bot
2026-10-06 04:38:12,813 [INFO] Sent -> File:Hôtel Ville - Aix-la-Chapelle (DEA2) - 2026-09-27 - 1.jpg | Chabe01
2026-10-06 04:38:12,923 [INFO] Sent -> Sokajy:maltey | Bot-Jagwar
2026-10-06 04:38:13,034 [INFO] Sent -> Sokajy:Isa amin'ny teny maltey | Bot-Jagwar
2026-10-06 04:38:13,141 [INFO] Sent -> יעקב חץ | שעה טובה
2026-10-06 04:38:13,250 [INFO] Sent -> Sokajy:Pejy avy any amin'ny wikibolana anglisy | Bot-Jagwar
2026-10-06 04:38:13,359 [INFO] Sent -> Q116395713 | DERDAKI ILIAS
2026-10-06 04:38:13,537 [INFO] Sent -> Wikipedia talk:WikiProject Accessibility | Bsherr
2026-10-06 04:38:13,692 [INFO] Sent -> Kadir Akbulut | Vikiçizer
2026-10-06 04:38:13,822 [INFO] Sent -> ကဏ္ဍ:မုက်လိက်သောဲသောဲမဆေၚ်စပ်ကဵုလိက်စၟတ်သမ္တီမချူပတိုန်လဝ်မဇ္ဇျဟ်ထောံဂမၠိုၚ် | Intobesa.bot
2026-10-06 04:38:13,931 [INFO] Sent -> Δασικές πυρκαγιές στην Ελλάδα το 2026 | ~2026-52049-94
2026-10-06 04:38:14,040 [INFO] Sent -> Q7532670 | MsynBot
2026-10-06 04:38:14,151 [INFO] Sent -> Q141657027 | ~2026-53724-10
2026-10-06 04:38:14,260 [INFO] Sent -> Kategori:Türkiye 21 yaş altı millî futbol takımı futbolcuları | Vikiçizer
2026-10-06 04:38:14,369 [INFO] Sent -> Talk:Battle of Kampot | Clarityfiend
2026-10-06 04:38:14,477 [INFO] Sent -> Q14082463 | Mrwdat3
2026-10-06 04:38:14,587 [INFO] Sent -> Kategori:Türkiye'deki gurbetçi erkek futbolcular | İmmortalance
2026-10-06 04:38:14,696 [INFO] Sent -> Kategori:Türkiye'deki gurbetçi futbolcular | İmmortalance
2026-10-06 04:38:14,806 [INFO] Sent -> File:Volkserzählungen und Schilderungen aus dem Berliner Volksleben. 3 (IA 10311910bsb).pdf | Fæ
2026-10-06 04:38:14,918 [INFO] Sent -> Kategori:Türkiye 21 yaş altı millî futbol takımı futbolcuları | Vikiçizer
2026-10-06 04:38:15,063 [INFO] Sent -> Iasmin Latovlevici | İmmortalance
2026-10-06 04:38:15,179 [INFO] Sent -> Kategori:Türkiye'deki gurbetçi erkek futbolcular | İmmortalance
2026-10-06 04:38:15,289 [INFO] Sent -> Kategori:Türkiye'deki gurbetçi futbolcular | İmmortalance
2026-10-06 04:38:15,396 [INFO] Sent -> Q141657028 | Rohini
2026-10-06 04:38:15,506 [INFO] Sent -> Usuario:ALEJA52/Taller | ALEJA52
2026-10-06 04:38:15,618 [INFO] Sent -> Q116395714 | DERDAKI ILIAS
2026-10-06 04:38:15,728 [INFO] Sent -> Category:因历史原因保留的已停用模板 | Hamish-bot
2026-10-06 04:38:15,837 [INFO] Sent -> Kategori:Türkiye 21 yaş altı millî futbol takımı futbolcuları | Vikiçizer
2026-10-06 04:38:15,946 [INFO] Sent -> Talk:Lake Ezerische | Red Winged Duck
2026-10-06 04:38:16,054 [INFO] Sent -> Category:Scans from the Internet Archive | Fæ
2026-10-06 04:38:16,165 [INFO] Sent -> Category:Scans from the Internet Archive/unverified | Fæ
2026-10-06 04:38:16,274 [INFO] Sent -> Category:PD-old missing SDC copyright status | Fæ
2026-10-06 04:38:16,385 [INFO] Sent -> Category:CC-PD-Mark | Fæ
2026-10-06 04:38:16,492 [INFO] Sent -> Category:PD-old-100-expired | Fæ
2026-10-06 04:38:16,602 [INFO] Sent -> Q2575741 | Mrwdat3
2026-10-06 04:38:16,712 [INFO] Sent -> Q141657028 | Rohini
2026-10-06 04:38:16,820 [INFO] Sent -> Category:German online libraries collection | Fæ
2026-10-06 04:38:16,931 [INFO] Sent -> Category:IA uploads needing categories | Fæ
2026-10-06 04:38:17,043 [INFO] Sent -> Category:Books uploaded by Fæ | Fæ
2026-10-06 04:38:17,153 [INFO] Sent -> Inti-Illimani | CheckWikiBOT
2026-10-06 04:38:17,264 [INFO] Sent -> Kategori:Türkiye 21 yaş altı millî futbol takımı futbolcuları | Vikiçizer
2026-10-06 04:38:17,371 [INFO] Sent -> Q116395715 | DERDAKI ILIAS
2026-10-06 04:38:17,481 [INFO] Sent -> Barış Alıcı | Vikiçizer
2026-10-06 04:38:17,593 [INFO] Sent -> Thomas Hoy (botanist) | Pwachleman
2026-10-06 04:38:17,701 [INFO] Sent -> Q141657028 | Rohini
2026-10-06 04:38:17,808 [INFO] Sent -> Q116390568 | DERDAKI ILIAS
2026-10-06 04:38:17,917 [INFO] Sent -> Lokiarchaeum ossiferum | Ernsts
2026-10-06 04:38:18,038 [INFO] Sent -> Metehan Altunbaş | Vikiçizer
2026-10-06 04:38:18,174 [INFO] Sent -> Kategori:Türkiye'deki gurbetçi erkek futbolcular | İmmortalance
2026-10-06 04:38:18,324 [INFO] Sent -> Kategori:Türkiye'deki gurbetçi futbolcular | İmmortalance
2026-10-06 04:38:18,432 [INFO] Sent -> Alcidion | Refai881
2026-10-06 04:38:18,543 [INFO] Sent -> Q2322395 | Mrwdat3
2026-10-06 04:38:18,663 [INFO] Sent -> Srđan Jovanović | Look Sharp!
2026-10-06 04:38:18,771 [INFO] Sent -> Erol Alkan (futbolcu) | Vikiçizer
2026-10-06 04:38:18,883 [INFO] Sent -> Gökhan Akkan | Vikiçizer
2026-10-06 04:38:19,002 [INFO] Sent -> Q116395717 | DERDAKI ILIAS
2026-10-06 04:38:19,111 [INFO] Sent -> Châtel-Gérard | Vikiçizer
2026-10-06 04:38:19,219 [INFO] Sent -> Q141657028 | Rohini
2026-10-06 04:38:19,329 [INFO] Sent -> Kategori:Türkiye 21 yaş altı millî futbol takımı futbolcuları | Vikiçizer
2026-10-06 04:38:19,438 [INFO] Sent -> Rosaria Ono | InternetArchiveBot
2026-10-06 04:38:19,547 [INFO] Progress: 4900 sent, 0 skipped.
2026-10-06 04:38:19,657 [INFO] Sent -> Pocisk | W2k2
2026-10-06 04:38:19,764 [INFO] Sent -> Q141657028 | Rohini
2026-10-06 04:38:19,873 [INFO] Sent -> Q14513750 | Mrwdat3
2026-10-06 04:38:19,983 [INFO] Sent -> Shōkaku | ~2026-48249-77
2026-10-06 04:38:20,094 [INFO] Sent -> Schalls | RaveDog
2026-10-06 04:38:20,204 [INFO] Sent -> Q116395718 | DERDAKI ILIAS
2026-10-06 04:38:20,312 [INFO] Sent -> Kategori:Türkiye 21 yaş altı millî futbol takımı futbolcuları | Vikiçizer
2026-10-06 04:38:20,423 [INFO] Sent -> Q21667582 | Rebot
2026-10-06 04:38:20,533 [INFO] Sent -> Kategori:Türkiye 21 yaş altı millî futbol takımı futbolcuları | Vikiçizer
2026-10-06 04:38:20,653 [INFO] Sent -> USS Entemedor | SmartyPants22
2026-10-06 04:38:20,765 [INFO] Sent -> Q7537491 | MsynBot
2026-10-06 04:38:20,875 [INFO] Sent -> Kategori:Türkiye 21 yaş altı millî futbol takımı futbolcuları | Vikiçizer
2026-10-06 04:38:20,986 [INFO] Sent -> Category:Start-Class Cambodia articles | Clarityfiend
2026-10-06 04:38:21,096 [INFO] Sent -> Category:Start-Class Vietnam articles | Clarityfiend
2026-10-06 04:38:21,206 [INFO] Sent -> Категория:Итальянский язык | Al Silonov
2026-10-06 04:38:21,316 [INFO] Sent -> Category:Stub-Class Cambodia articles | Clarityfiend
2026-10-06 04:38:21,424 [INFO] Sent -> Категория:Итальянские существительные | Al Silonov
2026-10-06 04:38:21,544 [INFO] Sent -> Category:Stub-Class Vietnam articles | Clarityfiend
2026-10-06 04:38:21,756 [INFO] Sent -> Категория:Нет сведений о составе слова | Al Silonov
2026-10-06 04:38:21,875 [INFO] Sent -> Psathyrella secotioides | SchlurcherBot
2026-10-06 04:38:22,002 [INFO] Sent -> Категория:Нужно произношение | Al Silonov
2026-10-06 04:38:22,116 [INFO] Sent -> Категория:Нужна иллюстрация | Al Silonov
2026-10-06 04:38:22,226 [INFO] Sent -> Q141657028 | Rohini
2026-10-06 04:38:22,334 [INFO] Sent -> Категория:Статьи без примеров употребления | Al Silonov
2026-10-06 04:38:22,443 [INFO] Sent -> Kurs:Singularitätentheorie (Osnabrück 2026-2027)/Noetherscher Integritätsbereich/Faktorzerlegung/Exponentschranke/Fakt/Beweis/Aufgabe/Aufgabereferenznummer | Arbota
2026-10-06 04:38:22,554 [INFO] Sent -> Категория:Нужна этимология | Al Silonov
2026-10-06 04:38:22,884 [INFO] Sent -> Wikipedia:Sandput | Aliwal2012
2026-10-06 04:38:23,034 [INFO] Sent -> Категория:Требуется категоризация/it | Al Silonov
2026-10-06 04:38:23,146 [INFO] Sent -> Категория:Слова из 17 букв/it | Al Silonov
2026-10-06 04:38:23,256 [INFO] Sent -> Wikipedia:Kawiarenka/Artykuły/Hasła utworzone przez Roberta Karpiaka/statystyka | MalarzBOT
2026-10-06 04:38:23,366 [INFO] Sent -> Q116395719 | DERDAKI ILIAS
2026-10-06 04:38:23,476 [INFO] Sent -> Ömer Aysan Barış | Vikiçizer
2026-10-06 04:38:23,584 [INFO] Sent -> Բզեզ (քանդակ) | 23artashes
2026-10-06 04:38:23,693 [INFO] Sent -> Categoria:!Artigos com ligações inativas | InternetArchiveBot
2026-10-06 04:38:23,802 [INFO] Sent -> File:Магазин Общества потребителей завода «Компания Зингер» Подольск 2026 02.jpg | Rkieferbot
2026-10-06 04:38:23,914 [INFO] Sent -> Q141657028 | Rohini
2026-10-06 04:38:24,033 [INFO] Sent -> Kategorie:Kurs:Singularitätentheorie (Osnabrück 2026-2027)/Referenznummer | Arbota
2026-10-06 04:38:24,141 [INFO] Sent -> Ömer Bayram | Vikiçizer
2026-10-06 04:38:24,248 [INFO] Sent -> Q141657028 | Rohini
2026-10-06 04:38:24,358 [INFO] Sent -> Q2738673 | Mrwdat3
2026-10-06 04:38:24,467 [INFO] Sent -> Chaumont, Yonne | Vikiçizer
2026-10-06 04:38:24,577 [INFO] Sent -> Q116395720 | DERDAKI ILIAS
2026-10-06 04:38:24,686 [INFO] Sent -> Zeki Amdouni | Vikiçizer
2026-10-06 04:38:24,794 [INFO] Sent -> Kategori:Türkiye 21 yaş altı millî futbol takımı futbolcuları | Vikiçizer
2026-10-06 04:38:24,903 [INFO] Sent -> Commons:Village pump/Copyright | 1000mm
2026-10-06 04:38:25,011 [INFO] Sent -> Hamza Akman | Vikiçizer
2026-10-06 04:38:25,119 [INFO] Sent -> Q14559644 | Mrwdat3
2026-10-06 04:38:25,227 [INFO] Sent -> Q37336949 | Cewbot
2026-10-06 04:38:25,338 [INFO] Sent -> File:ISS074-E-573298 - View of South Africa.jpg | OptimusPrimeBot
2026-10-06 04:38:25,445 [INFO] Sent -> File:Hôtel Ville - Aix-la-Chapelle (DEA2) - 2026-09-27 - 10.jpg | Chabe01
2026-10-06 04:38:25,553 [INFO] Sent -> Q45150 | Saosukham
2026-10-06 04:38:25,662 [INFO] Sent -> Category:Naval ships commissioned in 1945 | SmartyPants22
2026-10-06 04:38:25,770 [INFO] Sent -> Category:Naval ships decommissioned in 1948 | SmartyPants22
2026-10-06 04:38:25,878 [INFO] Sent -> Category:Naval ships commissioned in 1950 | SmartyPants22
2026-10-06 04:38:25,987 [INFO] Sent -> Category:Naval ships decommissioned in 1972 | SmartyPants22
2026-10-06 04:38:26,095 [INFO] Sent -> Q141657028 | Rohini
2026-10-06 04:38:26,204 [INFO] Sent -> Q116395721 | DERDAKI ILIAS
2026-10-06 04:38:26,314 [INFO] Sent -> Kategori:Türkiye 21 yaş altı millî futbol takımı futbolcuları | Vikiçizer
2026-10-06 04:38:26,422 [INFO] Sent -> Kategorie:AS1-bronne in Engels (en) | Aliwal2012
2026-10-06 04:38:26,530 [INFO] Sent -> Category:Pages with local camera coordinates and missing SDC coordinates | Chabe01
2026-10-06 04:38:26,638 [INFO] Sent -> Category:Files with coordinates missing SDC location of creation (50° N, 6° E) | Chabe01
2026-10-06 04:38:26,751 [INFO] Sent -> Category:Creative Commons Attribution-Share Alike missing SDC copyright status | Chabe01
2026-10-06 04:38:26,871 [INFO] Sent -> File:Alexander Pock Porträt Josef Roth von Limanowa-Łapanów.jpg | Noah.Albert.ZivMilFü
2026-10-06 04:38:26,981 [INFO] Sent -> Category:CC-BY-SA-4.0 | Chabe01
2026-10-06 04:38:27,091 [INFO] Sent -> Կատեգորիա:Pages using gadget WikiMiniAtlas | 23artashes
2026-10-06 04:38:27,200 [INFO] Sent -> Kategori:Türkiye 21 yaş altı millî futbol takımı futbolcuları | Vikiçizer
2026-10-06 04:38:27,310 [INFO] Sent -> Category:Creative Commons Attribution-Share Alike 4.0 missing SDC copyright license | Chabe01
2026-10-06 04:38:27,418 [INFO] Sent -> Կատեգորիա:Վիքիդատայում ՕՍՄ-ի ID չունեցող mapframe քարտեզներ | 23artashes
2026-10-06 04:38:27,526 [INFO] Sent -> Category:Self-published work | Chabe01
2026-10-06 04:38:27,634 [INFO] Sent -> Viva Chile! | CheckWikiBOT
2026-10-06 04:38:27,743 [INFO] Sent -> Կատեգորիա:Վիքիպեդիա:Հոդվածներ Վիքիտվյալներից աղբյուրներով | 23artashes
2026-10-06 04:38:27,851 [INFO] Sent -> Ahmet Bahçıvan | Vikiçizer
2026-10-06 04:38:27,960 [INFO] Sent -> Category:Self-published work missing SDC copyright license | Chabe01
2026-10-06 04:38:28,071 [INFO] Sent -> Կատեգորիա:Վիքիպեդիա:Վիքիդատայի հայերեն չթարգմանված տարրեր պարունակող հոդվածներ | 23artashes
2026-10-06 04:38:28,180 [INFO] Sent -> Category:Aachen | Chabe01
2026-10-06 04:38:28,290 [INFO] Sent -> Կատեգորիա:Coordinates on Wikidata | 23artashes
2026-10-06 04:38:28,398 [INFO] Sent -> Category:September 2026 in Aachen | Chabe01
2026-10-06 04:38:28,509 [INFO] Sent -> User:Wjemather/Ryder Cup | Wjemather
2026-10-06 04:38:28,615 [INFO] Sent -> Կատեգորիա:Քարտեզներով էջեր | 23artashes
2026-10-06 04:38:28,723 [INFO] Sent -> Category:Images of Aachen by Chabe01 | Chabe01
2026-10-06 04:38:28,831 [INFO] Sent -> Q116395722 | DERDAKI ILIAS
2026-10-06 04:38:28,938 [INFO] Sent -> Կատեգորիա:Articles which use infobox templates with no data rows | 23artashes
2026-10-06 04:38:29,100 [INFO] Sent -> Category:North Rhine-Westphalia photographs taken on 2026-09-27 | Chabe01
2026-10-06 04:38:29,309 [INFO] Sent -> Category:Images by Chabe01 taken with iPhone 16 Pro | Chabe01
2026-10-06 04:38:29,416 [INFO] Sent -> Q141657028 | Rohini
2026-10-06 04:38:29,525 [INFO] Sent -> Q14895883 | Mrwdat3
2026-10-06 04:38:29,633 [INFO] Sent -> ziqurateke | JiyanBot
2026-10-06 04:38:29,741 [INFO] Sent -> Koray Çölgeçen | Vikiçizer
2026-10-06 04:38:29,851 [INFO] Sent -> Q7570472 | MsynBot
2026-10-06 04:38:29,959 [INFO] Sent -> Kategori:Türkiye 21 yaş altı millî futbol takımı futbolcuları | Vikiçizer
2026-10-06 04:38:30,071 [INFO] Sent -> Hüseyin Çimşir | Vikiçizer
2026-10-06 04:38:30,191 [INFO] Sent -> Q141657028 | Rohini
2026-10-06 04:38:30,298 [INFO] Sent -> Q13820611 | Mrwdat3
2026-10-06 04:38:30,409 [INFO] Sent -> Q116395723 | DERDAKI ILIAS
2026-10-06 04:38:30,521 [INFO] Sent -> Category:People with Decoration for Services to the Red Cross in placket | Noah.Albert.ZivMilFü
2026-10-06 04:38:30,636 [INFO] Sent -> Category:People with Decoration for Services to the Red Cross | Noah.Albert.ZivMilFü
2026-10-06 04:38:30,755 [INFO] Sent -> 사용자:HPCWYS | HPCWYS
2026-10-06 04:38:30,863 [INFO] Sent -> Syndrome de Lennox-Gastaut | Guillaume Le Conquistador
2026-10-06 04:38:30,971 [INFO] Sent -> Kategori:Türkiye 21 yaş altı millî futbol takımı futbolcuları | Vikiçizer
2026-10-06 04:38:31,079 [INFO] Progress: 5000 sent, 0 skipped.
2026-10-06 04:38:31,190 [INFO] Sent -> Q45150 | Saosukham
2026-10-06 04:38:31,299 [INFO] Sent -> File:Hôtel Ville - Aix-la-Chapelle (DEA2) - 2026-09-27 - 10.jpg | Chabe01
2026-10-06 04:38:31,421 [INFO] Sent -> Q141657028 | Rohini
2026-10-06 04:38:31,530 [INFO] Sent -> Chaumot, Yonne | Vikiçizer
2026-10-06 04:38:31,639 [INFO] Sent -> Q37337416 | Cewbot
2026-10-06 04:38:31,748 [INFO] Sent -> Rosariense Clube da Ribeira Grande | InternetArchiveBot
2026-10-06 04:38:31,859 [INFO] Sent -> Q3424602 | Rémih
2026-10-06 04:38:31,969 [INFO] Sent -> Q16606796 | Kristbaumbot
2026-10-06 04:38:32,089 [INFO] Sent -> Projet:Culture/Articles récents | OrlodrimBot
2026-10-06 04:38:32,198 [INFO] Sent -> Q116395724 | DERDAKI ILIAS
2026-10-06 04:38:32,308 [INFO] Sent -> Q118336854 | Mrwdat3
2026-10-06 04:38:32,418 [INFO] Sent -> Q25633487 | باسم
2026-10-06 04:38:32,531 [INFO] Sent -> Kategori:Türkiye 21 yaş altı millî futbol takımı futbolcuları | Vikiçizer
2026-10-06 04:38:32,656 [INFO] Sent -> Q141657028 | Rohini
2026-10-06 04:38:32,761 [INFO] Sent -> 135 Dywizja Strzelecka (ZSRR) | ~2026-53920-58
2026-10-06 04:38:32,871 [INFO] Sent -> Connie Palmen | ~2026-53664-50
2026-10-06 04:38:32,979 [INFO] Sent -> Q78652784 | Totorvdr59
2026-10-06 04:38:33,092 [INFO] Sent -> Categoria:!Artigos com ligações inativas | InternetArchiveBot
2026-10-06 04:38:33,211 [INFO] Sent -> Kategori:Türkiye 21 yaş altı millî futbol takımı futbolcuları | Vikiçizer
2026-10-06 04:38:33,323 [INFO] Sent -> Q138805651 | Pudox
2026-10-06 04:38:33,433 [INFO] Sent -> Kategori:Türkiye 21 yaş altı millî futbol takımı futbolcuları | Vikiçizer
2026-10-06 04:38:33,544 [INFO] Sent -> Q116395725 | DERDAKI ILIAS
2026-10-06 04:38:33,654 [INFO] Sent -> Lagundo | SchlurcherBot
2026-10-06 04:38:33,764 [INFO] Sent -> Christianity and domestic violence | Dimadick
2026-10-06 04:38:33,873 [INFO] Sent -> File:Sign for The Burgh Bar - geograph.org.uk - 7590051.jpg | Voldesade
2026-10-06 04:38:33,982 [INFO] Sent -> Q138804354 | Pudox
2026-10-06 04:38:34,091 [INFO] Sent -> Q141657028 | Rohini
2026-10-06 04:38:34,244 [INFO] Sent -> Mert Erdoğan | Vikiçizer
2026-10-06 04:38:34,356 [INFO] Sent -> Ali Turap Bülbül | Vikiçizer
2026-10-06 04:38:34,470 [INFO] Sent -> Timeline of the Russo-Ukrainian war (1 September 2026 – present) | Jjmclellan82
2026-10-06 04:38:34,578 [INFO] Sent -> Mehmet Çoğum | Vikiçizer
2026-10-06 04:38:34,688 [INFO] Sent -> Q116395726 | DERDAKI ILIAS
2026-10-06 04:38:34,797 [INFO] Sent -> Q141657028 | Rohini
2026-10-06 04:38:34,906 [INFO] Sent -> Claude Pelletier-Pigot | ListeriaBot
2026-10-06 04:38:35,014 [INFO] Sent -> Q27868261 | DERDAKI ILIAS
2026-10-06 04:38:35,123 [INFO] Sent -> Category:ミツバチ | Highcollar
2026-10-06 04:38:35,231 [INFO] Sent -> Category:Dumbarton | Voldesade
2026-10-06 04:38:35,339 [INFO] Sent -> Category:Pub signs in West Dunbartonshire | Voldesade
2026-10-06 04:38:35,446 [INFO] Sent -> Category:West Dunbartonshire | Voldesade
2026-10-06 04:38:35,555 [INFO] Sent -> 企業排球聯賽 | 安狄
2026-10-06 04:38:35,666 [INFO] Sent -> Emre Can Coşkun | Vikiçizer
2026-10-06 04:38:35,774 [INFO] Sent -> Chemilly-sur-Serein | Vikiçizer
2026-10-06 04:38:35,884 [INFO] Sent -> Armoriale dei comuni della provincia di Catanzaro | Jilligate
2026-10-06 04:38:35,994 [INFO] Sent -> 小熊あやめ | ~2026-53605-05
2026-10-06 04:38:36,102 [INFO] Sent -> EWE Netz | ~2026-53771-84
2026-10-06 04:38:36,213 [INFO] Sent -> Klemens Bolesławiusz | ~2026-53631-20
2026-10-06 04:38:36,324 [INFO] Sent -> Kategori:Türkiye 21 yaş altı millî futbol takımı futbolcuları | Vikiçizer
2026-10-06 04:38:36,433 [INFO] Sent -> Sophie Cunningham | Ernsanchez00
2026-10-06 04:38:36,542 [INFO] Sent -> Q141657028 | Rohini
2026-10-06 04:38:36,650 [INFO] Sent -> File:ISS074-E-566298 - View of Earth.jpg | OptimusPrimeBot
2026-10-06 04:38:36,758 [INFO] Sent -> Kategori:Türkiye 21 yaş altı millî futbol takımı futbolcuları | Vikiçizer
2026-10-06 04:38:36,869 [INFO] Sent -> Pahamot | InternetArchiveBot
2026-10-06 04:38:36,977 [INFO] Sent -> Chemilly-sur-Yonne | Vikiçizer
2026-10-06 04:38:37,088 [INFO] Sent -> Q8619749 | Dragoon17cc
2026-10-06 04:38:37,198 [INFO] Sent -> Category:改名提案中のカテゴリ | Highcollar
2026-10-06 04:38:37,306 [INFO] Sent -> Senijad Ibričić | İmmortalance
2026-10-06 04:38:37,418 [INFO] Sent -> Q7570473 | MsynBot
2026-10-06 04:38:37,532 [INFO] Sent -> Kategori:Türkiye 21 yaş altı millî futbol takımı futbolcuları | Vikiçizer
2026-10-06 04:38:38,062 [INFO] Sent -> Erkan Eyibil | Vikiçizer
2026-10-06 04:38:38,201 [INFO] Sent -> Q116390569 | DERDAKI ILIAS
2026-10-06 04:38:38,347 [INFO] Sent -> Category:ISS photographs taken on 2026-05-03 | OptimusPrimeBot
2026-10-06 04:38:38,495 [INFO] Sent -> Category:Taken on missing SDC inception | OptimusPrimeBot
2026-10-06 04:38:38,672 [INFO] Sent -> Category:Images from the Earth Science and Remote Sensing Unit, Lyndon B. Johnson Space Center | OptimusPrimeBot
2026-10-06 04:38:38,798 [INFO] Sent -> Jack Günthard | König der Möwen
2026-10-06 04:38:38,914 [INFO] Sent -> Category:Pages with local object coordinates and missing SDC coordinates | OptimusPrimeBot
2026-10-06 04:38:39,054 [INFO] Sent -> Category:Files with coordinates missing SDC location of creation | OptimusPrimeBot
2026-10-06 04:38:39,185 [INFO] Sent -> Category:PD NASA | OptimusPrimeBot
2026-10-06 04:38:39,369 [INFO] Sent -> File:Hôtel Ville - Aix-la-Chapelle (DEA2) - 2026-09-27 - 2.jpg | Chabe01
2026-10-06 04:38:39,510 [INFO] Sent -> Category:PD-USGov missing SDC copyright status | OptimusPrimeBot
2026-10-06 04:38:39,656 [INFO] Sent -> Inti-Illimani 2 - La nueva canción chilena | CheckWikiBOT
2026-10-06 04:38:39,814 [INFO] Sent -> Category:ISS Expedition 74 Crew Earth Observations (dump) | OptimusPrimeBot
2026-10-06 04:38:39,957 [INFO] Sent -> Kategori:Türkiye 21 yaş altı millî futbol takımı futbolcuları | Vikiçizer
2026-10-06 04:38:40,073 [INFO] Sent -> Q141657028 | Rohini
2026-10-06 04:38:40,196 [INFO] Sent -> Category:NASA GAPE files uploaded by OptimusPrimeBot | OptimusPrimeBot
2026-10-06 04:38:40,318 [INFO] Sent -> Linguistic history of India | Bookaddictt
2026-10-06 04:38:40,426 [INFO] Sent -> Okan Deniz | Vikiçizer
2026-10-06 04:38:40,535 [INFO] Sent -> Category:Taken with Nikon Z 9 | OptimusPrimeBot
2026-10-06 04:38:40,644 [INFO] Sent -> Командорские острова | ~2026-41077-37
2026-10-06 04:38:40,771 [INFO] Sent -> Bartuğ Elmaz | Vikiçizer
2026-10-06 04:38:40,895 [INFO] Sent -> Nichts als Ärger mit dem Typ | Phzh
2026-10-06 04:38:41,013 [INFO] Sent -> Categoria:Pagine con link a file inesistenti | Jilligate
2026-10-06 04:38:41,122 [INFO] Sent -> Kategoria:Duchowni katoliccy I Rzeczypospolitej | ~2026-53631-20
2026-10-06 04:38:41,230 [INFO] Sent -> Emircan Gürlük | Vikiçizer
2026-10-06 04:38:41,337 [INFO] Sent -> Kategoria:Pochowani w Kaliszu | ~2026-53631-20
2026-10-06 04:38:41,446 [INFO] Sent -> Tevin Campbell | Gayle-Bot
2026-10-06 04:38:41,553 [INFO] Sent -> Пригоди. Подорожі. Фантастика | Andrii Grebonkin
2026-10-06 04:38:41,662 [INFO] Sent -> Kategori:Türkiye'deki gurbetçi erkek futbolcular | İmmortalance
2026-10-06 04:38:41,693 [INFO] Updated metadata: ClusterMetadata(brokers: 1, topics: 1, coordinators: 0)
2026-10-06 04:38:41,773 [INFO] Sent -> Category:Pages with local camera coordinates and missing SDC coordinates | Chabe01
2026-10-06 04:38:41,881 [INFO] Sent -> Kategori:Türkiye 21 yaş altı millî futbol takımı futbolcuları | Vikiçizer
2026-10-06 04:38:41,994 [INFO] Sent -> Kategori:Türkiye'deki gurbetçi futbolcular | İmmortalance
2026-10-06 04:38:42,115 [INFO] Sent -> Category:Files with coordinates missing SDC location of creation (50° N, 6° E) | Chabe01
2026-10-06 04:38:42,225 [INFO] Sent -> Category:Creative Commons Attribution-Share Alike missing SDC copyright status | Chabe01
2026-10-06 04:38:42,336 [INFO] Sent -> Q141657028 | Rohini
2026-10-06 04:38:42,442 [INFO] Sent -> Category:CC-BY-SA-4.0 | Chabe01
2026-10-06 04:38:42,550 [INFO] Sent -> Ludo van Bogaert | Archibald Tuttle
2026-10-06 04:38:42,659 [INFO] Sent -> Category:Creative Commons Attribution-Share Alike 4.0 missing SDC copyright license | Chabe01
2026-10-06 04:38:42,766 [INFO] Sent -> Category:Self-published work | Chabe01
2026-10-06 04:38:42,875 [INFO] Sent -> Q503050 | Valhalla Scribe
2026-10-06 04:38:42,985 [INFO] Sent -> Diskussion:Leif-Erik Holm | Nobody perfect
2026-10-06 04:38:43,093 [INFO] Progress: 5100 sent, 0 skipped.
2026-10-06 04:38:43,204 [INFO] Sent -> Category:Aachen | Chabe01
2026-10-06 04:38:43,313 [INFO] Sent -> Ian Henderson (futbolcu) | İmmortalance
2026-10-06 04:38:43,421 [INFO] Sent -> Category:September 2026 in Aachen | Chabe01
2026-10-06 04:38:43,530 [INFO] Sent -> Category:Images of Aachen by Chabe01 | Chabe01
2026-10-06 04:38:43,640 [INFO] Sent -> Category:North Rhine-Westphalia photographs taken on 2026-09-27 | Chabe01
2026-10-06 04:38:43,749 [INFO] Sent -> اوون بروس | Shuaib-bot
2026-10-06 04:38:43,859 [INFO] Sent -> Category:Images by Chabe01 taken with iPhone 16 Pro | Chabe01
2026-10-06 04:38:43,968 [INFO] Sent -> Kategori:Türkiye 21 yaş altı millî futbol takımı futbolcuları | Vikiçizer
2026-10-06 04:38:44,079 [INFO] Sent -> File:Hôtel Ville - Aix-la-Chapelle (DEA2) - 2026-09-27 - 2.jpg | Chabe01
2026-10-06 04:38:44,189 [INFO] Sent -> Category:Basketball players from Columbia, Missouri | Ernsanchez00
2026-10-06 04:38:44,298 [INFO] Sent -> Q141657028 | Rohini
2026-10-06 04:38:44,406 [INFO] Sent -> Category:Basketball players from Missouri | Ernsanchez00
2026-10-06 04:38:44,515 [INFO] Sent -> Category:Sportspeople from Columbia, Missouri | Ernsanchez00
2026-10-06 04:38:44,624 [INFO] Sent -> Kategori:Türkiye 21 yaş altı millî futbol takımı futbolcuları | Vikiçizer
2026-10-06 04:38:44,733 [INFO] Sent -> Farao | Machaerus
2026-10-06 04:38:44,843 [INFO] Sent -> Q54217068 | Nabbot
2026-10-06 04:38:44,951 [INFO] Sent -> List of Little House on the Prairie episodes | דב מרקו1969
2026-10-06 04:38:45,059 [INFO] Sent -> Pembicaraan:Fabrikasi wafer (elektronik) | InternetArchiveBot
2026-10-06 04:38:45,167 [INFO] Sent -> File:Bible. A.T. Pentateuque-Hapṭarah-Megillôt (hébreu) - btv1b10549397c (180 of 639).jpg | Gzen92Bot
2026-10-06 04:38:45,280 [INFO] Sent -> Clément Turpin | Look Sharp!
2026-10-06 04:38:45,399 [INFO] Sent -> Priestly Blessing | Sheila1988
2026-10-06 04:38:45,508 [INFO] Sent -> Westminster Arcade | DuckDuckGoWiki
2026-10-06 04:38:45,616 [INFO] Sent -> Q141657028 | Rohini
2026-10-06 04:38:45,725 [INFO] Sent -> Kategori:Türkiye 21 yaş altı millî futbol takımı futbolcuları | Vikiçizer
2026-10-06 04:38:45,839 [INFO] Sent -> Dún Aengus | Mirek46
2026-10-06 04:38:45,960 [INFO] Sent -> sebgħa u ħamsin | Bot-Jagwar
2026-10-06 04:38:46,071 [INFO] Sent -> Kategori:Türkiye'deki gurbetçi erkek futbolcular | İmmortalance
2026-10-06 04:38:46,180 [INFO] Sent -> Kategori:Türkiye'deki gurbetçi futbolcular | İmmortalance
2026-10-06 04:38:46,288 [INFO] Sent -> Category:Artworks without Wikidata item | Gzen92Bot
2026-10-06 04:38:46,400 [INFO] Sent -> Category:PD France | Gzen92Bot
2026-10-06 04:38:46,506 [INFO] Sent -> Category:Manuscripts from Gallica (Bibliothèque nationale de France) uploaded by Gzen92Bot | Gzen92Bot
2026-10-06 04:38:46,615 [INFO] Sent -> Category:Bible. A.T. Pentateuque-Hapṭarah-Megillôt (hébreu) - btv1b10549397c | Gzen92Bot
2026-10-06 04:38:46,723 [INFO] Sent -> User talk:AntiCompositeNumber | ESkog
2026-10-06 04:38:46,832 [INFO] Sent -> Category:Files with no machine-readable author | Gzen92Bot
2026-10-06 04:38:46,941 [INFO] Sent -> ヒマリ | リトルスター
2026-10-06 04:38:47,051 [INFO] Sent -> Cheney, Yonne | Vikiçizer
2026-10-06 04:38:47,161 [INFO] Sent -> Q141657024 | Robbot
2026-10-06 04:38:47,273 [INFO] Sent -> Pavel Horváth | İmmortalance
2026-10-06 04:38:47,383 [INFO] Sent -> Sokajy:maltey | Bot-Jagwar
2026-10-06 04:38:47,493 [INFO] Sent -> Sokajy:Isa amin'ny teny maltey | Bot-Jagwar
2026-10-06 04:38:47,604 [INFO] Sent -> Q7700135 | MsynBot
2026-10-06 04:38:47,716 [INFO] Sent -> Sokajy:Maltese terms with IPA pronunciation | Bot-Jagwar
2026-10-06 04:38:47,825 [INFO] Sent -> Sokajy:Pejy avy any amin'ny wikibolana anglisy | Bot-Jagwar
2026-10-06 04:38:47,935 [INFO] Sent -> Q141610937 | Neo-Jay
2026-10-06 04:38:48,044 [INFO] Sent -> vluchthuis | Kvdrgeus
2026-10-06 04:38:48,155 [INFO] Sent -> 5535 안네프랑크 | ~2026-53735-39
2026-10-06 04:38:48,263 [INFO] Sent -> File:ISS074-E-566136 - View of Earth.jpg | SchlurcherBot
2026-10-06 04:38:48,373 [INFO] Sent -> Mexisphodrus cuetzalan | Lavalizard101
2026-10-06 04:38:48,484 [INFO] Sent -> 5535 안네프랑크 | ~2026-53735-39
2026-10-06 04:38:48,607 [INFO] Sent -> Rosarinho | InternetArchiveBot
2026-10-06 04:38:48,729 [INFO] Sent -> File:ISS074-E-566298 - View of Earth.jpg | OptimusPrimeBot
2026-10-06 04:38:48,850 [INFO] Sent -> Cheny | Vikiçizer
2026-10-06 04:38:48,959 [INFO] Sent -> Overleg gebruiker:RonaldB | RonaldB
2026-10-06 04:38:49,065 [INFO] Sent -> Hideaki Anno | Real Sergent
2026-10-06 04:38:49,176 [INFO] Sent -> Burak Kardeş | Vikiçizer
2026-10-06 04:38:49,285 [INFO] Sent -> 2026 Ebola epidemic | MyacEight
2026-10-06 04:38:49,395 [INFO] Sent -> Nurettin Kayaoğlu | Vikiçizer
2026-10-06 04:38:49,505 [INFO] Sent -> Categorie:Woorden met 2 lettergrepen in het Nederlands | Kvdrgeus
2026-10-06 04:38:49,615 [INFO] Sent -> Categorie:Woorden in het Nederlands met IPA-weergave | Kvdrgeus
2026-10-06 04:38:49,733 [INFO] Sent -> Fried Green Tomatoes | Bohemian Baltimore
2026-10-06 04:38:49,850 [INFO] Sent -> Inti-Illimani 4 - Hacia la libertad | CheckWikiBOT
2026-10-06 04:38:49,961 [INFO] Sent -> File:2026 World Teacher's Day protest in Manila - 9.jpg | Borhan
2026-10-06 04:38:50,069 [INFO] Sent -> Categoria:!Artigos com ligações inativas | InternetArchiveBot
2026-10-06 04:38:50,177 [INFO] Sent -> Q141657024 | Robbot
2026-10-06 04:38:50,287 [INFO] Sent -> Kategori:Türkiye'deki gurbetçi erkek futbolcular | İmmortalance
2026-10-06 04:38:50,395 [INFO] Sent -> Yüksel Gündüz | Vikiçizer
2026-10-06 04:38:50,507 [INFO] Sent -> Distretto di Bo Kluea | Egidio24
2026-10-06 04:38:50,613 [INFO] Sent -> Category:Accepted species names | Lavalizard101
2026-10-06 04:38:50,723 [INFO] Sent -> Chéroy | Vikiçizer
2026-10-06 04:38:50,831 [INFO] Sent -> Kategori:Türkiye'deki gurbetçi futbolcular | İmmortalance
2026-10-06 04:38:50,941 [INFO] Sent -> Category:Accepted species name | Lavalizard101
2026-10-06 04:38:51,051 [INFO] Sent -> 분류:우주에 관한 토막글 | ~2026-53735-39
2026-10-06 04:38:51,160 [INFO] Sent -> 분류:모든 토막글 문서 | ~2026-53735-39
2026-10-06 04:38:51,269 [INFO] Sent -> Kategori:Türkiye 21 yaş altı millî futbol takımı futbolcuları | Vikiçizer
2026-10-06 04:38:51,378 [INFO] Sent -> Q141657028 | Rohini
2026-10-06 04:38:51,485 [INFO] Sent -> Kategori:Türkiye 21 yaş altı millî futbol takımı futbolcuları | Vikiçizer
2026-10-06 04:38:51,594 [INFO] Sent -> File:Hôtel Ville - Aix-la-Chapelle (DEA2) - 2026-09-27 - 3.jpg | Chabe01
2026-10-06 04:38:51,703 [INFO] Sent -> Q116390570 | DERDAKI ILIAS
2026-10-06 04:38:51,812 [INFO] Sent -> İbn Miskəveyh | Medineli92
2026-10-06 04:38:51,921 [INFO] Sent -> Commons:Village pump/Copyright/topic list | Cewbot
2026-10-06 04:38:52,030 [INFO] Sent -> Ibrahima Bangoura | İmmortalance
2026-10-06 04:38:52,139 [INFO] Sent -> błyszczeć | Altobot
2026-10-06 04:38:52,250 [INFO] Sent -> పుట:ప్రతాపరుద్రీయమ్ (విద్యానాథ).pdf/356 | దేవీప్రసాదశాస్త్రి
2026-10-06 04:38:52,359 [INFO] Sent -> Категорія:Подорожня література | Andrii Grebonkin
2026-10-06 04:38:52,469 [INFO] Sent -> Template:PRC admin/data/11/01/13/003/211 | Hamish-bot
2026-10-06 04:38:52,580 [INFO] Sent -> Category:Pages with local camera coordinates and missing SDC coordinates | Chabe01
2026-10-06 04:38:52,693 [INFO] Sent -> Category:Files with coordinates missing SDC location of creation (50° N, 6° E) | Chabe01
2026-10-06 04:38:52,829 [INFO] Sent -> Sheffield Wednesday F.C. | Lincoln Owl
2026-10-06 04:38:52,950 [INFO] Sent -> Category:Creative Commons Attribution-Share Alike missing SDC copyright status | Chabe01
2026-10-06 04:38:53,068 [INFO] Sent -> Kategori:Türkiye 21 yaş altı millî futbol takımı futbolcuları | Vikiçizer
2026-10-06 04:38:53,185 [INFO] Sent -> Ebolavirus | Iztwoz
2026-10-06 04:38:53,292 [INFO] Sent -> Category:CC-BY-SA-4.0 | Chabe01
2026-10-06 04:38:53,403 [INFO] Sent -> Category:Creative Commons Attribution-Share Alike 4.0 missing SDC copyright license | Chabe01
2026-10-06 04:38:53,512 [INFO] Sent -> Category:Self-published work | Chabe01
2026-10-06 04:38:53,622 [INFO] Sent -> Bản mẫu:Khóa | Làm Việc Thiện
2026-10-06 04:38:53,733 [INFO] Sent -> Category:Self-published work missing SDC copyright license | Chabe01
2026-10-06 04:38:53,841 [INFO] Sent -> File:U1FBAF.svg | Verdy p
2026-10-06 04:38:53,952 [INFO] Sent -> 분류:폴란드어 동사 | Altobot
2026-10-06 04:38:54,062 [INFO] Sent -> Category:Aachen | Chabe01
2026-10-06 04:38:54,168 [INFO] Progress: 5200 sent, 0 skipped.
2026-10-06 04:38:54,281 [INFO] Sent -> Category:Images of Aachen by Chabe01 | Chabe01
2026-10-06 04:38:54,390 [INFO] Sent -> Category:North Rhine-Westphalia photographs taken on 2026-09-27 | Chabe01
2026-10-06 04:38:54,498 [INFO] Sent -> Category:Images by Chabe01 taken with iPhone 16 Pro | Chabe01
2026-10-06 04:38:54,607 [INFO] Sent -> వర్గం:అచ్చుదిద్దబడని | దేవీప్రసాదశాస్త్రి
2026-10-06 04:38:54,716 [INFO] Sent -> Category:Lesbian-related romantic comedy-drama films | Bohemian Baltimore
2026-10-06 04:38:54,825 [INFO] Sent -> Category:LGBTQ-related romantic comedy-drama films | Bohemian Baltimore
2026-10-06 04:38:54,934 [INFO] Sent -> ထာမ်ပလိက်:w/documentation | Intobesa.bot
2026-10-06 04:38:55,043 [INFO] Sent -> Category:CS1 errors: ISBN | Bookaddictt
2026-10-06 04:38:55,152 [INFO] Sent -> Mustafa Erhan Hekimoğlu | Vikiçizer
2026-10-06 04:38:55,266 [INFO] Sent -> Kategori:Türkiye'deki gurbetçi erkek futbolcular | İmmortalance
2026-10-06 04:38:55,388 [INFO] Sent -> Q8286507 | MsynBot
2026-10-06 04:38:55,495 [INFO] Sent -> Kategori:Türkiye'deki gurbetçi futbolcular | İmmortalance
2026-10-06 04:38:55,605 [INFO] Sent -> മണവാളൻ | Wikkiaccountt
2026-10-06 04:38:55,714 [INFO] Sent -> Chéu | Vikiçizer
2026-10-06 04:38:55,823 [INFO] Sent -> Category:因历史原因保留的已停用模板 | Hamish-bot
2026-10-06 04:38:55,932 [INFO] Sent -> ကဏ္ဍ:မုက်လိက်သောဲသောဲမဆေၚ်စပ်ကဵုလိက်စၟတ်သမ္တီမချူပတိုန်လဝ်ဂမၠိုၚ် | Intobesa.bot
2026-10-06 04:38:56,042 [INFO] Sent -> ကဏ္ဍ:စရၚ်ထာမ်ပလိက်မချူသမ္တီလဝ်ဂမၠိုၚ် | Intobesa.bot
2026-10-06 04:38:56,153 [INFO] Sent -> Burak İnce | Vikiçizer
2026-10-06 04:38:56,265 [INFO] Sent -> 스노우 오브 킬리만자로 | Ptdetd
2026-10-06 04:38:56,386 [INFO] Sent -> Q18116998 | Mrwdat3
2026-10-06 04:38:56,493 [INFO] Sent -> User:Fæ/columbuslibrary | Fæ
2026-10-06 04:38:56,603 [INFO] Sent -> File:Edifice Bell Montreal 02.JPG | Rkieferbot
2026-10-06 04:38:56,712 [INFO] Sent -> Zeki Korkmaz | Vikiçizer
2026-10-06 04:38:56,825 [INFO] Sent -> File:Hôtel Ville - Aix-la-Chapelle (DEA2) - 2026-09-27 - 3.jpg | Chabe01
2026-10-06 04:38:56,932 [INFO] Sent -> Yusuf Kurtuluş | Vikiçizer
2026-10-06 04:38:57,042 [INFO] Sent -> Q141657021 | Merci Kahubangwa
2026-10-06 04:38:57,152 [INFO] Sent -> Emre Kaplan | Vikiçizer
2026-10-06 04:38:57,262 [INFO] Sent -> Q537972 | HanTsî
2026-10-06 04:38:57,371 [INFO] Sent -> File:S. Hieronymus - btv1b52504546z (414 of 620).jpg | Gzen92Bot
2026-10-06 04:38:57,480 [INFO] Sent -> Alfred Mitlacher | SK Sturm Fan
2026-10-06 04:38:57,593 [INFO] Sent -> Rosario (Chihuahua) | InternetArchiveBot
2026-10-06 04:38:57,699 [INFO] Sent -> File:Tian zhu sheng jiao ri ke. - btv1b90069149 (120 of 235).jpg | Gzen92Bot
2026-10-06 04:38:57,809 [INFO] Sent -> Kategori:Türkiye 21 yaş altı millî futbol takımı futbolcuları | Vikiçizer
2026-10-06 04:38:57,920 [INFO] Sent -> Kategori:Türkiye 21 yaş altı millî futbol takımı futbolcuları | Vikiçizer
2026-10-06 04:38:58,030 [INFO] Sent -> Event:Learn to Edit Wikipedia - Ho Workshop/Worklist | KTanko (WMGH)
2026-10-06 04:38:58,138 [INFO] Sent -> Q116390571 | DERDAKI ILIAS
2026-10-06 04:38:58,247 [INFO] Sent -> Discussion:Ve Neill | Hajun is Boundless
2026-10-06 04:38:58,355 [INFO] Sent -> Q141657028 | Rohini
2026-10-06 04:38:58,464 [INFO] Sent -> Hypospadias | ~2026-53304-83
2026-10-06 04:38:58,574 [INFO] Sent -> Kategori:Türkiye 21 yaş altı millî futbol takımı futbolcuları | Vikiçizer
2026-10-06 04:38:58,679 [INFO] Sent -> 분류:프로방스알프코트다쥐르를 배경으로 한 영화 | Ptdetd
2026-10-06 04:38:58,787 [INFO] Sent -> Category:Artworks without Wikidata item | Gzen92Bot
2026-10-06 04:38:58,895 [INFO] Sent -> 분류:시를 바탕으로 한 영화 | Ptdetd
2026-10-06 04:38:59,002 [INFO] Sent -> Category:PD France | Gzen92Bot
2026-10-06 04:38:59,113 [INFO] Sent -> 분류:프랑스의 영화 작품 | Ptdetd
2026-10-06 04:38:59,224 [INFO] Sent -> Category:PD US expired | Gzen92Bot
2026-10-06 04:38:59,331 [INFO] Sent -> Kategori:Türkiye 21 yaş altı millî futbol takımı futbolcuları | Vikiçizer
2026-10-06 04:38:59,441 [INFO] Sent -> Category:PD-US missing SDC copyright status | Gzen92Bot
2026-10-06 04:38:59,551 [INFO] Sent -> List of Estonian records in athletics | Montell 74
2026-10-06 04:38:59,660 [INFO] Sent -> Category:PD-old missing SDC copyright status | Gzen92Bot
2026-10-06 04:38:59,771 [INFO] Sent -> Q37337416 | Cewbot
2026-10-06 04:38:59,879 [INFO] Sent -> Category:CC-PD-Mark | Gzen92Bot
2026-10-06 04:38:59,990 [INFO] Sent -> Categoria:!Artigos com ligações inativas | InternetArchiveBot
2026-10-06 04:39:00,097 [INFO] Sent -> Category:PD Old (assumed) | Gzen92Bot
2026-10-06 04:39:00,207 [INFO] Sent -> Category:Artworks without Wikidata item | Gzen92Bot
2026-10-06 04:39:00,316 [INFO] Sent -> Category:Manuscripts from Gallica (Bibliothèque nationale de France) uploaded by Gzen92Bot | Gzen92Bot
2026-10-06 04:39:00,425 [INFO] Sent -> Category:PD France | Gzen92Bot
2026-10-06 04:39:00,535 [INFO] Sent -> Category:S. Hieronymus - btv1b52504546z | Gzen92Bot
2026-10-06 04:39:00,649 [INFO] Sent -> Category:Manuscripts from Gallica (Bibliothèque nationale de France) uploaded by Gzen92Bot | Gzen92Bot
2026-10-06 04:39:00,771 [INFO] Sent -> Category:Tian zhu sheng jiao ri ke. - btv1b90069149 | Gzen92Bot
2026-10-06 04:39:00,895 [INFO] Sent -> Category:Files with no machine-readable author | Gzen92Bot
2026-10-06 04:39:01,015 [INFO] Sent -> Q537972 | HanTsî
2026-10-06 04:39:01,124 [INFO] Sent -> Chevannes, Yonne | Vikiçizer
2026-10-06 04:39:01,232 [INFO] Sent -> კატეგორია:ირმის ნახტომი | Surprizi
2026-10-06 04:39:01,343 [INFO] Sent -> Farao | Machaerus
2026-10-06 04:39:01,452 [INFO] Sent -> Q4018998 | ならちゃん
2026-10-06 04:39:01,559 [INFO] Sent -> Kategori:Türkiye 21 yaş altı millî futbol takımı futbolcuları | Vikiçizer
2026-10-06 04:39:01,669 [INFO] Sent -> Lingua gallese antica | InternetArchiveBot
2026-10-06 04:39:01,776 [INFO] Sent -> Q141657028 | Rohini
2026-10-06 04:39:01,885 [INFO] Sent -> Catégorie:Article d'avancement ébauche/Liste complète | Hajun is Boundless
2026-10-06 04:39:01,996 [INFO] Sent -> Catégorie:Article du projet Cinéma d'avancement ébauche | Hajun is Boundless
2026-10-06 04:39:02,105 [INFO] Sent -> Wikipedia:Adminkandidaturen/DerHexer (Neuwahl 2026) | Wahrerwattwurm
2026-10-06 04:39:02,219 [INFO] Sent -> Catégorie:Article du projet Cinéma d'importance faible | Hajun is Boundless
2026-10-06 04:39:02,339 [INFO] Sent -> Category:INKA Inobus | TTTNIS
2026-10-06 04:39:02,448 [INFO] Sent -> Catégorie:Article du projet Les sans pagEs d'avancement ébauche | Hajun is Boundless
2026-10-06 04:39:02,558 [INFO] Sent -> Catégorie:Article du projet Les sans pagEs d'importance faible | Hajun is Boundless
2026-10-06 04:39:02,666 [INFO] Sent -> Catégorie:Wikiprojet Les sans pagEs/Suivi des discussions | Hajun is Boundless
2026-10-06 04:39:02,783 [INFO] Sent -> Catégorie:Article du projet Télévision d'avancement ébauche | Hajun is Boundless
2026-10-06 04:39:02,902 [INFO] Sent -> Queen Jeongan | Maria0215
2026-10-06 04:39:03,010 [INFO] Sent -> Catégorie:Article du projet Télévision d'importance faible | Hajun is Boundless
2026-10-06 04:39:03,120 [INFO] Sent -> კატეგორია:ადგილობრივი ჯგუფი | Surprizi
2026-10-06 04:39:03,228 [INFO] Sent -> Caner Koca | Vikiçizer
2026-10-06 04:39:03,337 [INFO] Sent -> Inti-Illimani 3 - Canto de pueblos andinos | CheckWikiBOT
2026-10-06 04:39:03,444 [INFO] Sent -> Халоков, Абдумалик Анвар угли | Ulan A
2026-10-06 04:39:03,554 [INFO] Sent -> Deniz Ofli | Vikiçizer
2026-10-06 04:39:03,663 [INFO] Sent -> Category:Buses by manufacturer | TTTNIS
2026-10-06 04:39:03,774 [INFO] Sent -> Q116390574 | DERDAKI ILIAS
2026-10-06 04:39:03,882 [INFO] Sent -> Q16962686 | MsynBot
2026-10-06 04:39:03,990 [INFO] Sent -> Category:Buses built in Indonesia | TTTNIS
2026-10-06 04:39:04,100 [INFO] Sent -> Q97577495 | MsynBot
2026-10-06 04:39:04,208 [INFO] Sent -> Q21667585 | Rebot
2026-10-06 04:39:04,319 [INFO] Sent -> Q141657030 | Pi bot
2026-10-06 04:39:04,426 [INFO] Sent -> Kurs:Singularitätentheorie (Osnabrück 2026-2027)/Endliche Gruppe/C^n/Linear/C-Spektrum/Bahnenraum/Aufgabe/Aufgabereferenznummer | Arbota
2026-10-06 04:39:04,537 [INFO] Sent -> 台灣職業排球聯盟 | 安狄
2026-10-06 04:39:04,648 [INFO] Sent -> Category:Things named after André Bessette | Pe-Jo
2026-10-06 04:39:04,757 [INFO] Sent -> File:Запоріжжя, пр-т Соборний, 151 (1).jpg | Shev.vl.vas
2026-10-06 04:39:04,867 [INFO] Sent -> Q141657028 | Rohini
2026-10-06 04:39:04,977 [INFO] Sent -> Kategori:Türkiye 21 yaş altı millî futbol takımı futbolcuları | Vikiçizer
2026-10-06 04:39:05,086 [INFO] Sent -> Q141656989 | Elsy EL IRANY
2026-10-06 04:39:05,195 [INFO] Progress: 5300 sent, 0 skipped.
2026-10-06 04:39:05,304 [INFO] Sent -> Kategorie:Kurs:Singularitätentheorie (Osnabrück 2026-2027)/Referenznummer | Arbota
2026-10-06 04:39:05,413 [INFO] Sent -> Q141657028 | Rohini
2026-10-06 04:39:05,524 [INFO] Sent -> File:20260114-USDA-FSIS-BA-056 (55040728322).jpg | Gbawden
2026-10-06 04:39:05,634 [INFO] Sent -> Category:Things named after people of Canada | Pe-Jo
2026-10-06 04:39:05,743 [INFO] Sent -> Ali Kireş | Vikiçizer
2026-10-06 04:39:05,853 [INFO] Sent -> Q141656895 | Sr. Martinez Quebracho
2026-10-06 04:39:05,963 [INFO] Sent -> Talève d'Afrique | CodexBot2
2026-10-06 04:39:06,072 [INFO] Sent -> Category:Cultural heritage monuments in Ukraine with known IDs | Shev.vl.vas
2026-10-06 04:39:06,179 [INFO] Sent -> Category:Cultural heritage monuments in Ukraine missing SDC depicts | Shev.vl.vas
2026-10-06 04:39:06,287 [INFO] Sent -> Category:Cultural heritage monuments in Ukraine missing SDC location of creation | Shev.vl.vas
2026-10-06 04:39:06,398 [INFO] Sent -> Category:Wiki Loves Monuments in Ukraine 2026 - Quantity | Shev.vl.vas
2026-10-06 04:39:06,506 [INFO] Sent -> Category:Pages with local camera coordinates and missing SDC coordinates | Shev.vl.vas
2026-10-06 04:39:06,615 [INFO] Sent -> Kategori:Türkiye 21 yaş altı millî futbol takımı futbolcuları | Vikiçizer
2026-10-06 04:39:06,723 [INFO] Sent -> Category:Files with coordinates missing SDC location of creation | Shev.vl.vas
2026-10-06 04:39:06,834 [INFO] Sent -> Category:Creative Commons Attribution-Share Alike missing SDC copyright status | Shev.vl.vas
2026-10-06 04:39:06,945 [INFO] Sent -> Category:CC-BY-SA-4.0 | Shev.vl.vas
2026-10-06 04:39:07,054 [INFO] Sent -> Category:Creative Commons Attribution-Share Alike 4.0 missing SDC copyright license | Shev.vl.vas
2026-10-06 04:39:07,162 [INFO] Sent -> Category:Self-published work | Shev.vl.vas
2026-10-06 04:39:07,272 [INFO] Sent -> Category:Self-published work missing SDC copyright license | Shev.vl.vas
2026-10-06 04:39:07,380 [INFO] Sent -> Category:Images from Wiki Loves Monuments 2026 | Shev.vl.vas
2026-10-06 04:39:07,489 [INFO] Sent -> Category:Images from Wiki Loves Monuments 2026 in Ukraine | Shev.vl.vas
2026-10-06 04:39:07,792 [INFO] Sent -> Q141657028 | Rohini
2026-10-06 04:39:08,180 [INFO] Sent -> Szymon Marciniak | Look Sharp!
2026-10-06 04:39:08,290 [INFO] Sent -> Category:Images from Wiki Loves Monuments missing SDC source of file | Shev.vl.vas
2026-10-06 04:39:08,402 [INFO] Sent -> Category:Images from Wiki Loves Monuments missing SDC copyright status | Shev.vl.vas
2026-10-06 04:39:08,521 [INFO] Sent -> Rosario (distrito) | InternetArchiveBot
2026-10-06 04:39:08,640 [INFO] Sent -> Category:Images from Wiki Loves Monuments missing SDC copyright license | Shev.vl.vas
2026-10-06 04:39:08,762 [INFO] Sent -> Category:Images from Wiki Loves Monuments missing SDC depicts | Shev.vl.vas
2026-10-06 04:39:08,898 [INFO] Sent -> Category:Images from Wiki Loves Monuments missing SDC location of creation | Shev.vl.vas
2026-10-06 04:39:09,017 [INFO] Sent -> ノート:人工知能/過去ログ3 | 魅魑魎魍
2026-10-06 04:39:09,131 [INFO] Sent -> Category:Images from Wiki Loves Monuments missing SDC creator | Shev.vl.vas
2026-10-06 04:39:09,409 [INFO] Sent -> Q37337476 | Cewbot
2026-10-06 04:39:09,554 [INFO] Sent -> Category:Images from Wiki Loves Monuments missing SDC inception | Shev.vl.vas
2026-10-06 04:39:09,718 [INFO] Sent -> Category:Images from Wiki Loves Monuments missing SDC participant in | Shev.vl.vas
2026-10-06 04:39:09,857 [INFO] Sent -> Category:151 Sobornyi Avenue, Zaporizhia | Shev.vl.vas
2026-10-06 04:39:09,995 [INFO] Sent -> Category:Uploaded via Campaign:wlm-ua | Shev.vl.vas
2026-10-06 04:39:10,113 [INFO] Sent -> Ali Kuçik | Vikiçizer
2026-10-06 04:39:10,220 [INFO] Sent -> Chichée | Vikiçizer
2026-10-06 04:39:10,330 [INFO] Sent -> Category:Alumni of Texas Tech University | Gbawden
2026-10-06 04:39:10,440 [INFO] Sent -> Q116390575 | DERDAKI ILIAS
2026-10-06 04:39:10,552 [INFO] Sent -> Q141657028 | Rohini
2026-10-06 04:39:10,674 [INFO] Sent -> File:Hôtel Ville - Aix-la-Chapelle (DEA2) - 2026-09-27 - 4.jpg | Chabe01
2026-10-06 04:39:10,782 [INFO] Sent -> Q280663 | Soucci
2026-10-06 04:39:10,891 [INFO] Sent -> Bayram Olgun | Vikiçizer
2026-10-06 04:39:11,000 [INFO] Sent -> Kenan Özer | Vikiçizer
2026-10-06 04:39:11,108 [INFO] Sent -> File:Запоріжжя, пр-т Соборний, 151.jpg | Shev.vl.vas
2026-10-06 04:39:11,230 [INFO] Sent -> File:LOGO GUSTAVE ROUSSY 2026.svg | Jerom GR
2026-10-06 04:39:11,341 [INFO] Sent -> National Socialist Program | Giorgio, Destroyer of Brio
2026-10-06 04:39:11,449 [INFO] Sent -> Kategori:Türkiye 21 yaş altı millî futbol takımı futbolcuları | Vikiçizer
2026-10-06 04:39:11,558 [INFO] Sent -> Categoria:!Artigos com ligações inativas | InternetArchiveBot
2026-10-06 04:39:11,666 [INFO] Sent -> ziquratekê | JiyanBot
2026-10-06 04:39:11,777 [INFO] Sent -> Q141657028 | Rohini
2026-10-06 04:39:11,884 [INFO] Sent -> File:Pałac Opatów Lubiąskich w Świdnicy 01aw.jpg | Rkieferbot
2026-10-06 04:39:11,993 [INFO] Sent -> Category:Pages with local camera coordinates and missing SDC coordinates | Chabe01
2026-10-06 04:39:12,103 [INFO] Sent -> User:Shxxri121 | Shxxri121
2026-10-06 04:39:12,212 [INFO] Sent -> Category:Files with coordinates missing SDC location of creation (50° N, 6° E) | Chabe01
2026-10-06 04:39:12,320 [INFO] Sent -> Category:記事のノートページの過去ログページ | 魅魑魎魍
2026-10-06 04:39:12,430 [INFO] Sent -> Category:Creative Commons Attribution-Share Alike missing SDC copyright status | Chabe01
2026-10-06 04:39:12,541 [INFO] Sent -> Category:CC-BY-SA-4.0 | Chabe01
2026-10-06 04:39:12,649 [INFO] Sent -> Category:Creative Commons Attribution-Share Alike 4.0 missing SDC copyright license | Chabe01
2026-10-06 04:39:12,758 [INFO] Sent -> Q116390576 | DERDAKI ILIAS
2026-10-06 04:39:12,869 [INFO] Sent -> File:LOGO GUSTAVE ROUSSY 2026.svg | Jerom GR
2026-10-06 04:39:12,978 [INFO] Sent -> Category:Self-published work | Chabe01
2026-10-06 04:39:13,087 [INFO] Sent -> Kategori:Türkiye 21 yaş altı millî futbol takımı futbolcuları | Vikiçizer
2026-10-06 04:39:13,195 [INFO] Sent -> Category:Self-published work missing SDC copyright license | Chabe01
2026-10-06 04:39:13,307 [INFO] Sent -> Category:Aachen | Chabe01
2026-10-06 04:39:13,415 [INFO] Sent -> Category:September 2026 in Aachen | Chabe01
2026-10-06 04:39:13,524 [INFO] Sent -> Category:Cultural heritage monuments in Ukraine with known IDs | Shev.vl.vas
2026-10-06 04:39:13,634 [INFO] Sent -> Category:Images of Aachen by Chabe01 | Chabe01
2026-10-06 04:39:13,744 [INFO] Sent -> internacionālists | Al Silonov
2026-10-06 04:39:13,854 [INFO] Sent -> Category:Cultural heritage monuments in Ukraine missing SDC depicts | Shev.vl.vas
2026-10-06 04:39:13,964 [INFO] Sent -> Category:North Rhine-Westphalia photographs taken on 2026-09-27 | Chabe01
2026-10-06 04:39:14,073 [INFO] Sent -> Kategori:Türkiye 21 yaş altı millî futbol takımı futbolcuları | Vikiçizer
2026-10-06 04:39:14,183 [INFO] Sent -> File:Hôtel Ville - Aix-la-Chapelle (DEA2) - 2026-09-27 - 4.jpg | Chabe01
2026-10-06 04:39:14,291 [INFO] Sent -> Category:Cultural heritage monuments in Ukraine missing SDC location of creation | Shev.vl.vas
2026-10-06 04:39:14,398 [INFO] Sent -> Category:Images by Chabe01 taken with iPhone 16 Pro | Chabe01
2026-10-06 04:39:14,508 [INFO] Sent -> Qwo-Li Driskill | Theevu
2026-10-06 04:39:14,615 [INFO] Sent -> Category:Wiki Loves Monuments in Ukraine 2026 - Quantity | Shev.vl.vas
2026-10-06 04:39:14,724 [INFO] Sent -> Category:Pages with local camera coordinates and missing SDC coordinates | Shev.vl.vas
2026-10-06 04:39:14,835 [INFO] Sent -> Q19878352 | MsynBot
2026-10-06 04:39:14,946 [INFO] Sent -> Category:Files with coordinates missing SDC location of creation | Shev.vl.vas
2026-10-06 04:39:15,056 [INFO] Sent -> Category:Creative Commons Attribution-Share Alike missing SDC copyright status | Shev.vl.vas
2026-10-06 04:39:15,165 [INFO] Sent -> Category:CC-BY-SA-4.0 | Shev.vl.vas
2026-10-06 04:39:15,274 [INFO] Sent -> Category:Creative Commons Attribution-Share Alike 4.0 missing SDC copyright license | Shev.vl.vas
2026-10-06 04:39:15,382 [INFO] Sent -> Q141657028 | Rohini
2026-10-06 04:39:15,491 [INFO] Sent -> File:La Conquête de la Terre sainte (par GUILLAUME DE TYR), avec la continuation. - btv1b9058986s (018 of 271).jpg | Gzen92Bot
2026-10-06 04:39:15,600 [INFO] Sent -> Ο ελαφοκυνηγός | Fotis A.
2026-10-06 04:39:15,709 [INFO] Sent -> Category:Self-published work | Shev.vl.vas
2026-10-06 04:39:15,818 [INFO] Sent -> Category:Self-published work missing SDC copyright license | Shev.vl.vas
2026-10-06 04:39:15,927 [INFO] Sent -> Category:Images from Wiki Loves Monuments 2026 | Shev.vl.vas
2026-10-06 04:39:16,035 [INFO] Sent -> Kategori:Türkiye 21 yaş altı millî futbol takımı futbolcuları | Vikiçizer
2026-10-06 04:39:16,143 [INFO] Sent -> Category:Images from Wiki Loves Monuments 2026 in Ukraine | Shev.vl.vas
2026-10-06 04:39:16,254 [INFO] Sent -> Category:May 2012 in Moray | Motacilla
2026-10-06 04:39:16,362 [INFO] Sent -> Category:Images from Wiki Loves Monuments missing SDC source of file | Shev.vl.vas
2026-10-06 04:39:16,471 [INFO] Sent -> Category:Images from Wiki Loves Monuments missing SDC copyright status | Shev.vl.vas
2026-10-06 04:39:16,583 [INFO] Sent -> Category:Images from Wiki Loves Monuments missing SDC copyright license | Shev.vl.vas
2026-10-06 04:39:16,701 [INFO] Sent -> Category:Images from Wiki Loves Monuments missing SDC depicts | Shev.vl.vas
2026-10-06 04:39:16,812 [INFO] Sent -> Category:Images from Wiki Loves Monuments missing SDC location of creation | Shev.vl.vas
2026-10-06 04:39:16,920 [INFO] Sent -> Category:Images from Wiki Loves Monuments missing SDC creator | Shev.vl.vas
2026-10-06 04:39:17,032 [INFO] Progress: 5400 sent, 0 skipped.
2026-10-06 04:39:17,140 [INFO] Sent -> Category:Images from Wiki Loves Monuments missing SDC participant in | Shev.vl.vas
2026-10-06 04:39:17,250 [INFO] Sent -> Category:151 Sobornyi Avenue, Zaporizhia | Shev.vl.vas
2026-10-06 04:39:17,360 [INFO] Sent -> Категория:Латышский язык | Al Silonov
2026-10-06 04:39:17,469 [INFO] Sent -> Q141657028 | Rohini
2026-10-06 04:39:17,577 [INFO] Sent -> Category:Uploaded via Campaign:wlm-ua | Shev.vl.vas
2026-10-06 04:39:17,686 [INFO] Sent -> Категория:Латышские существительные | Al Silonov
2026-10-06 04:39:17,795 [INFO] Sent -> Категория:Мужской род/lv | Al Silonov
2026-10-06 04:39:17,905 [INFO] Sent -> Q16606804 | Kristbaumbot
2026-10-06 04:39:18,014 [INFO] Sent -> Категория:Нет сведений о составе слова | Al Silonov
2026-10-06 04:39:18,122 [INFO] Sent -> Chichery | Vikiçizer
2026-10-06 04:39:18,230 [INFO] Sent -> Категория:Нужно произношение | Al Silonov
2026-10-06 04:39:18,341 [INFO] Sent -> Category:Artworks without Wikidata item | Gzen92Bot
2026-10-06 04:39:18,450 [INFO] Sent -> Категория:Нужна иллюстрация | Al Silonov
2026-10-06 04:39:18,558 [INFO] Sent -> Category:2012 in Moray | Motacilla
2026-10-06 04:39:18,665 [INFO] Sent -> Категория:Статьи без примеров употребления | Al Silonov
2026-10-06 04:39:18,774 [INFO] Sent -> Category:PD France | Gzen92Bot
2026-10-06 04:39:18,885 [INFO] Sent -> Dmitri Hlestov | İmmortalance
2026-10-06 04:39:19,004 [INFO] Sent -> Category:May 2012 in Scotland by council area | Motacilla
2026-10-06 04:39:19,114 [INFO] Sent -> Q116390578 | DERDAKI ILIAS
2026-10-06 04:39:19,222 [INFO] Sent -> Категория:Нужна этимология | Al Silonov
2026-10-06 04:39:19,332 [INFO] Sent -> Category:PD US expired | Gzen92Bot
2026-10-06 04:39:19,441 [INFO] Sent -> Category:May in Moray | Motacilla
2026-10-06 04:39:19,548 [INFO] Sent -> Category:PD-US missing SDC copyright status | Gzen92Bot
2026-10-06 04:39:19,659 [INFO] Sent -> Категория:Требуется категоризация/lv | Al Silonov
2026-10-06 04:39:19,766 [INFO] Sent -> Inti-Illimani 5 - Canto de pueblos andinos vol. II | CheckWikiBOT
2026-10-06 04:39:19,874 [INFO] Sent -> Категория:Слова из 17 букв/lv | Al Silonov
2026-10-06 04:39:19,983 [INFO] Sent -> Category:PD-old missing SDC copyright status | Gzen92Bot
2026-10-06 04:39:20,092 [INFO] Sent -> Category:CC-PD-Mark | Gzen92Bot
2026-10-06 04:39:20,202 [INFO] Sent -> Category:PD Old (assumed) | Gzen92Bot
2026-10-06 04:39:20,311 [INFO] Sent -> Cem Pamiroğlu | Vikiçizer
2026-10-06 04:39:20,420 [INFO] Sent -> Category:Manuscripts from Gallica (Bibliothèque nationale de France) uploaded by Gzen92Bot | Gzen92Bot
2026-10-06 04:39:20,531 [INFO] Sent -> Category:La Conquête de la Terre sainte (par GUILLAUME DE TYR), avec la continuation. - btv1b9058986s | Gzen92Bot
2026-10-06 04:39:20,643 [INFO] Sent -> File:LOGO GUSTAVE ROUSSY 2026.svg | Jerom GR
2026-10-06 04:39:20,762 [INFO] Sent -> Category:Files with no machine-readable author | Gzen92Bot
2026-10-06 04:39:20,870 [INFO] Sent -> Category:People who self-identify as being of Cherokee descent | Theevu
2026-10-06 04:39:20,982 [INFO] Sent -> Category:Multiracial affairs in the United States | Theevu
2026-10-06 04:39:21,093 [INFO] Sent -> Category:American people who self-identify as being of Algonquian descent | Theevu
2026-10-06 04:39:21,203 [INFO] Sent -> File:Магазин Общества потребителей завода «Компания Зингер» Подольск 2026 01.jpg | Rkieferbot
2026-10-06 04:39:21,311 [INFO] Sent -> File:ISS074-E-566297 - View of Earth.jpg | OptimusPrimeBot
2026-10-06 04:39:21,421 [INFO] Sent -> Category:American people of Lumbee descent | Theevu
2026-10-06 04:39:21,532 [INFO] Sent -> Spellsinger | Ar1201u1
2026-10-06 04:39:21,641 [INFO] Sent -> Q141657028 | Rohini
2026-10-06 04:39:21,754 [INFO] Sent -> tlieta u sittin | Bot-Jagwar
2026-10-06 04:39:21,861 [INFO] Sent -> Sezer Özmen | Vikiçizer
2026-10-06 04:39:21,971 [INFO] Sent -> Mert Örnek | Vikiçizer
2026-10-06 04:39:22,078 [INFO] Sent -> Projet:Région flamande/Articles récents | OrlodrimBot
2026-10-06 04:39:22,187 [INFO] Sent -> Q116390581 | DERDAKI ILIAS
2026-10-06 04:39:22,298 [INFO] Sent -> Q141657028 | Rohini
2026-10-06 04:39:22,408 [INFO] Sent -> FRACTER | A particle for world to form
2026-10-06 04:39:22,514 [INFO] Sent -> Sokajy:maltey | Bot-Jagwar
2026-10-06 04:39:22,626 [INFO] Sent -> Kategori:Türkiye'deki gurbetçi erkek futbolcular | İmmortalance
2026-10-06 04:39:22,736 [INFO] Sent -> Category:ISS photographs taken on 2026-05-03 | OptimusPrimeBot
2026-10-06 04:39:22,848 [INFO] Sent -> Sokajy:Isa amin'ny teny maltey | Bot-Jagwar
2026-10-06 04:39:22,969 [INFO] Sent -> Kategori:Türkiye'deki gurbetçi futbolcular | İmmortalance
2026-10-06 04:39:23,078 [INFO] Sent -> Category:Taken on missing SDC inception | OptimusPrimeBot
2026-10-06 04:39:23,190 [INFO] Sent -> Sokajy:Pejy avy any amin'ny wikibolana anglisy | Bot-Jagwar
2026-10-06 04:39:23,302 [INFO] Sent -> Category:Images from the Earth Science and Remote Sensing Unit, Lyndon B. Johnson Space Center | OptimusPrimeBot
2026-10-06 04:39:23,425 [INFO] Sent -> Canton (Cameroun) | Harrieta171
2026-10-06 04:39:23,534 [INFO] Sent -> Category:Pages with local object coordinates and missing SDC coordinates | OptimusPrimeBot
2026-10-06 04:39:23,657 [INFO] Sent -> Orson F. Whitney | ChristensenMJ
2026-10-06 04:39:23,783 [INFO] Sent -> Category:Files with coordinates missing SDC location of creation | OptimusPrimeBot
2026-10-06 04:39:23,893 [INFO] Sent -> Category:PD NASA | OptimusPrimeBot
2026-10-06 04:39:24,002 [INFO] Sent -> Rivalry | StatiCClingcat
2026-10-06 04:39:24,124 [INFO] Sent -> Category:PD-USGov missing SDC copyright status | OptimusPrimeBot
2026-10-06 04:39:24,231 [INFO] Sent -> Category:CC-Zero | Jerom GR
2026-10-06 04:39:24,342 [INFO] Sent -> Category:ISS Expedition 74 Crew Earth Observations (dump) | OptimusPrimeBot
2026-10-06 04:39:24,450 [INFO] Sent -> Category:Creative Commons CC0 1.0 Universal Public Domain Dedication missing SDC copyright license | Jerom GR
2026-10-06 04:39:24,560 [INFO] Sent -> Category:NASA GAPE files uploaded by OptimusPrimeBot | OptimusPrimeBot
2026-10-06 04:39:24,673 [INFO] Sent -> Category:Self-published work | Jerom GR
2026-10-06 04:39:24,780 [INFO] Sent -> Category:Taken with Nikon Z 9 | OptimusPrimeBot
2026-10-06 04:39:24,889 [INFO] Sent -> Category:Self-published work missing SDC copyright license | Jerom GR
2026-10-06 04:39:25,000 [INFO] Sent -> Category:Media needing categories as of 6 October 2026 | Jerom GR
2026-10-06 04:39:25,126 [INFO] Sent -> Category:All media needing categories as of 2026 | Jerom GR
2026-10-06 04:39:25,234 [INFO] Sent -> Chitry | Vikiçizer
2026-10-06 04:39:25,344 [INFO] Sent -> Kategori:Türkiye 21 yaş altı millî futbol takımı futbolcuları | Vikiçizer
2026-10-06 04:39:25,453 [INFO] Sent -> Q138805652 | Pudox
2026-10-06 04:39:25,562 [INFO] Sent -> Q141657028 | Rohini
2026-10-06 04:39:25,673 [INFO] Sent -> Q116390582 | DERDAKI ILIAS
2026-10-06 04:39:25,781 [INFO] Sent -> Q138804356 | Pudox
2026-10-06 04:39:25,891 [INFO] Sent -> Kategori:Türkiye 21 yaş altı millî futbol takımı futbolcuları | Vikiçizer
2026-10-06 04:39:26,000 [INFO] Sent -> China Open 2026 (Tennis)/Herren | Partynia
2026-10-06 04:39:26,106 [INFO] Sent -> Kategori:Türkiye 21 yaş altı millî futbol takımı futbolcuları | Vikiçizer
2026-10-06 04:39:26,216 [INFO] Sent -> Rivalry | StatiCClingcat
2026-10-06 04:39:26,327 [INFO] Sent -> Onurcan Piri | Vikiçizer
2026-10-06 04:39:26,434 [INFO] Sent -> Q14904439 | Mrwdat3
2026-10-06 04:39:26,545 [INFO] Sent -> Κατηγορία:Αμερικανικές επικές ταινίες | Fotis A.
2026-10-06 04:39:26,653 [INFO] Sent -> File:Hôtel Ville - Aix-la-Chapelle (DEA2) - 2026-09-27 - 5.jpg | Chabe01
2026-10-06 04:39:26,764 [INFO] Sent -> Q37337476 | Cewbot
2026-10-06 04:39:26,874 [INFO] Sent -> Q702952 | YukiKoKo
2026-10-06 04:39:26,981 [INFO] Sent -> Q116390583 | DERDAKI ILIAS
2026-10-06 04:39:27,091 [INFO] Sent -> File:Market St, Portsmouth, NH, 2012 (13).jpg | Rkieferbot
2026-10-06 04:39:27,213 [INFO] Sent -> Şerif İkrami | İmmortalance
2026-10-06 04:39:27,321 [INFO] Sent -> Q141657028 | Rohini
2026-10-06 04:39:27,431 [INFO] Sent -> Q22230827 | MsynBot
2026-10-06 04:39:27,541 [INFO] Sent -> Category:Pages with local camera coordinates and missing SDC coordinates | Chabe01
2026-10-06 04:39:27,649 [INFO] Sent -> Q27190027 | Nabbot
2026-10-06 04:39:27,760 [INFO] Sent -> Category:Files with coordinates missing SDC location of creation (50° N, 6° E) | Chabe01
2026-10-06 04:39:27,870 [INFO] Sent -> Category:Creative Commons Attribution-Share Alike missing SDC copyright status | Chabe01
2026-10-06 04:39:27,980 [INFO] Sent -> Category:CC-BY-SA-4.0 | Chabe01
2026-10-06 04:39:28,089 [INFO] Progress: 5500 sent, 0 skipped.
2026-10-06 04:39:28,201 [INFO] Sent -> Category:Creative Commons Attribution-Share Alike 4.0 missing SDC copyright license | Chabe01
2026-10-06 04:39:28,311 [INFO] Sent -> Category:Self-published work | Chabe01
2026-10-06 04:39:28,420 [INFO] Sent -> Q116395728 | DERDAKI ILIAS
2026-10-06 04:39:28,535 [INFO] Sent -> Kategori:Türkiye 21 yaş altı millî futbol takımı futbolcuları | Vikiçizer
2026-10-06 04:39:28,651 [INFO] Sent -> Category:Self-published work missing SDC copyright license | Chabe01
2026-10-06 04:39:28,762 [INFO] Sent -> Category:Aachen | Chabe01
2026-10-06 04:39:28,872 [INFO] Sent -> Category:September 2026 in Aachen | Chabe01
2026-10-06 04:39:28,993 [INFO] Sent -> Wp/nyn/Sam Kutesa | Aryatungaa
2026-10-06 04:39:29,104 [INFO] Sent -> Category:Images of Aachen by Chabe01 | Chabe01
2026-10-06 04:39:29,213 [INFO] Sent -> Q141657028 | Rohini
2026-10-06 04:39:29,322 [INFO] Sent -> Category:North Rhine-Westphalia photographs taken on 2026-09-27 | Chabe01
2026-10-06 04:39:29,433 [INFO] Sent -> File:ISS074-E-566299 - View of Earth.jpg | OptimusPrimeBot
2026-10-06 04:39:29,543 [INFO] Sent -> Category:Images by Chabe01 taken with iPhone 16 Pro | Chabe01
2026-10-06 04:39:29,653 [INFO] Sent -> Категория:Проект:Компьютерные игры:Последняя правка: в текущем месяце | A particle for world to form
2026-10-06 04:39:29,762 [INFO] Sent -> Nicht jetzt, Liebling | Phzh
2026-10-06 04:39:29,871 [INFO] Sent -> Category:Photographs of men of Bosnia and Herzegovina | Bosancica by MK
2026-10-06 04:39:29,981 [INFO] Sent -> Abdülkadir Ömür | Vikiçizer
2026-10-06 04:39:30,089 [INFO] Sent -> Категория:Проект:Компьютерные игры:Последняя правка: в текущем году | A particle for world to form
2026-10-06 04:39:30,199 [INFO] Sent -> Q37337518 | Cewbot
2026-10-06 04:39:30,306 [INFO] Sent -> Q116390585 | DERDAKI ILIAS
2026-10-06 04:39:30,416 [INFO] Sent -> Category:Images of Bonn by Chabe01 | Chabe01
2026-10-06 04:39:30,527 [INFO] Sent -> Q141657028 | Rohini
2026-10-06 04:39:30,636 [INFO] Sent -> Q116395729 | DERDAKI ILIAS
2026-10-06 04:39:30,754 [INFO] Sent -> Category:ISS photographs taken on 2026-05-03 | OptimusPrimeBot
2026-10-06 04:39:30,868 [INFO] Sent -> File:Kolomna Moskvoretskaya street 15 2020-05 303.JPG | Svetlov Artem
2026-10-06 04:39:30,976 [INFO] Sent -> Category:Uses of Wikidata Infobox with no item | Bosancica by MK
2026-10-06 04:39:31,084 [INFO] Sent -> Category:Taken on missing SDC inception | OptimusPrimeBot
2026-10-06 04:39:31,194 [INFO] Sent -> Kategori:Türkiye'deki gurbetçi erkek futbolcular | İmmortalance
2026-10-06 04:39:31,311 [INFO] Sent -> Category:Photographs of men by country | Bosancica by MK
2026-10-06 04:39:31,425 [INFO] Sent -> Category:Images from the Earth Science and Remote Sensing Unit, Lyndon B. Johnson Space Center | OptimusPrimeBot
2026-10-06 04:39:31,536 [INFO] Sent -> Kategori:Türkiye'deki gurbetçi futbolcular | İmmortalance
2026-10-06 04:39:31,648 [INFO] Sent -> Category:Men of Bosnia and Herzegovina in art | Bosancica by MK
2026-10-06 04:39:31,754 [INFO] Sent -> Category:Pages with local object coordinates and missing SDC coordinates | OptimusPrimeBot
2026-10-06 04:39:31,862 [INFO] Sent -> Süleyman Seba | Vikiçizer
2026-10-06 04:39:31,976 [INFO] Sent -> Category:Files with coordinates missing SDC location of creation | OptimusPrimeBot
2026-10-06 04:39:32,096 [INFO] Sent -> Category:PD NASA | OptimusPrimeBot
2026-10-06 04:39:32,204 [INFO] Sent -> Category:Accepted species names | Lavalizard101
2026-10-06 04:39:32,314 [INFO] Sent -> Category:PD-USGov missing SDC copyright status | OptimusPrimeBot
2026-10-06 04:39:32,422 [INFO] Sent -> File:Kolomna Moskvoretskaya street 15 2020-05 303.JPG | Svetlov Artem
2026-10-06 04:39:32,533 [INFO] Sent -> File:Hôtel Ville - Aix-la-Chapelle (DEA2) - 2026-09-27 - 5.jpg | Chabe01
2026-10-06 04:39:32,644 [INFO] Sent -> Category:Accepted species name | Lavalizard101
2026-10-06 04:39:32,752 [INFO] Sent -> Category:ISS Expedition 74 Crew Earth Observations (dump) | OptimusPrimeBot
2026-10-06 04:39:32,862 [INFO] Sent -> Tomás Garrido Canabal | Silewe
2026-10-06 04:39:32,973 [INFO] Sent -> Category:Hidden categories | Chabe01
2026-10-06 04:39:33,082 [INFO] Sent -> Category:NASA GAPE files uploaded by OptimusPrimeBot | OptimusPrimeBot
2026-10-06 04:39:33,191 [INFO] Sent -> Category:On OSM | Chabe01
2026-10-06 04:39:33,301 [INFO] Sent -> Category:Taken with Nikon Z 9 | OptimusPrimeBot
2026-10-06 04:39:33,410 [INFO] Sent -> Category:User categories (flat list) | Chabe01
2026-10-06 04:39:33,519 [INFO] Sent -> Category:Images of Germany by Chabe01 | Chabe01
2026-10-06 04:39:33,628 [INFO] Sent -> Category:Tourism advertising posters of Grand Est | Zen 38
2026-10-06 04:39:33,736 [INFO] Sent -> Q116395731 | DERDAKI ILIAS
2026-10-06 04:39:33,845 [INFO] Sent -> Q116390586 | DERDAKI ILIAS
2026-10-06 04:39:33,957 [INFO] Sent -> Q141657028 | Rohini
2026-10-06 04:39:34,065 [INFO] Sent -> Template:2026年中超分类名单重庆铜梁龙 | Comrade John
2026-10-06 04:39:34,175 [INFO] Sent -> Călărași, Moldova | ~2026-53765-22
2026-10-06 04:39:34,284 [INFO] Sent -> Hasan Şaş | Vikiçizer
2026-10-06 04:39:34,395 [INFO] Sent -> Lee Jung | Phraowin
2026-10-06 04:39:34,503 [INFO] Sent -> Călărași, Moldova | ~2026-53765-22
2026-10-06 04:39:34,613 [INFO] Sent -> Turhan Sofuoğlu | Vikiçizer
2026-10-06 04:39:34,721 [INFO] Sent -> File:NOUVEAU D'HOZIER. Combe-Contaud. - btv1b10083547v (300 of 407).jpg | Gzen92Bot
2026-10-06 04:39:34,830 [INFO] Sent -> Collan | Vikiçizer
2026-10-06 04:39:34,940 [INFO] Sent -> Category:Moscow Oblast photographs taken on 2020-05-24 | Svetlov Artem
2026-10-06 04:39:35,049 [INFO] Sent -> Kategori:Türkiye 21 yaş altı millî futbol takımı futbolcuları | Vikiçizer
2026-10-06 04:39:35,158 [INFO] Sent -> Category:Taken on missing SDC inception | Svetlov Artem
2026-10-06 04:39:35,267 [INFO] Sent -> Q3080572 | Kefr4000
2026-10-06 04:39:35,375 [INFO] Sent -> Category:Media lacking a description | Svetlov Artem
2026-10-06 04:39:35,483 [INFO] Sent -> Category:Tourism advertising posters of France | Zen 38
2026-10-06 04:39:35,593 [INFO] Sent -> Category:Images without source | Svetlov Artem
2026-10-06 04:39:35,701 [INFO] Sent -> Category:Tourism in Grand Est | Zen 38
2026-10-06 04:39:35,810 [INFO] Sent -> Dilaver Satılmış | Vikiçizer
2026-10-06 04:39:35,918 [INFO] Sent -> Category:Pages with local camera coordinates and missing SDC coordinates | Svetlov Artem
2026-10-06 04:39:36,026 [INFO] Sent -> Category:Grand Est in art | Zen 38
2026-10-06 04:39:36,135 [INFO] Sent -> Category:Files with coordinates missing SDC location of creation | Svetlov Artem
2026-10-06 04:39:36,247 [INFO] Sent -> Q141657028 | Rohini
2026-10-06 04:39:36,371 [INFO] Sent -> Category:Creative Commons Attribution missing SDC copyright status | Svetlov Artem
2026-10-06 04:39:36,478 [INFO] Sent -> Category:CC-BY-4.0 | Svetlov Artem
2026-10-06 04:39:36,588 [INFO] Sent -> Bharmal | Celjski Grad
2026-10-06 04:39:36,697 [INFO] Sent -> Kategorie:Wikipedia:GND fehlt 2020-04 | Silewe
2026-10-06 04:39:36,808 [INFO] Sent -> Category:Creative Commons Attribution 4.0 missing SDC copyright license | Svetlov Artem
2026-10-06 04:39:36,918 [INFO] Sent -> File:ISS074-E-566300 - View of Earth.jpg | OptimusPrimeBot
2026-10-06 04:39:37,026 [INFO] Sent -> Kategorie:Wikipedia:GND in Wikipedia fehlt, in Wikidata vorhanden | Silewe
2026-10-06 04:39:37,136 [INFO] Sent -> Category:Self-published work | Svetlov Artem
2026-10-06 04:39:37,244 [INFO] Sent -> Крымский улус | Dmitry V. Vinogradov
2026-10-06 04:39:37,357 [INFO] Sent -> Category:Self-published work missing SDC copyright license | Svetlov Artem
2026-10-06 04:39:37,464 [INFO] Sent -> Category:Photographs by Artem Svetlov/Moscow Oblast | Svetlov Artem
2026-10-06 04:39:37,573 [INFO] Sent -> Leonardo Iglesias | İmmortalance
2026-10-06 04:39:38,140 [INFO] Sent -> Category:Moskvoretskaya street, Kolomna | Svetlov Artem
2026-10-06 04:39:38,294 [INFO] Sent -> Munozara:Hellinsia bhutanensis | Abdufattohov Ibrohimjon
2026-10-06 04:39:38,429 [INFO] Sent -> Q691162 | Szilas
2026-10-06 04:39:38,556 [INFO] Sent -> Category:ISO speed rating 100 | Svetlov Artem
2026-10-06 04:39:38,689 [INFO] Sent -> Category:Uploaded with Placejpg | Svetlov Artem
2026-10-06 04:39:38,818 [INFO] Sent -> Q141657028 | Rohini
2026-10-06 04:39:38,953 [INFO] Sent -> Category:Files with no machine-readable source | Svetlov Artem
2026-10-06 04:39:39,107 [INFO] Sent -> Q116395732 | DERDAKI ILIAS
2026-10-06 04:39:39,233 [INFO] Sent -> Kategori:Türkiye 21 yaş altı millî futbol takımı futbolcuları | Vikiçizer
2026-10-06 04:39:39,440 [INFO] Sent -> Antonio Angelillo | Ally0111
2026-10-06 04:39:39,578 [INFO] Sent -> Category:Artworks without Wikidata item | Gzen92Bot
2026-10-06 04:39:39,729 [INFO] Sent -> Category:PD France | Gzen92Bot
2026-10-06 04:39:39,872 [INFO] Sent -> File:20260114-USDA-FSIS-BA-056 (55040728322).jpg | Gbawden
2026-10-06 04:39:39,996 [INFO] Progress: 5600 sent, 0 skipped.
2026-10-06 04:39:40,118 [INFO] Sent -> Category:PD-US missing SDC copyright status | Gzen92Bot
2026-10-06 04:39:40,225 [INFO] Sent -> Category:有蓝链却未移除内部链接助手模板的页面 | Comrade John
2026-10-06 04:39:40,332 [INFO] Sent -> Category:PD-old missing SDC copyright status | Gzen92Bot
2026-10-06 04:39:40,440 [INFO] Sent -> Category:CC-PD-Mark | Gzen92Bot
2026-10-06 04:39:40,550 [INFO] Sent -> Kenan Şahin (futbolcu) | Vikiçizer
2026-10-06 04:39:40,659 [INFO] Sent -> Category:PD Old (assumed) | Gzen92Bot
2026-10-06 04:39:40,769 [INFO] Sent -> Collemiers | Vikiçizer
2026-10-06 04:39:40,878 [INFO] Sent -> Category:ISS photographs taken on 2026-05-03 | OptimusPrimeBot
2026-10-06 04:39:40,987 [INFO] Sent -> Kategori:Türkiye 21 yaş altı millî futbol takımı futbolcuları | Vikiçizer
2026-10-06 04:39:41,095 [INFO] Sent -> Category:Manuscripts from Gallica (Bibliothèque nationale de France) uploaded by Gzen92Bot | Gzen92Bot
2026-10-06 04:39:41,205 [INFO] Sent -> Inti-Illimani 6 | CheckWikiBOT
2026-10-06 04:39:41,314 [INFO] Sent -> Category:Taken on missing SDC inception | OptimusPrimeBot
2026-10-06 04:39:41,425 [INFO] Sent -> Battle of Kampot | Clarityfiend
2026-10-06 04:39:41,534 [INFO] Sent -> Category:NOUVEAU D'HOZIER. Combe-Contaud. - btv1b10083547v | Gzen92Bot
2026-10-06 04:39:41,643 [INFO] Sent -> Category:Images from the Earth Science and Remote Sensing Unit, Lyndon B. Johnson Space Center | OptimusPrimeBot
2026-10-06 04:39:41,748 [INFO] Sent -> Category:Files with no machine-readable author | Gzen92Bot
2026-10-06 04:39:41,860 [INFO] Sent -> Category:Pages with local object coordinates and missing SDC coordinates | OptimusPrimeBot
2026-10-06 04:39:41,968 [INFO] Sent -> Q116390589 | DERDAKI ILIAS
2026-10-06 04:39:42,078 [INFO] Sent -> Q141657028 | Rohini
2026-10-06 04:39:42,186 [INFO] Sent -> Category:Files with coordinates missing SDC location of creation | OptimusPrimeBot
2026-10-06 04:39:42,296 [INFO] Sent -> Category:PD NASA | OptimusPrimeBot
2026-10-06 04:39:42,406 [INFO] Sent -> Q23138303 | MsynBot
2026-10-06 04:39:42,515 [INFO] Sent -> Category:PD-USGov missing SDC copyright status | OptimusPrimeBot
2026-10-06 04:39:42,624 [INFO] Sent -> File:ISS074-E-566297 - View of Earth.jpg | OptimusPrimeBot
2026-10-06 04:39:42,736 [INFO] Sent -> Category:ISS Expedition 74 Crew Earth Observations (dump) | OptimusPrimeBot
2026-10-06 04:39:42,847 [INFO] Sent -> Category:NASA GAPE files uploaded by OptimusPrimeBot | OptimusPrimeBot
2026-10-06 04:39:42,954 [INFO] Sent -> Category:Taken with Nikon Z 9 | OptimusPrimeBot
2026-10-06 04:39:43,063 [INFO] Sent -> Дом-музей семьи Ростроповичей | Mitte27
2026-10-06 04:39:43,173 [INFO] Sent -> Kategori:Türkiye 21 yaş altı millî futbol takımı futbolcuları | Vikiçizer
2026-10-06 04:39:43,284 [INFO] Sent -> File:Mapillary (federicodebetto) 2025-01-10 11H41M22S000 (1425702382214407 at QuYWrd4Tmiw73Ja51pHlvf) taken with Insta360 Insta360 Titan.jpg | SchlurcherBot
2026-10-06 04:39:43,393 [INFO] Sent -> Okan Salmaz | Vikiçizer
2026-10-06 04:39:43,501 [INFO] Sent -> Adalbert Stifter | ~2026-53921-05
2026-10-06 04:39:43,611 [INFO] Sent -> Category:United States Department of Agriculture images (review needed) | Gbawden
2026-10-06 04:39:43,722 [INFO] Sent -> File:Kapela na pravoslavnom groblju zadužbina Milanka Stankovića.JPG | Rkieferbot
2026-10-06 04:39:43,829 [INFO] Sent -> Jamii:CS1 maint: date auto-translated | Ally0111
2026-10-06 04:39:43,939 [INFO] Sent -> Q116395733 | DERDAKI ILIAS
2026-10-06 04:39:44,049 [INFO] Sent -> Kategori:Türkiye 21 yaş altı millî futbol takımı futbolcuları | Vikiçizer
2026-10-06 04:39:44,158 [INFO] Sent -> Jamii:Mbegu za watu | Ally0111
2026-10-06 04:39:44,269 [INFO] Sent -> Jamii:Waliozaliwa 1937 | Ally0111
2026-10-06 04:39:44,377 [INFO] Sent -> Kategori:Türkiye'deki gurbetçi erkek futbolcular | İmmortalance
2026-10-06 04:39:44,488 [INFO] Sent -> Jamii:Waliofariki 2018 | Ally0111
2026-10-06 04:39:44,604 [INFO] Sent -> Kategori:Türkiye'deki gurbetçi futbolcular | İmmortalance
2026-10-06 04:39:44,722 [INFO] Sent -> Jamii:Wachezaji mpira wa Italia | Ally0111
2026-10-06 04:39:44,828 [INFO] Sent -> Jamii:Wanaume wa Italia | Ally0111
2026-10-06 04:39:44,936 [INFO] Sent -> Template:Number of open deletion requests | DeletionRequestArchivist
2026-10-06 04:39:45,044 [INFO] Sent -> Сонкёль | Vulpo
2026-10-06 04:39:45,156 [INFO] Sent -> Delta Hotels | FBuHL09
2026-10-06 04:39:45,262 [INFO] Sent -> Bibliography of George W. Bush | D11JKS128132
2026-10-06 04:39:45,372 [INFO] Sent -> Bibliography of George W. Bush | D11JKS128132
2026-10-06 04:39:45,481 [INFO] Sent -> Kategori:Türkiye 21 yaş altı millî futbol takımı futbolcuları | Vikiçizer
2026-10-06 04:39:45,590 [INFO] Sent -> Q141657028 | Rohini
2026-10-06 04:39:45,701 [INFO] Sent -> Bibliography of George W. Bush | D11JKS128132
2026-10-06 04:39:45,809 [INFO] Sent -> Hugo Almeida | İmmortalance
2026-10-06 04:39:45,917 [INFO] Sent -> サビイロタチヨタカ属 | コロネン
2026-10-06 04:39:46,025 [INFO] Sent -> Q124825024 | Mrwdat3
2026-10-06 04:39:46,135 [INFO] Sent -> Cem Sultan (futbolcu) | Vikiçizer
2026-10-06 04:39:46,243 [INFO] Sent -> Q116395734 | DERDAKI ILIAS
2026-10-06 04:39:46,353 [INFO] Sent -> Hasan Ahmet Sarı | Vikiçizer
2026-10-06 04:39:46,463 [INFO] Sent -> Q141657028 | Rohini
2026-10-06 04:39:46,572 [INFO] Sent -> Lexeme:L1742991 | Oung ring
2026-10-06 04:39:46,683 [INFO] Sent -> Category:All stub articles | Clarityfiend
2026-10-06 04:39:46,792 [INFO] Sent -> Compigny | Vikiçizer
2026-10-06 04:39:46,902 [INFO] Sent -> Category:Cambodia stubs | Clarityfiend
2026-10-06 04:39:47,011 [INFO] Sent -> Q116390591 | DERDAKI ILIAS
2026-10-06 04:39:47,118 [INFO] Sent -> Kategori:Türkiye 21 yaş altı millî futbol takımı futbolcuları | Vikiçizer
2026-10-06 04:39:47,228 [INFO] Sent -> User talk:AntiCompositeNumber | ESkog
2026-10-06 04:39:47,338 [INFO] Sent -> Q141657028 | Rohini
2026-10-06 04:39:47,446 [INFO] Sent -> Naci Ünüvar | Vikiçizer
2026-10-06 04:39:47,555 [INFO] Sent -> Q116395735 | DERDAKI ILIAS
2026-10-06 04:39:47,669 [INFO] Sent -> File:Hôtel Ville - Aix-la-Chapelle (DEA2) - 2026-09-27 - 6.jpg | Chabe01
2026-10-06 04:39:47,788 [INFO] Sent -> Q116390593 | DERDAKI ILIAS
2026-10-06 04:39:47,897 [INFO] Sent -> Template:PRC admin/data/11/01/13/003/212 | Hamish-bot
2026-10-06 04:39:48,005 [INFO] Sent -> Q141657028 | Rohini
2026-10-06 04:39:48,115 [INFO] Sent -> Serdar Saatçı | Vikiçizer
2026-10-06 04:39:48,223 [INFO] Sent -> NGC 5246 | SchüniKI
2026-10-06 04:39:48,332 [INFO] Sent -> Kategori:Türkiye 21 yaş altı millî futbol takımı futbolcuları | Vikiçizer
2026-10-06 04:39:48,439 [INFO] Sent -> Q116395736 | DERDAKI ILIAS
2026-10-06 04:39:48,547 [INFO] Sent -> Category:Pages with local camera coordinates and missing SDC coordinates | Chabe01
2026-10-06 04:39:48,670 [INFO] Sent -> Category:Files with coordinates missing SDC location of creation (50° N, 6° E) | Chabe01
2026-10-06 04:39:48,779 [INFO] Sent -> ထာမ်ပလိက်:w2/documentation | Intobesa.bot
2026-10-06 04:39:48,889 [INFO] Sent -> Category:Creative Commons Attribution-Share Alike missing SDC copyright status | Chabe01
2026-10-06 04:39:48,996 [INFO] Sent -> Category:CC-BY-SA-4.0 | Chabe01
2026-10-06 04:39:49,107 [INFO] Sent -> Q141657028 | Rohini
2026-10-06 04:39:49,218 [INFO] Sent -> Category:Creative Commons Attribution-Share Alike 4.0 missing SDC copyright license | Chabe01
2026-10-06 04:39:49,327 [INFO] Sent -> Category:Self-published work | Chabe01
2026-10-06 04:39:49,437 [INFO] Sent -> Category:Self-published work missing SDC copyright license | Chabe01
2026-10-06 04:39:49,547 [INFO] Sent -> Category:Aachen | Chabe01
2026-10-06 04:39:49,657 [INFO] Sent -> Kategori:Türkiye 21 yaş altı millî futbol takımı futbolcuları | Vikiçizer
2026-10-06 04:39:49,765 [INFO] Sent -> Q116390595 | DERDAKI ILIAS
2026-10-06 04:39:49,874 [INFO] Sent -> Category:September 2026 in Aachen | Chabe01
2026-10-06 04:39:49,983 [INFO] Sent -> Q24189705 | MsynBot
2026-10-06 04:39:50,092 [INFO] Sent -> Category:Images of Aachen by Chabe01 | Chabe01
2026-10-06 04:39:50,202 [INFO] Sent -> Kategori:Türkiye 21 yaş altı millî futbol takımı futbolcuları | Vikiçizer
2026-10-06 04:39:50,311 [INFO] Sent -> Category:North Rhine-Westphalia photographs taken on 2026-09-27 | Chabe01
2026-10-06 04:39:50,421 [INFO] Sent -> Category:Images by Chabe01 taken with iPhone 16 Pro | Chabe01
2026-10-06 04:39:50,531 [INFO] Sent -> File:ISS074-E-566299 - View of Earth.jpg | OptimusPrimeBot
2026-10-06 04:39:50,642 [INFO] Sent -> ענבל אור | Meirchot
2026-10-06 04:39:50,751 [INFO] Sent -> Q116395737 | DERDAKI ILIAS
2026-10-06 04:39:50,858 [INFO] Sent -> Cornant | Vikiçizer
2026-10-06 04:39:50,966 [INFO] Progress: 5700 sent, 0 skipped.
2026-10-06 04:39:51,077 [INFO] Sent -> Category:因历史原因保留的已停用模板 | Hamish-bot
2026-10-06 04:39:51,187 [INFO] Sent -> File:ISS074-E-566300 - View of Earth.jpg | OptimusPrimeBot
2026-10-06 04:39:51,298 [INFO] Sent -> Q116390596 | DERDAKI ILIAS
2026-10-06 04:39:51,406 [INFO] Sent -> File:Hôtel Ville - Aix-la-Chapelle (DEA2) - 2026-09-27 - 6.jpg | Chabe01
2026-10-06 04:39:51,514 [INFO] Sent -> పుట:ప్రతాపరుద్రీయమ్ (విద్యానాథ).pdf/357 | దేవీప్రసాదశాస్త్రి
2026-10-06 04:39:51,626 [INFO] Sent -> Q116395738 | DERDAKI ILIAS
2026-10-06 04:39:51,738 [INFO] Sent -> Q141657028 | Rohini
2026-10-06 04:39:51,847 [INFO] Sent -> Q13486012 | Mrwdat3
2026-10-06 04:39:51,959 [INFO] Sent -> Emrecan Terzi | Vikiçizer
2026-10-06 04:39:52,070 [INFO] Sent -> Erencan Yardımcı | Vikiçizer
2026-10-06 04:39:52,178 [INFO] Sent -> Q37337518 | Cewbot
2026-10-06 04:39:52,287 [INFO] Sent -> Kategori:Türkiye 21 yaş altı millî futbol takımı futbolcuları | Vikiçizer
2026-10-06 04:39:52,396 [INFO] Sent -> Q141657028 | Rohini
2026-10-06 04:39:52,506 [INFO] Sent -> వర్గం:అచ్చుదిద్దబడని | దేవీప్రసాదశాస్త్రి
2026-10-06 04:39:52,614 [INFO] Sent -> Q138805654 | Pudox
2026-10-06 04:39:52,722 [INFO] Sent -> Քննարկում:Բզեզ (քանդակ) | 23artashes
2026-10-06 04:39:52,836 [INFO] Sent -> File:S. Hieronymus - btv1b52504546z (415 of 620).jpg | Gzen92Bot
2026-10-06 04:39:52,954 [INFO] Sent -> 토론:배서스트 (뉴사우스웨일스주) | InternetArchiveBot
2026-10-06 04:39:53,063 [INFO] Sent -> Q138804357 | Pudox
2026-10-06 04:39:53,172 [INFO] Sent -> Coulangeron | Vikiçizer
2026-10-06 04:39:53,282 [INFO] Sent -> Anıl Yaşar | Vikiçizer
2026-10-06 04:39:53,392 [INFO] Sent -> பக்கம்:சமயச் சொல்லகராதி.pdf/367 | SENTHAMIZHSELVI A
2026-10-06 04:39:53,500 [INFO] Sent -> კატეგორია:ირმის ნახტომი | Surprizi
2026-10-06 04:39:53,610 [INFO] Sent -> 배서스트 (뉴사우스웨일스주) | InternetArchiveBot
2026-10-06 04:39:53,719 [INFO] Sent -> Kategori:Türkiye 21 yaş altı millî futbol takımı futbolcuları | Vikiçizer
2026-10-06 04:39:53,827 [INFO] Sent -> błëcha | Altobot
2026-10-06 04:39:53,936 [INFO] Sent -> Ivan Della Mea | CheckWikiBOT
2026-10-06 04:39:54,045 [INFO] Sent -> Կատեգորիա:Չեխերեն Վիքիպեդիայից թարգմանված հոդվածներ | 23artashes
2026-10-06 04:39:54,156 [INFO] Sent -> File:Johannes Ahlburg (1883–1919).jpg | HorstKMahler
2026-10-06 04:39:54,265 [INFO] Sent -> 분류:중국의 반도체 기업 | 대구버스매니아
2026-10-06 04:39:54,374 [INFO] Sent -> Կատեգորիա:Վիքիպեդիա:Թարգմանված հոդվածներ | 23artashes
2026-10-06 04:39:54,485 [INFO] Sent -> Category:Artworks without Wikidata item | Gzen92Bot
2026-10-06 04:39:54,596 [INFO] Sent -> Category:PD France | Gzen92Bot
2026-10-06 04:39:54,704 [INFO] Sent -> Utku Yuvakuran | Vikiçizer
2026-10-06 04:39:54,813 [INFO] Sent -> Category:PD US expired | Gzen92Bot
2026-10-06 04:39:54,921 [INFO] Sent -> Category:PD-US missing SDC copyright status | Gzen92Bot
2026-10-06 04:39:55,032 [INFO] Sent -> Category:PD-old missing SDC copyright status | Gzen92Bot
2026-10-06 04:39:55,141 [INFO] Sent -> Q141657028 | Rohini
2026-10-06 04:39:55,250 [INFO] Sent -> Category:CC-PD-Mark | Gzen92Bot
2026-10-06 04:39:55,358 [INFO] Sent -> Kategori:Türkiye 21 yaş altı millî futbol takımı futbolcuları | Vikiçizer
2026-10-06 04:39:55,470 [INFO] Sent -> User:日期20220626/賽季 | 日期20220626
2026-10-06 04:39:55,579 [INFO] Sent -> Category:PD Old (assumed) | Gzen92Bot
2026-10-06 04:39:55,687 [INFO] Sent -> பகுப்பு:மெய்ப்பு பார்க்கப்படாதவை | SENTHAMIZHSELVI A
2026-10-06 04:39:55,795 [INFO] Sent -> Q14657799 | Mrwdat3
2026-10-06 04:39:55,905 [INFO] Sent -> Category:Manuscripts from Gallica (Bibliothèque nationale de France) uploaded by Gzen92Bot | Gzen92Bot
2026-10-06 04:39:56,013 [INFO] Sent -> Category:S. Hieronymus - btv1b52504546z | Gzen92Bot
2026-10-06 04:39:56,123 [INFO] Sent -> Category:PD-old missing SDC copyright status | HorstKMahler
2026-10-06 04:39:56,232 [INFO] Sent -> კატეგორია:ირმის ნახტომის ქვეჯგუფი | Surprizi
2026-10-06 04:39:56,340 [INFO] Sent -> Category:CC-PD-Mark | HorstKMahler
2026-10-06 04:39:56,450 [INFO] Sent -> Category:Author died more than 70 years ago public domain images | HorstKMahler
2026-10-06 04:39:56,558 [INFO] Sent -> Category:Johannes Ahlburg | HorstKMahler
2026-10-06 04:39:56,667 [INFO] Sent -> Kategori:Türkiye'deki gurbetçi erkek futbolcular | İmmortalance
2026-10-06 04:39:56,775 [INFO] Sent -> Sinodendroides | JohnSka
2026-10-06 04:39:56,884 [INFO] Sent -> Hamel | BosaFi
2026-10-06 04:39:56,994 [INFO] Sent -> Kategori:Türkiye'deki gurbetçi futbolcular | İmmortalance
2026-10-06 04:39:57,103 [INFO] Sent -> Q37337549 | Cewbot
2026-10-06 04:39:57,214 [INFO] Sent -> 분류:중국의 제조 기업 | 대구버스매니아
2026-10-06 04:39:57,322 [INFO] Sent -> File:Bible. A.T. Pentateuque-Hapṭarah-Megillôt (hébreu) - btv1b10549397c (181 of 639).jpg | Gzen92Bot
2026-10-06 04:39:57,432 [INFO] Sent -> Kategori:Türkiye 21 yaş altı millî futbol takımı futbolcuları | Vikiçizer
2026-10-06 04:39:57,540 [INFO] Sent -> Q21667604 | Rebot
2026-10-06 04:39:57,649 [INFO] Sent -> Printing and the Mind of Man | Krdbot
2026-10-06 04:39:57,761 [INFO] Sent -> File:RD and Senators Tillis and Budd Breakground Northeast Academy for Aerospace and Advanced Technologies Expansion (20241008-USDA-RD-NC-REK-0001).jpg | SchlurcherBot
2026-10-06 04:39:57,868 [INFO] Sent -> Category:多種運動使用的術語 | 日期20220626
2026-10-06 04:39:57,977 [INFO] Sent -> Kurs:Singularitätentheorie (Osnabrück 2026-2027)/R^n/n geq 3/Ohne Punkt/Einfach zusammenhängend/Aufgabe/Aufgabereferenznummer | Arbota
2026-10-06 04:39:58,096 [INFO] Sent -> Category:體育賽季 | 日期20220626
2026-10-06 04:39:58,209 [INFO] Sent -> Kategori:Artikler uten artslenker fra Wikidata | JohnSka
2026-10-06 04:39:58,320 [INFO] Sent -> Category:Artworks without Wikidata item | Gzen92Bot
2026-10-06 04:39:58,430 [INFO] Sent -> Kategori:Artikler med artslenker og uten kobling til Wikidata | JohnSka
2026-10-06 04:39:58,541 [INFO] Sent -> Q24192395 | MsynBot
2026-10-06 04:39:58,667 [INFO] Sent -> Category:PD France | Gzen92Bot
2026-10-06 04:39:58,791 [INFO] Sent -> Kategori:Artikler uten autoritetsdatalenker fra Wikidata | JohnSka
2026-10-06 04:39:58,907 [INFO] Sent -> Category:Manuscripts from Gallica (Bibliothèque nationale de France) uploaded by Gzen92Bot | Gzen92Bot
2026-10-06 04:39:59,016 [INFO] Sent -> Kategori:Biller formelt beskrevet i 2005 | JohnSka
2026-10-06 04:39:59,123 [INFO] Sent -> Category:Bible. A.T. Pentateuque-Hapṭarah-Megillôt (hébreu) - btv1b10549397c | Gzen92Bot
2026-10-06 04:39:59,232 [INFO] Sent -> Kategori:Kardinalbiller | JohnSka
2026-10-06 04:39:59,341 [INFO] Sent -> Category:Files with no machine-readable author | Gzen92Bot
2026-10-06 04:39:59,449 [INFO] Sent -> Kategori:Dyr formelt beskrevet av Daniel K. Young | JohnSka
2026-10-06 04:39:59,559 [INFO] Sent -> File:Carpentras - Porte couvent dominicain 1.jpg | Rkieferbot
2026-10-06 04:39:59,668 [INFO] Sent -> Q141656935 | 12akd
2026-10-06 04:39:59,777 [INFO] Sent -> File:Johannes Ahlburg (1883–1919).jpg | HorstKMahler
2026-10-06 04:39:59,886 [INFO] Sent -> Kategorie:Kurs:Singularitätentheorie (Osnabrück 2026-2027)/Referenznummer | Arbota
2026-10-06 04:39:59,997 [INFO] Sent -> San Francisco (Be Sure to Wear Flowers in Your Hair) | FugaNarasi
2026-10-06 04:40:00,105 [INFO] Sent -> San Francisco (Be Sure to Wear Flowers in Your Hair) | FugaNarasi
2026-10-06 04:40:00,213 [INFO] Sent -> Tonino Lamborghini (rokok) | Takutniancik
2026-10-06 04:40:00,326 [INFO] Sent -> Igor Jančevski | İmmortalance
2026-10-06 04:40:00,437 [INFO] Sent -> Coulanges-la-Vineuse | Vikiçizer
2026-10-06 04:40:00,547 [INFO] Sent -> San Francisco (Be Sure to Wear Flowers in Your Hair) | FugaNarasi
2026-10-06 04:40:00,697 [INFO] Sent -> Q114679126 | Mrwdat3
2026-10-06 04:40:00,903 [INFO] Sent -> Kategori:Türkiye 21 yaş altı millî futbol takımı futbolcuları | Vikiçizer
2026-10-06 04:40:01,046 [INFO] Sent -> The Blue Road (TV series) | ねこの森には帰れない
2026-10-06 04:40:01,167 [INFO] Sent -> File:Hôtel Ville - Aix-la-Chapelle (DEA2) - 2026-09-27 - 7.jpg | Chabe01
2026-10-06 04:40:01,277 [INFO] Sent -> Wikipedia:Spiele/Drei Wünsche frei/Hall of Fairies | Gripweed
2026-10-06 04:40:01,391 [INFO] Sent -> Okay Yokuşlu | Vikiçizer
2026-10-06 04:40:01,513 [INFO] Sent -> Q97577496 | MsynBot
2026-10-06 04:40:01,621 [INFO] Sent -> Kategori:Türkiye'deki gurbetçi erkek futbolcular | İmmortalance
2026-10-06 04:40:01,728 [INFO] Sent -> Kategori:Türkiye'deki gurbetçi futbolcular | İmmortalance
2026-10-06 04:40:01,838 [INFO] Sent -> Category:Pages with local camera coordinates and missing SDC coordinates | Chabe01
2026-10-06 04:40:01,950 [INFO] Sent -> Category:Files with coordinates missing SDC location of creation (50° N, 6° E) | Chabe01
2026-10-06 04:40:02,060 [INFO] Sent -> Category:Creative Commons Attribution-Share Alike missing SDC copyright status | Chabe01
2026-10-06 04:40:02,168 [INFO] Progress: 5800 sent, 0 skipped.
2026-10-06 04:40:02,278 [INFO] Sent -> Category:Creative Commons Attribution-Share Alike 4.0 missing SDC copyright license | Chabe01
2026-10-06 04:40:02,388 [INFO] Sent -> Category:Self-published work | Chabe01
2026-10-06 04:40:02,496 [INFO] Sent -> Category:Self-published work missing SDC copyright license | Chabe01
2026-10-06 04:40:02,607 [INFO] Sent -> Category:Aachen | Chabe01
2026-10-06 04:40:02,716 [INFO] Sent -> Category:September 2026 in Aachen | Chabe01
2026-10-06 04:40:02,830 [INFO] Sent -> Category:Images of Aachen by Chabe01 | Chabe01
2026-10-06 04:40:02,939 [INFO] Sent -> Category:North Rhine-Westphalia photographs taken on 2026-09-27 | Chabe01
2026-10-06 04:40:03,047 [INFO] Sent -> File:FOUAGES, classés chronologiquement depuis Charles IV le Bel jusqu'à Henri III. (1326-1582). Louis XI. (1479-1482). - btv1b107207822 (264 of 279).jpg | SchlurcherBot
2026-10-06 04:40:03,162 [INFO] Sent -> Category:Images by Chabe01 taken with iPhone 16 Pro | Chabe01
2026-10-06 04:40:03,284 [INFO] Sent -> Q2920306 | Mrwdat3
2026-10-06 04:40:03,405 [INFO] Sent -> Q8815483 | KaleemBot
2026-10-06 04:40:03,515 [INFO] Sent -> Trattato di Pinckney | Mimbolla
2026-10-06 04:40:03,626 [INFO] Sent -> Q138805656 | Pudox
2026-10-06 04:40:03,734 [INFO] Sent -> Mexisphodrus profundus | Lavalizard101
2026-10-06 04:40:03,844 [INFO] Sent -> File:Hôtel Ville - Aix-la-Chapelle (DEA2) - 2026-09-27 - 7.jpg | Chabe01
2026-10-06 04:40:03,952 [INFO] Sent -> simtineke | JiyanBot
2026-10-06 04:40:04,062 [INFO] Sent -> Q24192401 | MsynBot
2026-10-06 04:40:04,171 [INFO] Sent -> Q138804360 | Pudox
2026-10-06 04:40:04,281 [INFO] Sent -> Filip Hološko | İmmortalance
2026-10-06 04:40:04,389 [INFO] Sent -> Category:CS1 errors: dates | ねこの森には帰れない
2026-10-06 04:40:04,498 [INFO] Sent -> Kategori:Türkiye 21 yaş altı millî futbol takımı futbolcuları | Vikiçizer
2026-10-06 04:40:04,610 [INFO] Sent -> File:Tian zhu sheng jiao ri ke. - btv1b90069149 (121 of 235).jpg | Gzen92Bot
2026-10-06 04:40:04,720 [INFO] Sent -> Luca Niculescu | PaulAnton1988
2026-10-06 04:40:04,831 [INFO] Sent -> Q13498221 | Mrwdat3
2026-10-06 04:40:04,940 [INFO] Sent -> Q16606810 | Kristbaumbot
2026-10-06 04:40:05,047 [INFO] Sent -> Category:Accepted species names | Lavalizard101
2026-10-06 04:40:05,156 [INFO] Sent -> Category:Accepted species name | Lavalizard101
2026-10-06 04:40:05,265 [INFO] Sent -> Projet:Roller et skateboard/Suivi | OrlodrimBot
2026-10-06 04:40:05,372 [INFO] Sent -> Category:Artworks without Wikidata item | Gzen92Bot
2026-10-06 04:40:05,481 [INFO] Sent -> Category:PD France | Gzen92Bot
2026-10-06 04:40:05,591 [INFO] Sent -> Coulanges-sur-Yonne | Vikiçizer
2026-10-06 04:40:05,700 [INFO] Sent -> Category:Manuscripts from Gallica (Bibliothèque nationale de France) uploaded by Gzen92Bot | Gzen92Bot
2026-10-06 04:40:05,811 [INFO] Sent -> Category:Tian zhu sheng jiao ri ke. - btv1b90069149 | Gzen92Bot
2026-10-06 04:40:05,932 [INFO] Sent -> Category:Files with no machine-readable author | Gzen92Bot
2026-10-06 04:40:06,041 [INFO] Sent -> File:Carpentras - Porte couvent dominicain 2.jpg | Rkieferbot
2026-10-06 04:40:06,151 [INFO] Sent -> Q14500460 | Mrwdat3
2026-10-06 04:40:06,258 [INFO] Sent -> Terre Sainte | ~2026-53554-35
2026-10-06 04:40:06,367 [INFO] Sent -> TCG Preveze (S345) | SmartyPants22
2026-10-06 04:40:06,474 [INFO] Sent -> retamboreada | Afmein78
2026-10-06 04:40:06,585 [INFO] Sent -> Coulours | Vikiçizer
2026-10-06 04:40:06,692 [INFO] Sent -> زمرہ:560ء کی دہائی میں ختم ہونے والی ریاستیں اور علاقے | KaleemBot
2026-10-06 04:40:06,800 [INFO] Sent -> Kategori:Türkiye'deki gurbetçi erkek futbolcular | İmmortalance
2026-10-06 04:40:06,915 [INFO] Sent -> Kategori:Türkiye'deki gurbetçi futbolcular | İmmortalance
2026-10-06 04:40:07,038 [INFO] Sent -> Q138651804 | MysticMoods
2026-10-06 04:40:07,148 [INFO] Sent -> Q141657028 | Rohini
2026-10-06 04:40:07,257 [INFO] Sent -> Q138651804 | MysticMoods
2026-10-06 04:40:07,367 [INFO] Sent -> Vedette (casa discografica) | CheckWikiBOT
2026-10-06 04:40:07,477 [INFO] Sent -> Ali Şahin Yılmaz | Vikiçizer
2026-10-06 04:40:07,584 [INFO] Sent -> Category:Spanish 6-syllable words | Afmein78
2026-10-06 04:40:07,693 [INFO] Sent -> vluchthuisje | Kvdrgeus
2026-10-06 04:40:07,801 [INFO] Sent -> Category:Spanish terms with IPA pronunciation | Afmein78
2026-10-06 04:40:07,912 [INFO] Sent -> Category:Rhymes:Spanish/ada | Afmein78
2026-10-06 04:40:08,022 [INFO] Sent -> Category:Naval ships commissioned in 1972 | SmartyPants22
2026-10-06 04:40:08,132 [INFO] Sent -> Category:Rhymes:Spanish/ada/6 syllables | Afmein78
2026-10-06 04:40:08,241 [INFO] Sent -> Category:Naval ships decommissioned in 1987 | SmartyPants22
2026-10-06 04:40:08,353 [INFO] Sent -> Category:Spanish adj forms | Afmein78
2026-10-06 04:40:08,476 [INFO] Sent -> Category:16-year-old human males | Antoine.01
2026-10-06 04:40:08,596 [INFO] Sent -> Catégorie:Traductions en bulgare | ~2026-53554-35
2026-10-06 04:40:08,704 [INFO] Sent -> File:Sign for the Counting House - geograph.org.uk - 7588034.jpg | Voldesade
2026-10-06 04:40:08,830 [INFO] Sent -> Category:Pages with entries | Afmein78
2026-10-06 04:40:08,953 [INFO] Sent -> Catégorie:Traductions en hongrois | ~2026-53554-35
2026-10-06 04:40:09,059 [INFO] Sent -> Category:Pages with 1 entry | Afmein78
2026-10-06 04:40:09,167 [INFO] Sent -> Catégorie:Traductions en roumain | ~2026-53554-35
2026-10-06 04:40:09,276 [INFO] Sent -> II. Géza magyar király | Pasztilla
2026-10-06 04:40:09,385 [INFO] Sent -> Q14270824 | Mrwdat3
2026-10-06 04:40:09,495 [INFO] Sent -> Tarik Hodžić | İmmortalance
2026-10-06 04:40:09,605 [INFO] Sent -> Categorie:Woorden met 3 lettergrepen in het Nederlands | Kvdrgeus
2026-10-06 04:40:09,720 [INFO] Sent -> Q141657028 | Rohini
2026-10-06 04:40:09,841 [INFO] Sent -> Categorie:Woorden in het Nederlands met IPA-weergave | Kvdrgeus
2026-10-06 04:40:09,951 [INFO] Sent -> Q138805659 | Pudox
2026-10-06 04:40:10,062 [INFO] Sent -> Hrvoje Čale | İmmortalance
2026-10-06 04:40:10,173 [INFO] Sent -> Q138804361 | Pudox
2026-10-06 04:40:10,282 [INFO] Sent -> Q141657020 | Ebi4real
2026-10-06 04:40:10,393 [INFO] Sent -> Bibliography of George W. Bush | D11JKS128132
2026-10-06 04:40:10,505 [INFO] Sent -> Q37337549 | Cewbot
2026-10-06 04:40:10,613 [INFO] Sent -> Bibliography of George W. Bush | D11JKS128132
2026-10-06 04:40:10,722 [INFO] Sent -> Samsung | Epohgx zoegbp
2026-10-06 04:40:10,830 [INFO] Sent -> Bibliography of George W. Bush | D11JKS128132
2026-10-06 04:40:10,939 [INFO] Sent -> Category:Dumbarton | Voldesade
2026-10-06 04:40:11,048 [INFO] Sent -> Category:Pub signs in West Dunbartonshire | Voldesade
2026-10-06 04:40:11,157 [INFO] Sent -> Category:West Dunbartonshire | Voldesade
2026-10-06 04:40:11,268 [INFO] Sent -> Bibliography of George W. Bush | D11JKS128132
2026-10-06 04:40:11,376 [INFO] Sent -> Q14892530 | Mrwdat3
2026-10-06 04:40:11,486 [INFO] Sent -> Bibliography of George W. Bush | D11JKS128132
2026-10-06 04:40:11,595 [INFO] Sent -> User:Feathers99 | Feathers99
2026-10-06 04:40:11,704 [INFO] Sent -> Q24192414 | MsynBot
2026-10-06 04:40:11,815 [INFO] Sent -> Q141657028 | Rohini
2026-10-06 04:40:11,925 [INFO] Sent -> Q311542 | HanTsî
2026-10-06 04:40:12,034 [INFO] Sent -> Q116390599 | DERDAKI ILIAS
2026-10-06 04:40:12,145 [INFO] Sent -> Mohammad Mahamuddin | KishorEdits
2026-10-06 04:40:12,257 [INFO] Sent -> Kategori:Türkiye 21 yaş altı millî futbol takımı futbolcuları | Vikiçizer
2026-10-06 04:40:12,365 [INFO] Sent -> Kategori:Türkiye'deki gurbetçi erkek futbolcular | İmmortalance
2026-10-06 04:40:12,474 [INFO] Sent -> 近藤あさみ | TakedaRen
2026-10-06 04:40:12,582 [INFO] Sent -> Kategori:Türkiye'deki gurbetçi futbolcular | İmmortalance
2026-10-06 04:40:12,692 [INFO] Sent -> Catherine Nanziri | Brenda Namulinda
2026-10-06 04:40:12,799 [INFO] Sent -> Q141656953 | Lasemainecomtoise
2026-10-06 04:40:12,907 [INFO] Sent -> Otú:Ngwaọrụ eletrik | Epohgx zoegbp
2026-10-06 04:40:13,017 [INFO] Sent -> Q141657028 | Rohini
2026-10-06 04:40:13,124 [INFO] Sent -> Q116395740 | DERDAKI ILIAS
2026-10-06 04:40:13,232 [INFO] Progress: 5900 sent, 0 skipped.
2026-10-06 04:40:13,341 [INFO] Sent -> النقل في مصر القديمة | زين العابدين 22
2026-10-06 04:40:13,448 [INFO] Sent -> Q124825081 | Mrwdat3
2026-10-06 04:40:13,555 [INFO] Sent -> Kategori:Türkiye'deki gurbetçi erkek futbolcular | İmmortalance
2026-10-06 04:40:13,668 [INFO] Sent -> Kategori:Türkiye'deki gurbetçi futbolcular | İmmortalance
2026-10-06 04:40:13,789 [INFO] Sent -> Q3257576 | Python72
2026-10-06 04:40:13,901 [INFO] Sent -> Q78652788 | Totorvdr59
2026-10-06 04:40:14,007 [INFO] Sent -> Бачило, Алесь | EgorCrazyGeek
2026-10-06 04:40:14,117 [INFO] Sent -> Mark, Illinois | ListeriaBot
2026-10-06 04:40:14,225 [INFO] Sent -> Courgenay, Yonne | Vikiçizer
2026-10-06 04:40:14,335 [INFO] Sent -> Q141657021 | Merci Kahubangwa
2026-10-06 04:40:14,443 [INFO] Sent -> File:RudnyaPogost 022 2933.jpg | Rkieferbot
2026-10-06 04:40:14,552 [INFO] Sent -> File:Crape Jasmine bd.jpg | Saosukham
2026-10-06 04:40:14,661 [INFO] Sent -> Castrum Rauracense | Veleius
2026-10-06 04:40:14,770 [INFO] Sent -> File:Kolomna Moskvoretskaya street 15 2020-05 303.JPG | Svetlov Artem
2026-10-06 04:40:14,877 [INFO] Sent -> تصنيف:أخطاء الاستشهاد: وسائط غير مدعومة | زين العابدين 22
2026-10-06 04:40:14,985 [INFO] Sent -> تصنيف:أخطاء الاستشهاد: التاريخ | زين العابدين 22
2026-10-06 04:40:15,096 [INFO] Sent -> تصنيف:الاستشهاد بمصادر باللغة الإسبانية (es) | زين العابدين 22
2026-10-06 04:40:15,203 [INFO] Sent -> Q54381987 | Nabbot
2026-10-06 04:40:15,312 [INFO] Sent -> تصنيف:أخطاء الاستشهاد: وسائط غير معروفة فارغة | زين العابدين 22
2026-10-06 04:40:15,423 [INFO] Sent -> تصنيف:صيانة الاستشهاد: استشهادات بمسارات غير مؤرشفة | زين العابدين 22
2026-10-06 04:40:15,597 [INFO] Sent -> تصنيف:مقالات ربما تستخدم اقتباسات عربية بحاجة لمراجعة | زين العابدين 22
2026-10-06 04:40:15,724 [INFO] Sent -> تصنيف:وصلة كومنز هي اسم الصفحة | زين العابدين 22
2026-10-06 04:40:15,924 [INFO] Sent -> Marine, Illinois | ListeriaBot
2026-10-06 04:40:16,189 [INFO] Sent -> Q138804363 | Pudox
2026-10-06 04:40:16,347 [INFO] Sent -> Alfred Mitlacher | SK Sturm Fan
2026-10-06 04:40:16,466 [INFO] Sent -> تصنيف:تاريخ مصر القديمة | زين العابدين 22
2026-10-06 04:40:16,576 [INFO] Sent -> File:Церковь-школа РУЖД.JPG | Rkieferbot
2026-10-06 04:40:16,699 [INFO] Sent -> تصنيف:التكنولوجيا في مصر القديمة | زين العابدين 22
2026-10-06 04:40:16,823 [INFO] Sent -> Q141657028 | Rohini
2026-10-06 04:40:16,932 [INFO] Sent -> Some Kind of Monster (фильм) | ~2026-53567-03
2026-10-06 04:40:17,040 [INFO] Sent -> Q138805662 | Pudox
2026-10-06 04:40:17,148 [INFO] Sent -> Some Kind of Monster (фильм) | ~2026-53567-03
2026-10-06 04:40:17,259 [INFO] Sent -> File:ISS074-E-566303 - View of Earth.jpg | OptimusPrimeBot
2026-10-06 04:40:17,367 [INFO] Sent -> Q141657028 | Rohini
2026-10-06 04:40:17,477 [INFO] Sent -> File:Crape Jasmine bd.jpg | Saosukham
2026-10-06 04:40:17,586 [INFO] Sent -> כוס (סלנג) | TheStriker
2026-10-06 04:40:17,696 [INFO] Sent -> Q37337692 | Cewbot
2026-10-06 04:40:17,804 [INFO] Sent -> Category:ISS photographs taken on 2026-05-03 | OptimusPrimeBot
2026-10-06 04:40:17,914 [INFO] Sent -> Q141657028 | Rohini
2026-10-06 04:40:18,024 [INFO] Sent -> Category:Taken on missing SDC inception | OptimusPrimeBot
2026-10-06 04:40:18,132 [INFO] Sent -> Wikipédia:Le saviez-vous ?/Anecdotes proposées | Mandariine
2026-10-06 04:40:18,242 [INFO] Sent -> Category:Images from the Earth Science and Remote Sensing Unit, Lyndon B. Johnson Space Center | OptimusPrimeBot
2026-10-06 04:40:18,351 [INFO] Sent -> Q138804368 | Pudox
2026-10-06 04:40:18,461 [INFO] Sent -> Category:Pages with local object coordinates and missing SDC coordinates | OptimusPrimeBot
2026-10-06 04:40:18,576 [INFO] Sent -> Category:Files with coordinates missing SDC location of creation | OptimusPrimeBot
2026-10-06 04:40:18,703 [INFO] Sent -> Category:PD NASA | OptimusPrimeBot
2026-10-06 04:40:18,834 [INFO] Sent -> Category:PD-USGov missing SDC copyright status | OptimusPrimeBot
2026-10-06 04:40:18,947 [INFO] Sent -> Category:ISS Expedition 74 Crew Earth Observations (dump) | OptimusPrimeBot
2026-10-06 04:40:19,067 [INFO] Sent -> Category:NASA GAPE files uploaded by OptimusPrimeBot | OptimusPrimeBot
2026-10-06 04:40:19,174 [INFO] Sent -> Category:Taken with Nikon Z 9 | OptimusPrimeBot
2026-10-06 04:40:19,281 [INFO] Sent -> Q138805664 | Pudox
2026-10-06 04:40:19,391 [INFO] Sent -> Kullanıcı:Tuğba çakır çırak | Tuğba çakır çırak
2026-10-06 04:40:19,499 [INFO] Sent -> Courgis | Vikiçizer
2026-10-06 04:40:19,609 [INFO] Sent -> Q24192415 | MsynBot
2026-10-06 04:40:19,719 [INFO] Sent -> Q141657028 | Rohini
2026-10-06 04:40:19,826 [INFO] Sent -> Q14677994 | Mrwdat3
2026-10-06 04:40:19,936 [INFO] Sent -> Категория:Проект:Музыка:Последняя правка в текущем месяце | ~2026-53567-03
2026-10-06 04:40:20,047 [INFO] Sent -> Runner (film 2026) | Gnolihz
2026-10-06 04:40:20,155 [INFO] Sent -> Mullan Pass | Christof46
2026-10-06 04:40:20,261 [INFO] Sent -> Q138805667 | Pudox
2026-10-06 04:40:20,371 [INFO] Sent -> Q141657028 | Rohini
2026-10-06 04:40:20,479 [INFO] Sent -> Q138804371 | Pudox
2026-10-06 04:40:20,586 [INFO] Sent -> Bitka pri Lipsku (1813) | Jetam2
2026-10-06 04:40:20,694 [INFO] Sent -> Q2390896 | Mrwdat3
2026-10-06 04:40:20,804 [INFO] Sent -> Q141657028 | Rohini
2026-10-06 04:40:20,916 [INFO] Sent -> יעקב חץ | שעה טובה
2026-10-06 04:40:21,039 [INFO] Sent -> File:INKA E-Inobus at Dago Bus Terminal.jpg | TTTNIS
2026-10-06 04:40:21,160 [INFO] Sent -> Next Time I Marry | Phzh
2026-10-06 04:40:21,270 [INFO] Sent -> Q141657028 | Rohini
2026-10-06 04:40:21,380 [INFO] Sent -> Connie Palmen | Machaerus
2026-10-06 04:40:21,492 [INFO] Sent -> Q138804372 | Pudox
2026-10-06 04:40:21,604 [INFO] Sent -> Q2186201 | Mrwdat3
2026-10-06 04:40:21,723 [INFO] Sent -> Cambodian Civil War | Dahn
2026-10-06 04:40:21,833 [INFO] Sent -> Template:PRC admin/data/11/01/13/003/213 | Hamish-bot
2026-10-06 04:40:21,942 [INFO] Sent -> Q138805668 | Pudox
2026-10-06 04:40:22,050 [INFO] Sent -> Courlon-sur-Yonne | Vikiçizer
2026-10-06 04:40:22,159 [INFO] Sent -> Wikipedia:In the news/Candidates | Howard the Duck
2026-10-06 04:40:22,267 [INFO] Sent -> Category:INKA E-Inobus | TTTNIS
2026-10-06 04:40:22,376 [INFO] Sent -> Q141657028 | Rohini
2026-10-06 04:40:22,486 [INFO] Sent -> Category:Industri Kereta Api | TTTNIS
2026-10-06 04:40:22,595 [INFO] Sent -> Vodnopólová extraliga mužov 2008/09 | InternetArchiveBot
2026-10-06 04:40:22,705 [INFO] Sent -> Lieutenant Governor of Quebec | Curc26
2026-10-06 04:40:22,814 [INFO] Sent -> File:La Conquête de la Terre sainte (par GUILLAUME DE TYR), avec la continuation. - btv1b9058986s (019 of 271).jpg | Gzen92Bot
2026-10-06 04:40:22,926 [INFO] Sent -> Charo Cofré | CheckWikiBOT
2026-10-06 04:40:23,036 [INFO] Sent -> Q1370344 | ~2026-53772-44
2026-10-06 04:40:23,148 [INFO] Sent -> Q141657030 | Pi bot
2026-10-06 04:40:23,256 [INFO] Sent -> Q138804374 | Pudox
2026-10-06 04:40:23,366 [INFO] Sent -> ထာမ်ပလိက်:wa-noun/documentation | Intobesa.bot
2026-10-06 04:40:23,477 [INFO] Sent -> Courson-les-Carrières | Vikiçizer
2026-10-06 04:40:23,584 [INFO] Sent -> Category:因历史原因保留的已停用模板 | Hamish-bot
2026-10-06 04:40:23,693 [INFO] Sent -> Q141657028 | Rohini
2026-10-06 04:40:23,800 [INFO] Sent -> Q10627296 | Mrwdat3
2026-10-06 04:40:23,913 [INFO] Sent -> Category:Artworks without Wikidata item | Gzen92Bot
2026-10-06 04:40:24,027 [INFO] Sent -> Tursunov Kozimxoja | Uzbekbest0
2026-10-06 04:40:24,143 [INFO] Sent -> Category:PD France | Gzen92Bot
2026-10-06 04:40:24,252 [INFO] Sent -> Category:PD US expired | Gzen92Bot
2026-10-06 04:40:24,360 [INFO] Sent -> Q24192416 | MsynBot
2026-10-06 04:40:24,470 [INFO] Sent -> Category:PD-US missing SDC copyright status | Gzen92Bot
2026-10-06 04:40:24,579 [INFO] Sent -> Q138805670 | Pudox
2026-10-06 04:40:24,687 [INFO] Progress: 6000 sent, 0 skipped.
2026-10-06 04:40:24,797 [INFO] Sent -> Category:CC-PD-Mark | Gzen92Bot
2026-10-06 04:40:24,907 [INFO] Sent -> File:ISS074-E-566302 - View of Earth.jpg | OptimusPrimeBot
2026-10-06 04:40:25,014 [INFO] Sent -> Category:PD Old (assumed) | Gzen92Bot
2026-10-06 04:40:25,125 [INFO] Sent -> Category:Manuscripts from Gallica (Bibliothèque nationale de France) uploaded by Gzen92Bot | Gzen92Bot
2026-10-06 04:40:25,235 [INFO] Sent -> Category:La Conquête de la Terre sainte (par GUILLAUME DE TYR), avec la continuation. - btv1b9058986s | Gzen92Bot
2026-10-06 04:40:25,345 [INFO] Sent -> ကဏ္ဍ:မုက်လိက်သောဲသောဲမဆေၚ်စပ်ကဵုလိက်စၟတ်သမ္တီမချူပတိုန်လဝ်ဂမၠိုၚ် | Intobesa.bot
2026-10-06 04:40:25,453 [INFO] Sent -> Category:Files with no machine-readable author | Gzen92Bot
2026-10-06 04:40:25,563 [INFO] Sent -> Q138804376 | Pudox
2026-10-06 04:40:25,671 [INFO] Sent -> Q141657028 | Rohini
2026-10-06 04:40:25,782 [INFO] Sent -> File:ISS074-E-566303 - View of Earth.jpg | OptimusPrimeBot
2026-10-06 04:40:25,892 [INFO] Sent -> Q14593045 | Mrwdat3
2026-10-06 04:40:26,002 [INFO] Sent -> Etac | InternetArchiveBot
2026-10-06 04:40:26,113 [INFO] Sent -> Category:ISS photographs taken on 2026-05-03 | OptimusPrimeBot
2026-10-06 04:40:26,221 [INFO] Sent -> Q138805671 | Pudox
2026-10-06 04:40:26,329 [INFO] Sent -> Q1403817 | Belagaile
2026-10-06 04:40:26,438 [INFO] Sent -> Category:Taken on missing SDC inception | OptimusPrimeBot
2026-10-06 04:40:26,549 [INFO] Sent -> Category:Images from the Earth Science and Remote Sensing Unit, Lyndon B. Johnson Space Center | OptimusPrimeBot
2026-10-06 04:40:26,658 [INFO] Sent -> Category:Pages with local object coordinates and missing SDC coordinates | OptimusPrimeBot
2026-10-06 04:40:26,766 [INFO] Sent -> Category:Files with coordinates missing SDC location of creation | OptimusPrimeBot
2026-10-06 04:40:26,875 [INFO] Sent -> Category:PD NASA | OptimusPrimeBot
2026-10-06 04:40:26,984 [INFO] Sent -> Category:PD-USGov missing SDC copyright status | OptimusPrimeBot
2026-10-06 04:40:27,093 [INFO] Sent -> Category:ISS Expedition 74 Crew Earth Observations (dump) | OptimusPrimeBot
2026-10-06 04:40:27,203 [INFO] Sent -> Q141657028 | Rohini
2026-10-06 04:40:27,311 [INFO] Sent -> Q138804378 | Pudox
2026-10-06 04:40:27,420 [INFO] Sent -> Category:NASA GAPE files uploaded by OptimusPrimeBot | OptimusPrimeBot
2026-10-06 04:40:27,528 [INFO] Sent -> Ο ελαφοκυνηγός | Fotis A.
2026-10-06 04:40:27,636 [INFO] Sent -> File:ISS074-E-566301 - View of Earth.jpg | OptimusPrimeBot
2026-10-06 04:40:27,745 [INFO] Sent -> File:Церковь-школа РУЖД - вид со стороны ул. Дегтярная.JPG | Rkieferbot
2026-10-06 04:40:27,853 [INFO] Sent -> Category:Taken with Nikon Z 9 | OptimusPrimeBot
2026-10-06 04:40:27,962 [INFO] Sent -> Bleood | Norlk
2026-10-06 04:40:28,071 [INFO] Sent -> Q10642328 | Mrwdat3
2026-10-06 04:40:28,179 [INFO] Sent -> Inti-Illimani 8 - Canción para matar una culebra | CheckWikiBOT
2026-10-06 04:40:28,288 [INFO] Sent -> Category:ISS photographs taken on 2026-05-03 | OptimusPrimeBot
2026-10-06 04:40:28,396 [INFO] Sent -> Q138805679 | Pudox
2026-10-06 04:40:28,505 [INFO] Sent -> Category:Taken on missing SDC inception | OptimusPrimeBot
2026-10-06 04:40:28,614 [INFO] Sent -> Category:Images from the Earth Science and Remote Sensing Unit, Lyndon B. Johnson Space Center | OptimusPrimeBot
2026-10-06 04:40:28,728 [INFO] Sent -> Category:Pages with local object coordinates and missing SDC coordinates | OptimusPrimeBot
2026-10-06 04:40:28,849 [INFO] Sent -> Category:Files with coordinates missing SDC location of creation | OptimusPrimeBot
2026-10-06 04:40:28,971 [INFO] Sent -> Category:PD NASA | OptimusPrimeBot
2026-10-06 04:40:29,093 [INFO] Sent -> Category:PD-USGov missing SDC copyright status | OptimusPrimeBot
2026-10-06 04:40:29,206 [INFO] Sent -> Q141657028 | Rohini
2026-10-06 04:40:29,328 [INFO] Sent -> Category:ISS Expedition 74 Crew Earth Observations (dump) | OptimusPrimeBot
2026-10-06 04:40:29,437 [INFO] Sent -> Category:NASA GAPE files uploaded by OptimusPrimeBot | OptimusPrimeBot
2026-10-06 04:40:29,548 [INFO] Sent -> Category:Taken with Nikon Z 9 | OptimusPrimeBot
2026-10-06 04:40:29,658 [INFO] Sent -> File:Hôtel Ville - Aix-la-Chapelle (DEA2) - 2026-09-27 - 8.jpg | Chabe01
2026-10-06 04:40:29,766 [INFO] Sent -> Q138804379 | Pudox
2026-10-06 04:40:29,876 [INFO] Sent -> Q37337692 | Cewbot
2026-10-06 04:40:29,986 [INFO] Sent -> Q97577497 | MsynBot
2026-10-06 04:40:30,093 [INFO] Sent -> Category:Images of Cologne by Chabe01 | Chabe01
2026-10-06 04:40:30,203 [INFO] Sent -> इब्रार अहमद | Ganesh591
2026-10-06 04:40:30,314 [INFO] Sent -> Q141657028 | Rohini
2026-10-06 04:40:30,423 [INFO] Sent -> Q138805681 | Pudox
2026-10-06 04:40:30,531 [INFO] Sent -> Samuel Holmén | İmmortalance
2026-10-06 04:40:30,692 [INFO] Sent -> Category:Pages with local camera coordinates and missing SDC coordinates | Chabe01
2026-10-06 04:40:30,816 [INFO] Sent -> Category:Files with coordinates missing SDC location of creation (50° N, 6° E) | Chabe01
2026-10-06 04:40:30,939 [INFO] Sent -> Q1260400 | Soucci
2026-10-06 04:40:31,075 [INFO] Sent -> Category:Creative Commons Attribution-Share Alike missing SDC copyright status | Chabe01
2026-10-06 04:40:31,204 [INFO] Sent -> OK (moped) | Janders
2026-10-06 04:40:31,327 [INFO] Sent -> Category:CC-BY-SA-4.0 | Chabe01
2026-10-06 04:40:31,436 [INFO] Sent -> Category:Creative Commons Attribution-Share Alike 4.0 missing SDC copyright license | Chabe01
2026-10-06 04:40:31,546 [INFO] Sent -> Vitamin B12 deficiency | Johna188
2026-10-06 04:40:31,656 [INFO] Sent -> Category:Self-published work | Chabe01
2026-10-06 04:40:31,763 [INFO] Sent -> Q138804387 | Pudox
2026-10-06 04:40:31,873 [INFO] Sent -> Category:Self-published work missing SDC copyright license | Chabe01
2026-10-06 04:40:31,979 [INFO] Sent -> Category:Aachen | Chabe01
2026-10-06 04:40:32,086 [INFO] Sent -> Category:Hidden categories | Chabe01
2026-10-06 04:40:32,194 [INFO] Sent -> Category:September 2026 in Aachen | Chabe01
2026-10-06 04:40:32,304 [INFO] Sent -> Courtoin | Vikiçizer
2026-10-06 04:40:32,414 [INFO] Sent -> Category:On OSM | Chabe01
2026-10-06 04:40:32,523 [INFO] Sent -> Category:Images of Aachen by Chabe01 | Chabe01
2026-10-06 04:40:32,632 [INFO] Sent -> Q141657028 | Rohini
2026-10-06 04:40:32,741 [INFO] Sent -> Category:User categories (flat list) | Chabe01
2026-10-06 04:40:32,850 [INFO] Sent -> Category:North Rhine-Westphalia photographs taken on 2026-09-27 | Chabe01
2026-10-06 04:40:32,958 [INFO] Sent -> Lexeme:L1742991 | Oung ring
2026-10-06 04:40:33,068 [INFO] Sent -> Category:Images of Germany by Chabe01 | Chabe01
2026-10-06 04:40:33,177 [INFO] Sent -> Category:Images by Chabe01 taken with iPhone 16 Pro | Chabe01
2026-10-06 04:40:33,286 [INFO] Sent -> Q21667605 | Rebot
2026-10-06 04:40:33,395 [INFO] Sent -> Q116395741 | DERDAKI ILIAS
2026-10-06 04:40:33,505 [INFO] Sent -> वर्ग:इ.स. २००४ मधील जन्म | Ganesh591
2026-10-06 04:40:33,614 [INFO] Sent -> Catégorie:Organisation mondiale de la propriété intellectuelle | Fabsss
2026-10-06 04:40:33,724 [INFO] Sent -> वर्ग:हयात व्यक्ती | Ganesh591
2026-10-06 04:40:33,834 [INFO] Sent -> Q24192423 | MsynBot
2026-10-06 04:40:33,942 [INFO] Sent -> File:Hôtel Ville - Aix-la-Chapelle (DEA2) - 2026-09-27 - 8.jpg | Chabe01
2026-10-06 04:40:34,051 [INFO] Sent -> वर्ग:संयुक्त अरब अमिरातीचे क्रिकेट खेळाडू | Ganesh591
2026-10-06 04:40:34,158 [INFO] Sent -> Mittleres Nordfriesland | Markussep
2026-10-06 04:40:34,267 [INFO] Sent -> User:LuciferianBot/task/5/info.json | LuciferianBot
2026-10-06 04:40:34,379 [INFO] Sent -> User:LuciferianBot/task/6/info.json | LuciferianBot
2026-10-06 04:40:34,486 [INFO] Sent -> Q138805682 | Pudox
2026-10-06 04:40:34,594 [INFO] Sent -> Q141657028 | Rohini
2026-10-06 04:40:34,702 [INFO] Sent -> Igor Đurić | İmmortalance
2026-10-06 04:40:34,809 [INFO] Sent -> Q138804389 | Pudox
2026-10-06 04:40:34,917 [INFO] Sent -> OK (moped) | Janders
2026-10-06 04:40:35,027 [INFO] Sent -> Κατηγορία:Ταινίες με θέμα τη διαταραχή μετατραυματικού στρες | Fotis A.
2026-10-06 04:40:35,135 [INFO] Sent -> Catégorie:Projet:Droit/Catégories liées | Fabsss
2026-10-06 04:40:35,242 [INFO] Sent -> Philippe d'Orléans (1838-1894) | MaxGERM
2026-10-06 04:40:35,353 [INFO] Sent -> Catégorie:Projet:Société/Catégories liées | Fabsss
2026-10-06 04:40:35,462 [INFO] Sent -> Catégorie:Institution spécialisée des Nations unies | Fabsss
2026-10-06 04:40:35,572 [INFO] Sent -> Kategori:Türkiye'deki gurbetçi erkek futbolcular | İmmortalance
2026-10-06 04:40:35,680 [INFO] Sent -> Kategori:Türkiye'deki gurbetçi futbolcular | İmmortalance
2026-10-06 04:40:35,790 [INFO] Progress: 6100 sent, 0 skipped.
2026-10-06 04:40:35,900 [INFO] Sent -> Catégorie:Organisme fondé en 1967 | Fabsss
2026-10-06 04:40:36,008 [INFO] Sent -> Catégorie:Association ou organisme ayant son siège à Genève | Fabsss
2026-10-06 04:40:36,118 [INFO] Sent -> Q141657028 | Rohini
2026-10-06 04:40:36,226 [INFO] Sent -> Courtois-sur-Yonne | Vikiçizer
2026-10-06 04:40:36,335 [INFO] Sent -> Hüseyin Sadakyani | İmmortalance
2026-10-06 04:40:36,445 [INFO] Sent -> Q138804390 | Pudox
2026-10-06 04:40:36,557 [INFO] Sent -> పుట:ప్రతాపరుద్రీయమ్ (విద్యానాథ).pdf/358 | దేవీప్రసాదశాస్త్రి
2026-10-06 04:40:36,665 [INFO] Sent -> Q138805685 | Pudox
2026-10-06 04:40:36,775 [INFO] Sent -> Q141656923 | Hitsuji777
2026-10-06 04:40:36,883 [INFO] Sent -> Q37337721 | Cewbot
2026-10-06 04:40:36,991 [INFO] Sent -> Q10482407 | Mrwdat3
2026-10-06 04:40:37,100 [INFO] Sent -> Christianity and domestic violence | Dimadick
2026-10-06 04:40:37,207 [INFO] Sent -> Hüsam Abdülmünim | İmmortalance
2026-10-06 04:40:37,317 [INFO] Sent -> قصبہ بولعوان | InternetArchiveBot
2026-10-06 04:40:37,426 [INFO] Sent -> Q141657028 | Rohini
2026-10-06 04:40:37,535 [INFO] Sent -> Kategori:Türkiye'deki gurbetçi erkek futbolcular | İmmortalance
2026-10-06 04:40:37,645 [INFO] Sent -> Kategori:Türkiye'deki gurbetçi futbolcular | İmmortalance
2026-10-06 04:40:37,754 [INFO] Sent -> File:ISS074-E-566302 - View of Earth.jpg | OptimusPrimeBot
2026-10-06 04:40:37,864 [INFO] Sent -> వర్గం:అచ్చుదిద్దబడని | దేవీప్రసాదశాస్త్రి
2026-10-06 04:40:37,974 [INFO] Sent -> File:ISS074-E-566301 - View of Earth.jpg | OptimusPrimeBot
2026-10-06 04:40:38,084 [INFO] Sent -> Wikipedia Diskussion:WikiDaheim | Maclemo
2026-10-06 04:40:38,192 [INFO] Sent -> 一清会 | 桐山丈太郎
2026-10-06 04:40:38,302 [INFO] Sent -> Category:Pages using infobox settlement with potentially too many maps | Markussep
2026-10-06 04:40:38,412 [INFO] Sent -> Q141657028 | Rohini
2026-10-06 04:40:38,521 [INFO] Sent -> Q138804392 | Pudox
2026-10-06 04:40:38,645 [INFO] Sent -> Category:Pages using the Kartographer extension | Markussep
2026-10-06 04:40:38,754 [INFO] Sent -> Q10558668 | Mrwdat3
2026-10-06 04:40:38,875 [INFO] Sent -> Category:Pages using infobox settlement with no coordinates | Markussep
2026-10-06 04:40:38,984 [INFO] Sent -> تبادلۂ خیال:قصبہ بولعوان | InternetArchiveBot
2026-10-06 04:40:39,110 [INFO] Sent -> File:Церковь-школа РУЖД - вид со стороны проезда.JPG | Rkieferbot
2026-10-06 04:40:39,228 [INFO] Sent -> Q138805687 | Pudox
2026-10-06 04:40:39,336 [INFO] Sent -> File:S. Hieronymus - btv1b52504546z (416 of 620).jpg | Gzen92Bot
2026-10-06 04:40:39,445 [INFO] Sent -> Server Admin Log | Stashbot
2026-10-06 04:40:39,558 [INFO] Sent -> Kategori:Türkiye'deki gurbetçi erkek futbolcular | İmmortalance
2026-10-06 04:40:39,665 [INFO] Sent -> błękitny | Altobot
2026-10-06 04:40:39,772 [INFO] Sent -> Kategori:Türkiye'deki gurbetçi futbolcular | İmmortalance
2026-10-06 04:40:39,882 [INFO] Sent -> The Braxtons | Gayle-Bot
2026-10-06 04:40:39,990 [INFO] Sent -> Coutarnoux | Vikiçizer
2026-10-06 04:40:40,103 [INFO] Sent -> Q10408338 | Mrwdat3
2026-10-06 04:40:40,223 [INFO] Sent -> simtinekê | JiyanBot
2026-10-06 04:40:40,332 [INFO] Sent -> Q138804395 | Pudox
2026-10-06 04:40:40,442 [INFO] Sent -> Category:Artworks without Wikidata item | Gzen92Bot
2026-10-06 04:40:40,551 [INFO] Sent -> Q138805689 | Pudox
2026-10-06 04:40:40,661 [INFO] Sent -> Category:PD France | Gzen92Bot
2026-10-06 04:40:40,769 [INFO] Sent -> Q55674315 | DnaX
2026-10-06 04:40:40,878 [INFO] Sent -> Q141657028 | Rohini
2026-10-06 04:40:40,986 [INFO] Sent -> Category:PD US expired | Gzen92Bot
2026-10-06 04:40:41,096 [INFO] Sent -> Category:PD-US missing SDC copyright status | Gzen92Bot
2026-10-06 04:40:41,204 [INFO] Sent -> 분류:폴란드어 형용사 | Altobot
2026-10-06 04:40:41,314 [INFO] Sent -> Category:PD-old missing SDC copyright status | Gzen92Bot
2026-10-06 04:40:41,423 [INFO] Sent -> Category:CC-PD-Mark | Gzen92Bot
2026-10-06 04:40:41,532 [INFO] Sent -> Category:PD Old (assumed) | Gzen92Bot
2026-10-06 04:40:41,641 [INFO] Sent -> Category:Manuscripts from Gallica (Bibliothèque nationale de France) uploaded by Gzen92Bot | Gzen92Bot
2026-10-06 04:40:41,750 [INFO] Sent -> Category:S. Hieronymus - btv1b52504546z | Gzen92Bot
2026-10-06 04:40:41,858 [INFO] Sent -> Q141657028 | Rohini
2026-10-06 04:40:41,969 [INFO] Sent -> M-Gerät | W2k2
2026-10-06 04:40:42,090 [INFO] Sent -> Kategori:Türkiye'deki gurbetçi erkek futbolcular | İmmortalance
2026-10-06 04:40:42,197 [INFO] Sent -> Kategori:Türkiye'deki gurbetçi futbolcular | İmmortalance
2026-10-06 04:40:42,306 [INFO] Sent -> Q138804396 | Pudox
2026-10-06 04:40:42,415 [INFO] Sent -> Q24192426 | MsynBot
2026-10-06 04:40:42,525 [INFO] Sent -> Quilapayún | CheckWikiBOT
2026-10-06 04:40:42,632 [INFO] Sent -> Q138805701 | Pudox
2026-10-06 04:40:42,740 [INFO] Sent -> Q1862709 | Mrwdat3
2026-10-06 04:40:42,848 [INFO] Sent -> Q141657028 | Rohini
2026-10-06 04:40:42,956 [INFO] Sent -> internacionalist | Al Silonov
2026-10-06 04:40:43,065 [INFO] Sent -> Wikipedia:Pagine da cancellare/Marcello Caltabiano | .mau.
2026-10-06 04:40:43,174 [INFO] Sent -> Discussioni utente:Eletro 16 | LmDerry
2026-10-06 04:40:43,283 [INFO] Sent -> File:INKA E-Inobus at IKEA Padalarang.jpg | TTTNIS
2026-10-06 04:40:43,392 [INFO] Sent -> Q138804405 | Pudox
2026-10-06 04:40:43,500 [INFO] Sent -> Portail:Province d'Anvers/Suivi/Articles récents | OrlodrimBot
2026-10-06 04:40:43,611 [INFO] Sent -> Connie Palmen | Machaerus
2026-10-06 04:40:43,718 [INFO] Sent -> Q141657028 | Rohini
2026-10-06 04:40:43,830 [INFO] Sent -> Q116395742 | DERDAKI ILIAS
2026-10-06 04:40:43,939 [INFO] Sent -> Q16606819 | Kristbaumbot
2026-10-06 04:40:44,051 [INFO] Sent -> Q138805709 | Pudox
2026-10-06 04:40:44,161 [INFO] Sent -> Q138804409 | Pudox
2026-10-06 04:40:44,271 [INFO] Sent -> Category:加拿大议员 | Dragoon17cc
2026-10-06 04:40:44,380 [INFO] Sent -> Category:INKA E-Inobus | TTTNIS
2026-10-06 04:40:44,489 [INFO] Sent -> Category:Industri Kereta Api | TTTNIS
2026-10-06 04:40:44,600 [INFO] Sent -> 拜占庭—薩珊戰爭 (602年—628年) | Chiefwei
2026-10-06 04:40:44,707 [INFO] Sent -> Категория:Хорватский язык | Al Silonov
2026-10-06 04:40:44,817 [INFO] Sent -> Adeodato Giovanni Piazza | Thisiscarmend
2026-10-06 04:40:44,923 [INFO] Sent -> Категория:Хорватские существительные | Al Silonov
2026-10-06 04:40:45,034 [INFO] Sent -> Категория:Мужской род/hr | Al Silonov
2026-10-06 04:40:45,143 [INFO] Sent -> File:Hôtel Ville - Aix-la-Chapelle (DEA2) - 2026-09-27 - 9.jpg | Chabe01
2026-10-06 04:40:45,254 [INFO] Sent -> Категория:Нет сведений о составе слова | Al Silonov
2026-10-06 04:40:45,364 [INFO] Sent -> Q141657028 | Rohini
2026-10-06 04:40:45,474 [INFO] Sent -> Категория:Нужно произношение | Al Silonov
2026-10-06 04:40:45,583 [INFO] Sent -> Q10575896 | Mrwdat3
2026-10-06 04:40:45,987 [INFO] Sent -> Категория:Нужна иллюстрация | Al Silonov
2026-10-06 04:40:46,132 [INFO] Sent -> Категория:Статьи без примеров употребления | Al Silonov
2026-10-06 04:40:46,244 [INFO] Sent -> Категория:Нужна этимология | Al Silonov
2026-10-06 04:40:46,354 [INFO] Sent -> Категория:Требуется категоризация/hr | Al Silonov
2026-10-06 04:40:46,478 [INFO] Sent -> Категория:Слова из 16 букв/hr | Al Silonov
2026-10-06 04:40:46,599 [INFO] Sent -> Restavek | Lucas SantosLs
2026-10-06 04:40:46,711 [INFO] Sent -> Trichomycterus reinhardti | Casisgaal
2026-10-06 04:40:46,832 [INFO] Sent -> Q138804411 | Pudox
2026-10-06 04:40:46,970 [INFO] Sent -> Category:Pages with local camera coordinates and missing SDC coordinates | Chabe01
2026-10-06 04:40:47,093 [INFO] Sent -> Category:Files with coordinates missing SDC location of creation (50° N, 6° E) | Chabe01
2026-10-06 04:40:47,206 [INFO] Progress: 6200 sent, 0 skipped.
2026-10-06 04:40:47,343 [INFO] Sent -> Category:CC-BY-SA-4.0 | Chabe01
2026-10-06 04:40:47,495 [INFO] Sent -> Q138805712 | Pudox
2026-10-06 04:40:47,626 [INFO] Sent -> Category:Creative Commons Attribution-Share Alike 4.0 missing SDC copyright license | Chabe01
2026-10-06 04:40:47,837 [INFO] Sent -> Category:Self-published work | Chabe01
2026-10-06 04:40:48,031 [INFO] Sent -> Q141657028 | Rohini
2026-10-06 04:40:48,164 [INFO] Sent -> Category:Self-published work missing SDC copyright license | Chabe01
2026-10-06 04:40:48,276 [INFO] Sent -> Category:Aachen | Chabe01
2026-10-06 04:40:48,385 [INFO] Sent -> Category:September 2026 in Aachen | Chabe01
2026-10-06 04:40:48,494 [INFO] Sent -> File:Tian zhu sheng jiao ri ke. - btv1b90069149 (122 of 235).jpg | Gzen92Bot
2026-10-06 04:40:48,608 [INFO] Sent -> Q14904790 | Mrwdat3
2026-10-06 04:40:48,726 [INFO] Sent -> Category:Images of Aachen by Chabe01 | Chabe01
2026-10-06 04:40:48,854 [INFO] Sent -> Category:North Rhine-Westphalia photographs taken on 2026-09-27 | Chabe01
2026-10-06 04:40:48,977 [INFO] Sent -> Category:Images by Chabe01 taken with iPhone 16 Pro | Chabe01
2026-10-06 04:40:49,101 [INFO] Sent -> File:Bible. A.T. Pentateuque-Hapṭarah-Megillôt (hébreu) - btv1b10549397c (182 of 639).jpg | Gzen92Bot
2026-10-06 04:40:49,223 [INFO] Sent -> User:Micea348 | Lymantria
2026-10-06 04:40:49,354 [INFO] Sent -> Category:Artworks without Wikidata item | Gzen92Bot
2026-10-06 04:40:49,464 [INFO] Sent -> Q116390602 | DERDAKI ILIAS
2026-10-06 04:40:49,575 [INFO] Sent -> Category:PD France | Gzen92Bot
2026-10-06 04:40:49,685 [INFO] Sent -> Q138804417 | Pudox
2026-10-06 04:40:49,805 [INFO] Sent -> Category:Manuscripts from Gallica (Bibliothèque nationale de France) uploaded by Gzen92Bot | Gzen92Bot
2026-10-06 04:40:49,916 [INFO] Sent -> Category:Tian zhu sheng jiao ri ke. - btv1b90069149 | Gzen92Bot
2026-10-06 04:40:50,027 [INFO] Sent -> Category:Files with no machine-readable author | Gzen92Bot
2026-10-06 04:40:50,148 [INFO] Sent -> テンカジョウ | 上島さくら
2026-10-06 04:40:50,257 [INFO] Sent -> Crain, Yonne | Vikiçizer
2026-10-06 04:40:50,364 [INFO] Sent -> Category:Artworks without Wikidata item | Gzen92Bot
2026-10-06 04:40:50,474 [INFO] Sent -> Q141657028 | Rohini
2026-10-06 04:40:50,583 [INFO] Sent -> Jhon Mena | Madhon335
2026-10-06 04:40:50,693 [INFO] Sent -> Category:PD France | Gzen92Bot
2026-10-06 04:40:50,801 [INFO] Sent -> Q138805713 | Pudox
2026-10-06 04:40:50,911 [INFO] Sent -> Category:Manuscripts from Gallica (Bibliothèque nationale de France) uploaded by Gzen92Bot | Gzen92Bot
2026-10-06 04:40:51,021 [INFO] Sent -> Category:Bible. A.T. Pentateuque-Hapṭarah-Megillôt (hébreu) - btv1b10549397c | Gzen92Bot
2026-10-06 04:40:51,132 [INFO] Sent -> Category:Files with no machine-readable author | Gzen92Bot
2026-10-06 04:40:51,252 [INFO] Sent -> Amulet (comics) | ~2026-53651-91
2026-10-06 04:40:51,362 [INFO] Sent -> Q24192429 | MsynBot
2026-10-06 04:40:51,470 [INFO] Sent -> Q10416744 | Mrwdat3
2026-10-06 04:40:51,580 [INFO] Sent -> Spanish Inquisition | ~2026-53653-41
2026-10-06 04:40:51,689 [INFO] Sent -> Q141657028 | Rohini
2026-10-06 04:40:51,798 [INFO] Sent -> Q138804420 | Pudox
2026-10-06 04:40:51,909 [INFO] Sent -> POP SERVICE ELECTRONIC HQ | Strainu
2026-10-06 04:40:52,020 [INFO] Sent -> File:Hôtel Ville - Aix-la-Chapelle (DEA2) - 2026-09-27 - 9.jpg | Chabe01
2026-10-06 04:40:52,128 [INFO] Sent -> Tokyo Station Hotel | NihonKofee
2026-10-06 04:40:52,236 [INFO] Sent -> Q27190024 | Nabbot
2026-10-06 04:40:52,345 [INFO] Sent -> User talk:~2026-53660-30 | Celjski Grad
2026-10-06 04:40:52,455 [INFO] Sent -> Q2019817 | Mrwdat3
2026-10-06 04:40:52,565 [INFO] Sent -> Q37337721 | Cewbot
2026-10-06 04:40:52,674 [INFO] Sent -> Q138804421 | Pudox
2026-10-06 04:40:52,782 [INFO] Sent -> Q138805717 | Pudox
2026-10-06 04:40:52,891 [INFO] Sent -> File:Vue du château de Chantilly.JPG | Rkieferbot
2026-10-06 04:40:53,000 [INFO] Sent -> Q116395743 | DERDAKI ILIAS
2026-10-06 04:40:53,109 [INFO] Sent -> File:Ray Stevens 2012.jpg | SchlurcherBot
2026-10-06 04:40:53,216 [INFO] Sent -> Q138805718 | Pudox
2026-10-06 04:40:53,325 [INFO] Sent -> User:日期20220626/賽季 | 日期20220626
2026-10-06 04:40:53,433 [INFO] Sent -> Q138804425 | Pudox
2026-10-06 04:40:53,543 [INFO] Sent -> Q14547139 | Mrwdat3
2026-10-06 04:40:53,652 [INFO] Sent -> Lula da Silva 2026 presidential campaign | Arobinson1987
2026-10-06 04:40:53,760 [INFO] Sent -> Sanyo Girls' Junior/Senior High School | ~2026-52398-15
2026-10-06 04:40:53,870 [INFO] Sent -> Cruzy-le-Châtel | Vikiçizer
2026-10-06 04:40:53,979 [INFO] Sent -> User:日期20220626/賽季 | 日期20220626
2026-10-06 04:40:54,086 [INFO] Sent -> File:Kolomna Moskvoretskaya street 15 2020-05 303.JPG | Svetlov Artem
2026-10-06 04:40:54,194 [INFO] Sent -> Langsep (rokok) | Fahmiwotamild
2026-10-06 04:40:54,304 [INFO] Sent -> Q37337754 | Cewbot
2026-10-06 04:40:54,414 [INFO] Sent -> User talk:日期20220626/賽季 | 日期20220626
2026-10-06 04:40:54,525 [INFO] Sent -> Q138804433 | Pudox
2026-10-06 04:40:54,634 [INFO] Sent -> File:Andre bessette (8).JPG | Pe-Jo
2026-10-06 04:40:54,744 [INFO] Sent -> Q2068965 | Mrwdat3
2026-10-06 04:40:54,853 [INFO] Sent -> Q138805727 | Pudox
2026-10-06 04:40:54,962 [INFO] Sent -> Serie B 2019–20 | AnsterBot
2026-10-06 04:40:55,080 [INFO] Sent -> Q116395744 | DERDAKI ILIAS
2026-10-06 04:40:55,195 [INFO] Sent -> Briars, Saint Helena | Jack Ritz
2026-10-06 04:40:55,305 [INFO] Sent -> Alfredo Bobela da Motta | 1976Ira
2026-10-06 04:40:55,414 [INFO] Sent -> Тоби Фрауд | Retyr02
2026-10-06 04:40:55,523 [INFO] Sent -> Q141657028 | Rohini
2026-10-06 04:40:55,632 [INFO] Sent -> Llista de físics | Wsikik
2026-10-06 04:40:55,741 [INFO] Sent -> Q138804436 | Pudox
2026-10-06 04:40:55,849 [INFO] Sent -> Q138805729 | Pudox
2026-10-06 04:40:55,958 [INFO] Sent -> restauranteur | Sonofcawdrey
2026-10-06 04:40:56,067 [INFO] Sent -> Category:Things named after André Bessette | Pe-Jo
2026-10-06 04:40:56,178 [INFO] Sent -> Horacio Salinas | CheckWikiBOT
2026-10-06 04:40:56,288 [INFO] Sent -> Q2742926 | Mrwdat3
2026-10-06 04:40:56,397 [INFO] Sent -> Category:André Bessette | Pe-Jo
2026-10-06 04:40:56,508 [INFO] Sent -> Q24192433 | MsynBot
2026-10-06 04:40:56,617 [INFO] Sent -> Q141657024 | Robbot
2026-10-06 04:40:56,728 [INFO] Sent -> Categoria:Voci con modulo citazione e parametro pagine | Jack Ritz
2026-10-06 04:40:56,838 [INFO] Sent -> Categoria:Errori di compilazione del template Naz | Jack Ritz
2026-10-06 04:40:56,947 [INFO] Sent -> Category:All pages needing factual verification | Arobinson1987
2026-10-06 04:40:57,056 [INFO] Sent -> Categoria:P18 assente su Wikidata | Jack Ritz
2026-10-06 04:40:57,166 [INFO] Sent -> Category:Wikipedia articles needing factual verification from October 2026 | Arobinson1987
2026-10-06 04:40:57,276 [INFO] Sent -> Categoria:P127 assente su Wikidata | Jack Ritz
2026-10-06 04:40:57,385 [INFO] Sent -> Categoria:P131 assente su Wikidata | Jack Ritz
2026-10-06 04:40:57,493 [INFO] Sent -> Categoria:P921 assente su Wikidata | Jack Ritz
2026-10-06 04:40:57,602 [INFO] Sent -> Cry, Yonne | Vikiçizer
2026-10-06 04:40:57,712 [INFO] Sent -> Categoria:Voci con template Museo senza Stato | Jack Ritz
2026-10-06 04:40:57,823 [INFO] Sent -> Q138804443 | Pudox
2026-10-06 04:40:57,936 [INFO] Sent -> Categoria:Errori di compilazione del template Interprogetto - template vuoto | Jack Ritz
2026-10-06 04:40:58,043 [INFO] Sent -> Categoria:Case museo del Regno Unito | Jack Ritz
2026-10-06 04:40:58,153 [INFO] Sent -> Categoria:Musei napoleonici | Jack Ritz
2026-10-06 04:40:58,262 [INFO] Sent -> Categoria:Sant'Elena, Ascensione e Tristan da Cunha | Jack Ritz
2026-10-06 04:40:58,373 [INFO] Sent -> Q116395745 | DERDAKI ILIAS
2026-10-06 04:40:58,484 [INFO] Sent -> Q138805731 | Pudox
2026-10-06 04:40:58,600 [INFO] Progress: 6300 sent, 0 skipped.
2026-10-06 04:40:58,715 [INFO] Sent -> Q2779277 | Mrwdat3
2026-10-06 04:40:58,837 [INFO] Sent -> File:Château de Chantilly et sa statue.JPG | Rkieferbot
2026-10-06 04:40:58,946 [INFO] Sent -> تبادلۂ خیال:قصبہ مسجد، مراکش | InternetArchiveBot
2026-10-06 04:40:59,066 [INFO] Sent -> Q55674315 | DnaX
2026-10-06 04:40:59,175 [INFO] Sent -> Q138805733 | Pudox
2026-10-06 04:40:59,284 [INFO] Sent -> Q116390603 | DERDAKI ILIAS
2026-10-06 04:40:59,395 [INFO] Sent -> Q138804444 | Pudox
2026-10-06 04:40:59,502 [INFO] Sent -> 高校化学 元素と周期表 | Tomzo
2026-10-06 04:40:59,614 [INFO] Sent -> File:INKA E-Inobus at Leuwipanjang.jpg | TTTNIS
2026-10-06 04:40:59,726 [INFO] Sent -> قصبہ مسجد، مراکش | InternetArchiveBot
2026-10-06 04:40:59,834 [INFO] Sent -> ผู้ใช้:T1KA69S/ทดลองเขียน | T1KA69S
2026-10-06 04:40:59,944 [INFO] Sent -> File:NOUVEAU D'HOZIER. Combe-Contaud. - btv1b10083547v (301 of 407).jpg | Gzen92Bot
2026-10-06 04:41:00,053 [INFO] Sent -> File:Immeuble 4 Fischmarkt - Aix-la-Chapelle (DEA2) - 2026-09-27 - 1.jpg | Chabe01
2026-10-06 04:41:00,165 [INFO] Sent -> Q116395746 | DERDAKI ILIAS
2026-10-06 04:41:00,273 [INFO] Sent -> Q138804446 | Pudox
2026-10-06 04:41:00,383 [INFO] Sent -> File:ISS074-E-581532 - View of Australia.jpg | SchlurcherBot
2026-10-06 04:41:00,493 [INFO] Sent -> Idir Ouali | İmmortalance
2026-10-06 04:41:00,602 [INFO] Sent -> Strona:PL H Demesse Młoda wdowa from Dziennik dla Wszystkich i Anonsowy Y1899 No055 part02.jpg | Terwa
2026-10-06 04:41:00,712 [INFO] Sent -> Template:PRC admin/data/11/01/13/003/216 | Hamish-bot
2026-10-06 04:41:01,053 [INFO] Sent -> Category:INKA E-Inobus | TTTNIS
2026-10-06 04:41:01,230 [INFO] Sent -> Usuario:Dsjdoyewouueh | Rafstr
2026-10-06 04:41:01,351 [INFO] Sent -> Category:Industri Kereta Api | TTTNIS
2026-10-06 04:41:01,556 [INFO] Sent -> Q10436229 | Mrwdat3
2026-10-06 04:41:01,674 [INFO] Sent -> Q138805735 | Pudox
2026-10-06 04:41:01,795 [INFO] Sent -> Category:Artworks without Wikidata item | Gzen92Bot
2026-10-06 04:41:01,913 [INFO] Sent -> Category:PD France | Gzen92Bot
2026-10-06 04:41:02,030 [INFO] Sent -> Pratibha Gai | Sylvaline39
2026-10-06 04:41:02,148 [INFO] Sent -> Category:PD US expired | Gzen92Bot
2026-10-06 04:41:02,261 [INFO] Sent -> Category:PD-US missing SDC copyright status | Gzen92Bot
2026-10-06 04:41:02,369 [INFO] Sent -> Category:PD-old missing SDC copyright status | Gzen92Bot
2026-10-06 04:41:02,475 [INFO] Sent -> Category:CC-PD-Mark | Gzen92Bot
2026-10-06 04:41:02,586 [INFO] Sent -> Category:PD Old (assumed) | Gzen92Bot
2026-10-06 04:41:02,696 [INFO] Sent -> Category:Pages with local camera coordinates and missing SDC coordinates | Chabe01
2026-10-06 04:41:02,807 [INFO] Sent -> Jorge Coulón | CheckWikiBOT
2026-10-06 04:41:02,915 [INFO] Sent -> Category:Files with coordinates missing SDC location of creation (50° N, 6° E) | Chabe01
2026-10-06 04:41:03,024 [INFO] Sent -> Category:Manuscripts from Gallica (Bibliothèque nationale de France) uploaded by Gzen92Bot | Gzen92Bot
2026-10-06 04:41:03,133 [INFO] Sent -> Category:Creative Commons Attribution-Share Alike missing SDC copyright status | Chabe01
2026-10-06 04:41:03,243 [INFO] Sent -> Category:NOUVEAU D'HOZIER. Combe-Contaud. - btv1b10083547v | Gzen92Bot
2026-10-06 04:41:03,355 [INFO] Sent -> Category:CC-BY-SA-4.0 | Chabe01
2026-10-06 04:41:03,476 [INFO] Sent -> Category:Files with no machine-readable author | Gzen92Bot
2026-10-06 04:41:03,587 [INFO] Sent -> Category:Creative Commons Attribution-Share Alike 4.0 missing SDC copyright license | Chabe01
2026-10-06 04:41:03,696 [INFO] Sent -> Category:Self-published work | Chabe01
2026-10-06 04:41:03,806 [INFO] Sent -> Category:Self-published work missing SDC copyright license | Chabe01
2026-10-06 04:41:03,917 [INFO] Sent -> Category:Aachen | Chabe01
2026-10-06 04:41:04,028 [INFO] Sent -> Category:September 2026 in Aachen | Chabe01
2026-10-06 04:41:04,137 [INFO] Sent -> Category:Images of Aachen by Chabe01 | Chabe01
2026-10-06 04:41:04,245 [INFO] Sent -> ထာမ်ပလိက်:wa-personal pronouns/documentation | Intobesa.bot
2026-10-06 04:41:04,354 [INFO] Sent -> Category:因历史原因保留的已停用模板 | Hamish-bot
2026-10-06 04:41:04,466 [INFO] Sent -> Q10699539 | Mrwdat3
2026-10-06 04:41:04,577 [INFO] Sent -> Category:North Rhine-Westphalia photographs taken on 2026-09-27 | Chabe01
2026-10-06 04:41:04,689 [INFO] Sent -> Q116395748 | DERDAKI ILIAS
2026-10-06 04:41:04,799 [INFO] Sent -> Category:Images by Chabe01 taken with iPhone 16 Pro | Chabe01
2026-10-06 04:41:04,909 [INFO] Sent -> Kategoria:Skorygowana | Terwa
2026-10-06 04:41:05,019 [INFO] Sent -> Kategoria:Przepisana | Terwa
2026-10-06 04:41:05,128 [INFO] Sent -> Q138804451 | Pudox
2026-10-06 04:41:05,238 [INFO] Sent -> Otú:Ụmụ nwanyị | Sylvaline39
2026-10-06 04:41:05,349 [INFO] Sent -> Q138805737 | Pudox
2026-10-06 04:41:05,461 [INFO] Sent -> Cudot | Vikiçizer
2026-10-06 04:41:05,571 [INFO] Sent -> Kategori:Türkiye'deki gurbetçi erkek futbolcular | İmmortalance
2026-10-06 04:41:05,678 [INFO] Sent -> Kategori:Türkiye'deki gurbetçi futbolcular | İmmortalance
2026-10-06 04:41:05,788 [INFO] Sent -> Ibrahim Šehić | İmmortalance
2026-10-06 04:41:05,897 [INFO] Sent -> Finns Party | ~2026-53823-63
2026-10-06 04:41:06,006 [INFO] Sent -> ကဏ္ဍ:မုက်လိက်သောဲသောဲမဆေၚ်စပ်ကဵုလိက်စၟတ်သမ္တီမချူပတိုန်လဝ်မဇ္ဇျဟ်ထောံဂမၠိုၚ် | Intobesa.bot
2026-10-06 04:41:06,115 [INFO] Sent -> File:S. Hieronymus - btv1b52504546z (122 of 620).jpg | SchlurcherBot
2026-10-06 04:41:06,223 [INFO] Sent -> Q138804453 | Pudox
2026-10-06 04:41:06,333 [INFO] Sent -> Q10373733 | Mrwdat3
2026-10-06 04:41:06,442 [INFO] Sent -> Q24192434 | MsynBot
2026-10-06 04:41:06,551 [INFO] Sent -> Q97577498 | MsynBot
2026-10-06 04:41:06,661 [INFO] Sent -> Q138805739 | Pudox
2026-10-06 04:41:06,770 [INFO] Sent -> File:Immeuble 4 Fischmarkt - Aix-la-Chapelle (DEA2) - 2026-09-27 - 1.jpg | Chabe01
2026-10-06 04:41:06,880 [INFO] Sent -> Q116395749 | DERDAKI ILIAS
2026-10-06 04:41:06,991 [INFO] Sent -> Q116390604 | DERDAKI ILIAS
2026-10-06 04:41:07,101 [INFO] Sent -> gwispidenn | Antiquaire1
2026-10-06 04:41:07,212 [INFO] Sent -> Q138804455 | Pudox
2026-10-06 04:41:07,319 [INFO] Sent -> Król Edyp | ~2026-51924-71
2026-10-06 04:41:07,429 [INFO] Sent -> Q13381827 | Mrwdat3
2026-10-06 04:41:07,538 [INFO] Sent -> Cussy-les-Forges | Vikiçizer
2026-10-06 04:41:07,648 [INFO] Sent -> User:Executive Girls Organization-EGO | Executive Girls Organization-EGO
2026-10-06 04:41:07,758 [INFO] Sent -> File:ISS074-E-566305 - View of Earth.jpg | OptimusPrimeBot
2026-10-06 04:41:07,867 [INFO] Sent -> Q138805744 | Pudox
2026-10-06 04:41:07,976 [INFO] Sent -> Hugo Vieira | İmmortalance
2026-10-06 04:41:08,083 [INFO] Sent -> Q116395751 | DERDAKI ILIAS
2026-10-06 04:41:08,194 [INFO] Sent -> File:Djiny ei a literatury eskoslovenské (IA djinyeiliteratu00embe).pdf | Fæ
2026-10-06 04:41:08,304 [INFO] Sent -> retamboreada | Afmein78
2026-10-06 04:41:08,412 [INFO] Sent -> Q37337754 | Cewbot
2026-10-06 04:41:08,521 [INFO] Sent -> Scarabeus (hudební skupina) | David Šantavý
2026-10-06 04:41:08,632 [INFO] Sent -> Kategori:Türkiye'deki gurbetçi erkek futbolcular | İmmortalance
2026-10-06 04:41:08,757 [INFO] Sent -> Kategori:Türkiye'deki gurbetçi futbolcular | İmmortalance
2026-10-06 04:41:08,874 [INFO] Sent -> Category:ISS photographs taken on 2026-05-03 | OptimusPrimeBot
2026-10-06 04:41:08,983 [INFO] Sent -> Category:Taken on missing SDC inception | OptimusPrimeBot
2026-10-06 04:41:09,090 [INFO] Sent -> Category:Images from the Earth Science and Remote Sensing Unit, Lyndon B. Johnson Space Center | OptimusPrimeBot
2026-10-06 04:41:09,199 [INFO] Sent -> Category:Pages with local object coordinates and missing SDC coordinates | OptimusPrimeBot
2026-10-06 04:41:09,307 [INFO] Sent -> Q138804457 | Pudox
2026-10-06 04:41:09,415 [INFO] Sent -> Category:Files with coordinates missing SDC location of creation | OptimusPrimeBot
2026-10-06 04:41:09,525 [INFO] Sent -> Category:Scans from the Internet Archive | Fæ
2026-10-06 04:41:09,632 [INFO] Sent -> Category:PD NASA | OptimusPrimeBot
2026-10-06 04:41:09,743 [INFO] Sent -> Category:Scans from the Internet Archive/unverified | Fæ
2026-10-06 04:41:09,851 [INFO] Sent -> Category:PD-USGov missing SDC copyright status | OptimusPrimeBot
2026-10-06 04:41:09,960 [INFO] Sent -> Category:PD-old missing SDC copyright status | Fæ
2026-10-06 04:41:10,070 [INFO] Progress: 6400 sent, 0 skipped.
2026-10-06 04:41:10,180 [INFO] Sent -> Category:CC-PD-Mark | Fæ
2026-10-06 04:41:10,288 [INFO] Sent -> Category:NASA GAPE files uploaded by OptimusPrimeBot | OptimusPrimeBot
2026-10-06 04:41:10,395 [INFO] Sent -> Q138805753 | Pudox
2026-10-06 04:41:10,504 [INFO] Sent -> பக்கம்:சமயச் சொல்லகராதி.pdf/368 | SENTHAMIZHSELVI A
2026-10-06 04:41:10,615 [INFO] Sent -> Category:PD-old-100-expired | Fæ
2026-10-06 04:41:10,724 [INFO] Sent -> Category:Taken with Nikon Z 9 | OptimusPrimeBot
2026-10-06 04:41:10,843 [INFO] Sent -> Category:Scans from University of Toronto | Fæ
2026-10-06 04:41:10,954 [INFO] Sent -> Category:IA uploads needing categories | Fæ
2026-10-06 04:41:11,062 [INFO] Sent -> Q116395752 | DERDAKI ILIAS
2026-10-06 04:41:11,170 [INFO] Sent -> Kategori:Türkiye'deki gurbetçi erkek futbolcular | İmmortalance
2026-10-06 04:41:11,281 [INFO] Sent -> Q2273365 | Mrwdat3
2026-10-06 04:41:11,390 [INFO] Sent -> Category:Books uploaded by Fæ | Fæ
2026-10-06 04:41:11,500 [INFO] Sent -> Category:Spanish non-lemma forms | Afmein78
2026-10-06 04:41:11,610 [INFO] Sent -> Kategori:Türkiye'deki gurbetçi futbolcular | İmmortalance
2026-10-06 04:41:11,717 [INFO] Sent -> File:Market St, Portsmouth, NH, 2012 (14).jpg | Rkieferbot
2026-10-06 04:41:11,824 [INFO] Sent -> Bassklarinette | Hydro
2026-10-06 04:41:11,934 [INFO] Sent -> Category:Spanish adjective forms | Afmein78
2026-10-06 04:41:12,043 [INFO] Sent -> Q116390605 | DERDAKI ILIAS
2026-10-06 04:41:12,152 [INFO] Sent -> Category:Spanish adj forms | Afmein78
2026-10-06 04:41:12,261 [INFO] Sent -> Kategorie:Trampská hudba | David Šantavý
2026-10-06 04:41:12,371 [INFO] Sent -> Q138804462 | Pudox
2026-10-06 04:41:12,483 [INFO] Sent -> Wikipedie:Pod lípou | Otaznick
2026-10-06 04:41:12,591 [INFO] Sent -> Kategoria:Lektury szkolne w Polsce | ~2026-51924-71
2026-10-06 04:41:12,702 [INFO] Sent -> பகுப்பு:மெய்ப்பு பார்க்கப்படாதவை | SENTHAMIZHSELVI A
2026-10-06 04:41:12,811 [INFO] Sent -> List of acts of the Parliament of Victoria from 1883 | Mauls
2026-10-06 04:41:12,921 [INFO] Sent -> Q2488465 | Mrwdat3
2026-10-06 04:41:13,031 [INFO] Sent -> Q21667607 | Rebot
2026-10-06 04:41:13,139 [INFO] Sent -> Q37337781 | Cewbot
2026-10-06 04:41:13,249 [INFO] Sent -> Q138805756 | Pudox
2026-10-06 04:41:13,358 [INFO] Sent -> Q116395753 | DERDAKI ILIAS
2026-10-06 04:41:13,469 [INFO] Sent -> Q138804464 | Pudox
2026-10-06 04:41:13,578 [INFO] Sent -> File:ISS074-E-566304 - View of Earth.jpg | OptimusPrimeBot
2026-10-06 04:41:13,687 [INFO] Sent -> Q138805757 | Pudox
2026-10-06 04:41:13,798 [INFO] Sent -> Lee, Illinois | InternetArchiveBot
2026-10-06 04:41:13,906 [INFO] Sent -> Q116390607 | DERDAKI ILIAS
2026-10-06 04:41:14,014 [INFO] Sent -> Q124476196 | Mrwdat3
2026-10-06 04:41:14,123 [INFO] Sent -> Q24192435 | MsynBot
2026-10-06 04:41:14,233 [INFO] Sent -> მომხმარებელი:Gogitapoet | Gogitapoet
2026-10-06 04:41:14,343 [INFO] Sent -> Category:ISS photographs taken on 2026-05-03 | OptimusPrimeBot
2026-10-06 04:41:14,452 [INFO] Sent -> Category:Taken on missing SDC inception | OptimusPrimeBot
2026-10-06 04:41:14,563 [INFO] Sent -> File:Camée Claude MBALyon 2018 2.jpg | ManuelKomnenos
2026-10-06 04:41:14,674 [INFO] Sent -> Category:Images from the Earth Science and Remote Sensing Unit, Lyndon B. Johnson Space Center | OptimusPrimeBot
2026-10-06 04:41:14,781 [INFO] Sent -> მომხმარებელი:Gogitapoet | Gogitapoet
2026-10-06 04:41:14,891 [INFO] Sent -> Category:Pages with local object coordinates and missing SDC coordinates | OptimusPrimeBot
2026-10-06 04:41:15,000 [INFO] Sent -> tnejn u ħamsin | Bot-Jagwar
2026-10-06 04:41:15,109 [INFO] Sent -> Category:Files with coordinates missing SDC location of creation | OptimusPrimeBot
2026-10-06 04:41:15,218 [INFO] Sent -> Category:PD NASA | OptimusPrimeBot
2026-10-06 04:41:15,327 [INFO] Sent -> Q138804467 | Pudox
2026-10-06 04:41:15,435 [INFO] Sent -> Category:PD-USGov missing SDC copyright status | OptimusPrimeBot
2026-10-06 04:41:15,545 [INFO] Sent -> Category:ISS Expedition 74 Crew Earth Observations (dump) | OptimusPrimeBot
2026-10-06 04:41:15,661 [INFO] Sent -> Category:NASA GAPE files uploaded by OptimusPrimeBot | OptimusPrimeBot
2026-10-06 04:41:16,174 [INFO] Sent -> Category:Taken with Nikon Z 9 | OptimusPrimeBot
2026-10-06 04:41:16,363 [INFO] Sent -> Q116395754 | DERDAKI ILIAS
2026-10-06 04:41:16,543 [INFO] Sent -> Q138805762 | Pudox
2026-10-06 04:41:16,686 [INFO] Sent -> Albatros (casa discografica) | CheckWikiBOT
2026-10-06 04:41:16,803 [INFO] Sent -> Q116390609 | DERDAKI ILIAS
2026-10-06 04:41:16,925 [INFO] Sent -> Q14219547 | Mrwdat3
2026-10-06 04:41:17,064 [INFO] Sent -> Sokajy:maltey | Bot-Jagwar
2026-10-06 04:41:17,189 [INFO] Sent -> Sokajy:Isa amin'ny teny maltey | Bot-Jagwar
2026-10-06 04:41:17,315 [INFO] Sent -> Sokajy:Pejy avy any amin'ny wikibolana anglisy | Bot-Jagwar
2026-10-06 04:41:17,550 [INFO] Sent -> The Voice | ~2026-53589-40
2026-10-06 04:41:17,669 [INFO] Sent -> Cuy, Yonne | Vikiçizer
2026-10-06 04:41:17,797 [INFO] Sent -> Q116395755 | DERDAKI ILIAS
2026-10-06 04:41:17,925 [INFO] Sent -> მომხმარებლის განხილვა:Gogitapoet | ქართული ვიკიპედია
2026-10-06 04:41:18,049 [INFO] Sent -> File:ISS074-E-566305 - View of Earth.jpg | OptimusPrimeBot
2026-10-06 04:41:18,159 [INFO] Sent -> File:INKA E-Inobus Parked at Dago Bus Terminal.jpg | TTTNIS
2026-10-06 04:41:18,268 [INFO] Sent -> Porsche Macan | Eight.valve
2026-10-06 04:41:18,391 [INFO] Sent -> Q116390610 | DERDAKI ILIAS
2026-10-06 04:41:18,498 [INFO] Sent -> Q18104900 | Mrwdat3
2026-10-06 04:41:18,607 [INFO] Sent -> Q138805763 | Pudox
2026-10-06 04:41:18,720 [INFO] Sent -> Category:Cameo of Claudius (Kunsthistorisches Museum, IXa 23) | ManuelKomnenos
2026-10-06 04:41:18,844 [INFO] Sent -> Category:Cameos of Claudius | ManuelKomnenos
2026-10-06 04:41:18,969 [INFO] Sent -> tevdengeke | JiyanBot
2026-10-06 04:41:19,091 [INFO] Sent -> Category:Ancient Roman cameos in the Collection of Greek and Roman Antiquities (Kunsthistorisches Museum) | ManuelKomnenos
2026-10-06 04:41:19,223 [INFO] Sent -> Category:Augustan and Julio-Claudian glyptics | ManuelKomnenos
2026-10-06 04:41:19,334 [INFO] Sent -> Category:Augustan and Julio-Claudian portraiture | ManuelKomnenos
2026-10-06 04:41:19,443 [INFO] Sent -> USS Chivo | SmartyPants22
2026-10-06 04:41:19,555 [INFO] Sent -> Template:Cite web/Hebrew/IDF website/box | ווסטוק
2026-10-06 04:41:19,663 [INFO] Sent -> File:ISS074-E-566307 - View of Earth.jpg | OptimusPrimeBot
2026-10-06 04:41:19,771 [INFO] Sent -> Rue Gaston-Phoebus | Abdoucondorcet
2026-10-06 04:41:19,882 [INFO] Sent -> Q116395756 | DERDAKI ILIAS
2026-10-06 04:41:19,989 [INFO] Sent -> Category:INKA E-Inobus | TTTNIS
2026-10-06 04:41:20,099 [INFO] Sent -> Category:Industri Kereta Api | TTTNIS
2026-10-06 04:41:20,207 [INFO] Sent -> Haderslev Tandklinik | Hjart
2026-10-06 04:41:20,317 [INFO] Sent -> Q138805764 | Pudox
2026-10-06 04:41:20,426 [INFO] Sent -> Wikipedia:Featured picture candidates/Bird Global | Armbrust
2026-10-06 04:41:20,537 [INFO] Sent -> კატეგორია:გვერდები, რომლებიც იყენებენ ISBN magic ბმულებს | Gogitapoet
2026-10-06 04:41:20,646 [INFO] Sent -> Category:ISS photographs taken on 2026-05-03 | OptimusPrimeBot
2026-10-06 04:41:20,758 [INFO] Sent -> Q7915853 | Mrwdat3
2026-10-06 04:41:20,866 [INFO] Sent -> Category:Taken on missing SDC inception | OptimusPrimeBot
2026-10-06 04:41:20,975 [INFO] Sent -> vluchtigheid | Kvdrgeus
2026-10-06 04:41:21,083 [INFO] Sent -> Category:Images from the Earth Science and Remote Sensing Unit, Lyndon B. Johnson Space Center | OptimusPrimeBot
2026-10-06 04:41:21,193 [INFO] Sent -> Category:Pages with local object coordinates and missing SDC coordinates | OptimusPrimeBot
2026-10-06 04:41:21,302 [INFO] Sent -> Category:Files with coordinates missing SDC location of creation | OptimusPrimeBot
2026-10-06 04:41:21,411 [INFO] Sent -> Category:PD NASA | OptimusPrimeBot
2026-10-06 04:41:21,520 [INFO] Sent -> Heimdallarchaeia | Ernsts
2026-10-06 04:41:21,630 [INFO] Sent -> Category:PD-USGov missing SDC copyright status | OptimusPrimeBot
2026-10-06 04:41:21,738 [INFO] Sent -> Category:ISS Expedition 74 Crew Earth Observations (dump) | OptimusPrimeBot
2026-10-06 04:41:21,847 [INFO] Sent -> Category:NASA GAPE files uploaded by OptimusPrimeBot | OptimusPrimeBot
2026-10-06 04:41:21,956 [INFO] Progress: 6500 sent, 0 skipped.
2026-10-06 04:41:22,065 [INFO] Sent -> Q116395757 | DERDAKI ILIAS
2026-10-06 04:41:22,175 [INFO] Sent -> Q138804471 | Pudox
2026-10-06 04:41:22,284 [INFO] Sent -> Category:Taken with Nikon Z 9 | OptimusPrimeBot
2026-10-06 04:41:22,393 [INFO] Sent -> Kategori:Sider der ligner reklame | Hjart
2026-10-06 04:41:22,502 [INFO] Sent -> Kategori:Ikke-indekserede artikler | Hjart
2026-10-06 04:41:22,610 [INFO] Sent -> Q39251295 | Cewbot
2026-10-06 04:41:22,720 [INFO] Sent -> Category:Ended featured picture nominations | Armbrust
2026-10-06 04:41:22,828 [INFO] Sent -> Kategori:Notabilitet | Hjart
2026-10-06 04:41:22,936 [INFO] Sent -> Kategori:Notabilitet (samlet liste) | Hjart
2026-10-06 04:41:23,046 [INFO] Sent -> Portail:Cinéma français/Articles récents | OrlodrimBot
2026-10-06 04:41:23,155 [INFO] Sent -> Q116390612 | DERDAKI ILIAS
2026-10-06 04:41:23,264 [INFO] Sent -> Kategori:Virksomheder med uklar notabilitet | Hjart
2026-10-06 04:41:23,371 [INFO] Sent -> Kategori:Blindgydesider | Hjart
2026-10-06 04:41:23,480 [INFO] Sent -> File:Immeuble 4 Fischmarkt - Aix-la-Chapelle (DEA2) - 2026-09-27 - 2.jpg | Chabe01
2026-10-06 04:41:23,590 [INFO] Sent -> File:Vigeland Park statue 6.JPG | Rkieferbot
2026-10-06 04:41:23,701 [INFO] Sent -> Kategori:Artikler der bør formateres siden oktober 2026 | Hjart
2026-10-06 04:41:23,807 [INFO] Sent -> Q138805768 | Pudox
2026-10-06 04:41:23,917 [INFO] Sent -> Kategori:Artikler der bør formateres (samlet liste) | Hjart
2026-10-06 04:41:24,027 [INFO] Sent -> File:ISS074-E-566304 - View of Earth.jpg | OptimusPrimeBot
2026-10-06 04:41:24,135 [INFO] Sent -> Q116390614 | DERDAKI ILIAS
2026-10-06 04:41:24,243 [INFO] Sent -> Q116395758 | DERDAKI ILIAS
2026-10-06 04:41:24,353 [INFO] Sent -> File:JP 日本 Japan 沖繩 OKINAWA 那霸 Naha Makishi Chome Okiei Street hotel facade morning 0802am January 2025 R12S 01.jpg | Adeletron 3030
2026-10-06 04:41:24,461 [INFO] Sent -> Q14523750 | Mrwdat3
2026-10-06 04:41:24,570 [INFO] Sent -> Category:澳大利亚议员 | Dragoon17cc
2026-10-06 04:41:24,679 [INFO] Sent -> Categorie:Woorden met 3 lettergrepen in het Nederlands | Kvdrgeus
2026-10-06 04:41:24,790 [INFO] Sent -> 사용자:Altostratus/WikiVault/도널드 트럼프 2020년 대통령 선거 캠페인 비정치적 지지 목록 | Altostratus.AIbot
2026-10-06 04:41:24,897 [INFO] Sent -> Q16606827 | Kristbaumbot
2026-10-06 04:41:25,006 [INFO] Sent -> Categorie:Woorden in het Nederlands met IPA-weergave | Kvdrgeus
2026-10-06 04:41:25,115 [INFO] Sent -> పుట:ప్రతాపరుద్రీయమ్ (విద్యానాథ).pdf/359 | దేవీప్రసాదశాస్త్రి
2026-10-06 04:41:25,224 [INFO] Sent -> User:Arafatd55 | Arafatd55
2026-10-06 04:41:25,332 [INFO] Sent -> Ο ελαφοκυνηγός | Fotis A.
2026-10-06 04:41:25,443 [INFO] Sent -> Category:Pages with local camera coordinates and missing SDC coordinates | Chabe01
2026-10-06 04:41:25,551 [INFO] Sent -> Q138804472 | Pudox
2026-10-06 04:41:25,660 [INFO] Sent -> File:JP 日本 Japan 沖繩 OKINAWA 那霸 Naha Makishi Chome Okiei Street JR Hotel morning 1015am January 2025 R12S 02.jpg | Adeletron 3030
2026-10-06 04:41:25,769 [INFO] Sent -> Category:Files with coordinates missing SDC location of creation (50° N, 6° E) | Chabe01
2026-10-06 04:41:25,877 [INFO] Sent -> File:JP 日本 Japan 沖繩 OKINAWA 那霸 Naha Makishi Chome Okiei Street JR Hotel facade morning 1015am January 2025 R12S 01.jpg | Adeletron 3030
2026-10-06 04:41:25,986 [INFO] Sent -> Lee Jung | Phraowin
2026-10-06 04:41:26,095 [INFO] Sent -> Category:Creative Commons Attribution-Share Alike missing SDC copyright status | Chabe01
2026-10-06 04:41:26,204 [INFO] Sent -> Q138805771 | Pudox
2026-10-06 04:41:26,315 [INFO] Sent -> Category:CC-BY-SA-4.0 | Chabe01
2026-10-06 04:41:26,425 [INFO] Sent -> Q2387113 | HanTsî
2026-10-06 04:41:26,534 [INFO] Sent -> Category:Creative Commons Attribution-Share Alike 4.0 missing SDC copyright license | Chabe01
2026-10-06 04:41:26,644 [INFO] Sent -> Category:Self-published work | Chabe01
2026-10-06 04:41:26,754 [INFO] Sent -> Category:Self-published work missing SDC copyright license | Chabe01
2026-10-06 04:41:26,866 [INFO] Sent -> Category:Naval ships commissioned in 1945 | SmartyPants22
2026-10-06 04:41:26,975 [INFO] Sent -> Category:Aachen | Chabe01
2026-10-06 04:41:27,083 [INFO] Sent -> Category:Naval ships decommissioned in 1971 | SmartyPants22
2026-10-06 04:41:27,193 [INFO] Sent -> Category:January 2025 in Naha | Adeletron 3030
2026-10-06 04:41:27,301 [INFO] Sent -> Category:September 2026 in Aachen | Chabe01
2026-10-06 04:41:27,412 [INFO] Sent -> Benutzer:Delta45162/Entwurf CMH Serie | Delta45162
2026-10-06 04:41:27,521 [INFO] Sent -> Category:Images of Aachen by Chabe01 | Chabe01
2026-10-06 04:41:27,632 [INFO] Sent -> Category:North Rhine-Westphalia photographs taken on 2026-09-27 | Chabe01
2026-10-06 04:41:27,741 [INFO] Sent -> File:JP 日本 Japan 沖繩 OKINAWA 那霸 Naha Makishi Chome Okiei Street land n old house n restaurant morning 1015am January 2025 R12S.jpg | Adeletron 3030
2026-10-06 04:41:27,851 [INFO] Sent -> File:Immeuble 4 Fischmarkt - Aix-la-Chapelle (DEA2) - 2026-09-27 - 2.jpg | Chabe01
2026-10-06 04:41:27,961 [INFO] Sent -> Category:Images by Chabe01 taken with iPhone 16 Pro | Chabe01
2026-10-06 04:41:28,070 [INFO] Sent -> File:JP 日本 Japan 沖繩 OKINAWA 那霸 Naha Makishi Chome Okiei Street land restaurant sign n red building morning 1015am January 2025 R12S.jpg | Adeletron 3030
2026-10-06 04:41:28,180 [INFO] Sent -> వర్గం:అచ్చుదిద్దబడని | దేవీప్రసాదశాస్త్రి
2026-10-06 04:41:28,289 [INFO] Sent -> Q116390615 | DERDAKI ILIAS
2026-10-06 04:41:28,399 [INFO] Sent -> Q14497177 | Mrwdat3
2026-10-06 04:41:28,509 [INFO] Sent -> Category:January 2025 in Naha | Adeletron 3030
2026-10-06 04:41:28,618 [INFO] Sent -> Template:Paintings of donkeys by year | AnRo0002
2026-10-06 04:41:28,725 [INFO] Sent -> Q138804476 | Pudox
2026-10-06 04:41:28,832 [INFO] Sent -> File:JP 日本 Japan 沖繩 OKINAWA 那霸 Naha Makishi Chome Okiei Street shop clinic opening hours sign morning 0802am January 2025 R12S.jpg | Adeletron 3030
2026-10-06 04:41:28,943 [INFO] Sent -> File:La Conquête de la Terre sainte (par GUILLAUME DE TYR), avec la continuation. - btv1b9058986s (020 of 271).jpg | Gzen92Bot
2026-10-06 04:41:29,049 [INFO] Sent -> Category:January 2025 in Naha | Adeletron 3030
2026-10-06 04:41:29,157 [INFO] Sent -> Q138805772 | Pudox
2026-10-06 04:41:29,267 [INFO] Sent -> Q37337781 | Cewbot
2026-10-06 04:41:29,377 [INFO] Sent -> Category:January 2025 in Naha | Adeletron 3030
2026-10-06 04:41:29,486 [INFO] Sent -> File:JP 日本 Japan 沖繩 OKINAWA 那霸 Naha Makishi Chome Okiei Street map sign morning 1015am January 2025 R12S 01.jpg | Adeletron 3030
2026-10-06 04:41:29,596 [INFO] Sent -> Category:January 2025 in Naha | Adeletron 3030
2026-10-06 04:41:29,705 [INFO] Sent -> Q116390617 | DERDAKI ILIAS
2026-10-06 04:41:29,815 [INFO] Sent -> bōŗ läpš | Altobot
2026-10-06 04:41:29,922 [INFO] Sent -> File:JP 日本 Japan 沖繩 OKINAWA 那霸 Naha Makishi Chome Okiei Street 美榮橋駅 Miebashi Station concourse morning 0802am January 2025 R12S 01.jpg | Adeletron 3030
2026-10-06 04:41:30,032 [INFO] Sent -> Category:Works-by-year templates for paintings of animals | AnRo0002
2026-10-06 04:41:30,140 [INFO] Sent -> フィリプ・ウレモヴィッチ | ~2026-39255-77
2026-10-06 04:41:30,249 [INFO] Sent -> Wikipedia:Articles for deletion/Smit Machchhar | Randy Kryn
2026-10-06 04:41:30,360 [INFO] Sent -> Category:January 2025 in Naha | Adeletron 3030
2026-10-06 04:41:30,467 [INFO] Sent -> Andrew Nicholl | LoveAcross
2026-10-06 04:41:30,575 [INFO] Sent -> Q14593513 | Mrwdat3
2026-10-06 04:41:30,703 [INFO] Sent -> File:JP 日本 Japan 沖繩 OKINAWA 那霸 Naha Makishi Chome Okiei Street outdoor car park morning 0802am January 2025 R12S 01.jpg | Adeletron 3030
2026-10-06 04:41:30,867 [INFO] Sent -> File:ISS074-E-566307 - View of Earth.jpg | OptimusPrimeBot
2026-10-06 04:41:31,008 [INFO] Sent -> Q138805778 | Pudox
2026-10-06 04:41:31,147 [INFO] Sent -> Wikipedia:Featured picture candidates/October-2026 | Armbrust
2026-10-06 04:41:31,289 [INFO] Sent -> Wikipedia:Featured list candidates/List of Florida state parks/archive2 | Operator 16
2026-10-06 04:41:31,406 [INFO] Sent -> Category:Artworks without Wikidata item | Gzen92Bot
2026-10-06 04:41:31,544 [INFO] Sent -> Category:PD France | Gzen92Bot
2026-10-06 04:41:31,670 [INFO] Sent -> Q138804480 | Pudox
2026-10-06 04:41:31,789 [INFO] Sent -> Category:PD US expired | Gzen92Bot
2026-10-06 04:41:31,920 [INFO] Sent -> John Lydon | ThaesOfereode
2026-10-06 04:41:32,044 [INFO] Sent -> Category:PD-US missing SDC copyright status | Gzen92Bot
2026-10-06 04:41:32,176 [INFO] Sent -> 분류:리보니아어 명사 | Altobot
2026-10-06 04:41:32,322 [INFO] Sent -> Category:PD-old missing SDC copyright status | Gzen92Bot
2026-10-06 04:41:32,481 [INFO] Sent -> Q116395759 | DERDAKI ILIAS
2026-10-06 04:41:32,619 [INFO] Sent -> Category:CC-PD-Mark | Gzen92Bot
2026-10-06 04:41:32,744 [INFO] Sent -> Category:January 2025 in Naha | Adeletron 3030
2026-10-06 04:41:32,863 [INFO] Sent -> Q24192437 | MsynBot
2026-10-06 04:41:32,973 [INFO] Sent -> Category:PD Old (assumed) | Gzen92Bot
2026-10-06 04:41:33,085 [INFO] Sent -> Category:Manuscripts from Gallica (Bibliothèque nationale de France) uploaded by Gzen92Bot | Gzen92Bot
2026-10-06 04:41:33,193 [INFO] Sent -> Q116390618 | DERDAKI ILIAS
2026-10-06 04:41:33,301 [INFO] Progress: 6600 sent, 0 skipped.
2026-10-06 04:41:33,410 [INFO] Sent -> Category:La Conquête de la Terre sainte (par GUILLAUME DE TYR), avec la continuation. - btv1b9058986s | Gzen92Bot
2026-10-06 04:41:33,520 [INFO] Sent -> Category:Files with no machine-readable author | Gzen92Bot
2026-10-06 04:41:33,628 [INFO] Sent -> זרזיר סגול-גב | Esternit
2026-10-06 04:41:33,738 [INFO] Sent -> Q141656895 | Sr. Martinez Quebracho
2026-10-06 04:41:33,847 [INFO] Sent -> Category:January 2025 in Naha | Adeletron 3030
2026-10-06 04:41:33,957 [INFO] Sent -> File:St Peter's church in Oldhurst, Cambridgeshire - geograph.org.uk - 7750164.jpg | Crouch, Swale
2026-10-06 04:41:34,065 [INFO] Sent -> Category:January 2025 in Naha | Adeletron 3030
2026-10-06 04:41:34,173 [INFO] Sent -> File:S. Hieronymus - btv1b52504546z (417 of 620).jpg | Gzen92Bot
2026-10-06 04:41:34,283 [INFO] Sent -> File:JP 日本 Japan 沖繩 OKINAWA 那霸 Naha Makishi Chome Okiei Street 美榮橋駅 Miebashi Station elevator morning 0802am January 2025 R12S.jpg | Adeletron 3030
2026-10-06 04:41:34,392 [INFO] Sent -> Q138805783 | Pudox
2026-10-06 04:41:34,501 [INFO] Sent -> Q138804481 | Pudox
2026-10-06 04:41:34,611 [INFO] Sent -> Q37338034 | Cewbot
2026-10-06 04:41:34,720 [INFO] Sent -> Q14737926 | Mrwdat3
2026-10-06 04:41:34,830 [INFO] Sent -> Q116395761 | DERDAKI ILIAS
2026-10-06 04:41:34,937 [INFO] Sent -> Energietransitie | PCastricum
2026-10-06 04:41:35,048 [INFO] Sent -> Q116390620 | DERDAKI ILIAS
2026-10-06 04:41:35,157 [INFO] Sent -> 2026 у радіо | Юрій Комаров 2002
2026-10-06 04:41:35,265 [INFO] Sent -> Category:January 2025 in Naha | Adeletron 3030
2026-10-06 04:41:35,375 [INFO] Sent -> Ciro Immobile | İmmortalance
2026-10-06 04:41:35,483 [INFO] Sent -> Κατηγορία:Ταινίες των οποίων ο μοντέρ κέρδισε Όσκαρ Καλύτερου Μοντάζ | Fotis A.
2026-10-06 04:41:35,594 [INFO] Sent -> Category:Artworks without Wikidata item | Gzen92Bot
2026-10-06 04:41:35,705 [INFO] Sent -> Category:PD France | Gzen92Bot
2026-10-06 04:41:35,815 [INFO] Sent -> Category:PD US expired | Gzen92Bot
2026-10-06 04:41:35,924 [INFO] Sent -> Category:PD-US missing SDC copyright status | Gzen92Bot
2026-10-06 04:41:36,034 [INFO] Sent -> File:JP 日本 Japan 沖繩 OKINAWA 那霸 Naha Makishi Chome Okiei Street 美榮橋駅 Miebashi Station platform morning 0802am January 2025 R12S 01.jpg | Adeletron 3030
2026-10-06 04:41:36,142 [INFO] Sent -> Dannemoine | Vikiçizer
2026-10-06 04:41:36,250 [INFO] Sent -> Category:PD-old missing SDC copyright status | Gzen92Bot
2026-10-06 04:41:36,359 [INFO] Sent -> Category:CC-PD-Mark | Gzen92Bot
2026-10-06 04:41:36,468 [INFO] Sent -> Category:PD Old (assumed) | Gzen92Bot
2026-10-06 04:41:36,576 [INFO] Sent -> Category:Manuscripts from Gallica (Bibliothèque nationale de France) uploaded by Gzen92Bot | Gzen92Bot
2026-10-06 04:41:36,687 [INFO] Sent -> File:JP 日本 Japan 沖繩 OKINAWA 那霸 Naha Makishi Chome Okiei Street 美榮橋駅 Miebashi Station morning 0802am January 2025 R12S 09.jpg | Adeletron 3030
2026-10-06 04:41:36,796 [INFO] Sent -> Category:S. Hieronymus - btv1b52504546z | Gzen92Bot
2026-10-06 04:41:36,906 [INFO] Sent -> Q138804483 | Pudox
2026-10-06 04:41:37,016 [INFO] Sent -> Category:January 2025 in Naha | Adeletron 3030
2026-10-06 04:41:37,125 [INFO] Sent -> File:Tian zhu sheng jiao ri ke. - btv1b90069149 (123 of 235).jpg | Gzen92Bot
2026-10-06 04:41:37,235 [INFO] Sent -> File:Kolomna Moskvoretskaya street 15 2020-05 303.JPG | Svetlov Artem
2026-10-06 04:41:37,343 [INFO] Sent -> Q116390621 | DERDAKI ILIAS
2026-10-06 04:41:37,453 [INFO] Sent -> Isabel Parra | CheckWikiBOT
2026-10-06 04:41:37,562 [INFO] Sent -> Category:St Peter's Church, Old Hurst | Crouch, Swale
2026-10-06 04:41:37,671 [INFO] Sent -> Category:Interiors of churches in Cambridgeshire | Crouch, Swale
2026-10-06 04:41:37,781 [INFO] Sent -> File:Vigeland Park statue 5.JPG | Rkieferbot
2026-10-06 04:41:37,889 [INFO] Sent -> Category:Old Hurst | Crouch, Swale
2026-10-06 04:41:37,999 [INFO] Sent -> Q116395762 | DERDAKI ILIAS
2026-10-06 04:41:38,106 [INFO] Sent -> File:JP 日本 Japan 沖繩 OKINAWA 那霸 Naha Makishi Chome Okiei Street 美榮橋駅 Miebashi Station view nearby river morning 0802am January 2025 R12S.jpg | Adeletron 3030
2026-10-06 04:41:38,215 [INFO] Sent -> Category:Articles lacking in-text citations from January 2019 | LoveAcross
2026-10-06 04:41:38,324 [INFO] Sent -> Category:All articles lacking in-text citations | LoveAcross
2026-10-06 04:41:38,433 [INFO] Sent -> Category:January 2025 in Naha | Adeletron 3030
2026-10-06 04:41:38,559 [INFO] Sent -> Q944392 | Mrwdat3
2026-10-06 04:41:38,668 [INFO] Sent -> Q54465354 | Nabbot
2026-10-06 04:41:38,777 [INFO] Sent -> Category:Artworks without Wikidata item | Gzen92Bot
2026-10-06 04:41:38,902 [INFO] Sent -> Category:PD France | Gzen92Bot
2026-10-06 04:41:39,013 [INFO] Sent -> The Password Game | Loosewind
2026-10-06 04:41:39,132 [INFO] Sent -> Category:January 2025 in Naha | Adeletron 3030
2026-10-06 04:41:39,241 [INFO] Sent -> Категория:Околия Бунархисар | PowerBUL
2026-10-06 04:41:39,353 [INFO] Sent -> Category:Manuscripts from Gallica (Bibliothèque nationale de France) uploaded by Gzen92Bot | Gzen92Bot
2026-10-06 04:41:39,473 [INFO] Sent -> File:JP 日本 Japan 沖繩 OKINAWA 那霸 Naha Makishi Chome Okiei Street 美榮橋駅 Miebashi Station railway morning 0802am January 2025 R12S 01.jpg | Adeletron 3030
2026-10-06 04:41:39,583 [INFO] Sent -> Q138804484 | Pudox
2026-10-06 04:41:39,693 [INFO] Sent -> Category:Tian zhu sheng jiao ri ke. - btv1b90069149 | Gzen92Bot
2026-10-06 04:41:39,802 [INFO] Sent -> Category:Files with no machine-readable author | Gzen92Bot
2026-10-06 04:41:39,911 [INFO] Sent -> Category:January 2025 in Naha | Adeletron 3030
2026-10-06 04:41:40,019 [INFO] Sent -> Q116395763 | DERDAKI ILIAS
2026-10-06 04:41:40,128 [INFO] Sent -> File:JP 日本 Japan 沖繩 OKINAWA 那霸 Naha Makishi Chome Okiei Street 美榮橋駅 Miebashi Station view nearby morning 0802am January 2025 R12S 01.jpg | Adeletron 3030
2026-10-06 04:41:40,238 [INFO] Sent -> Igors Tarasovs | İmmortalance
2026-10-06 04:41:40,347 [INFO] Sent -> Михайлов, Виктор | Глямлик
2026-10-06 04:41:40,456 [INFO] Sent -> File:JP 日本 Japan 沖繩 OKINAWA 那霸 Naha Makishi Chome Okiei Street 美榮橋駅 Miebashi Station view river morning 0802am January 2025 R12S 10.jpg | Adeletron 3030
2026-10-06 04:41:40,566 [INFO] Sent -> Q3080572 | Kefr4000
2026-10-06 04:41:40,675 [INFO] Sent -> Категория:Околии във вилает Лозенград | PowerBUL
2026-10-06 04:41:40,786 [INFO] Sent -> Danie Gerber | ~2026-53521-31
2026-10-06 04:41:40,893 [INFO] Sent -> Q14542660 | Mrwdat3
2026-10-06 04:41:41,001 [INFO] Sent -> Category:January 2025 in Naha | Adeletron 3030
2026-10-06 04:41:41,109 [INFO] Sent -> Q138804490 | Pudox
2026-10-06 04:41:41,218 [INFO] Sent -> File:JP 日本 Japan 沖繩 OKINAWA 那霸 Naha Omoromachi Shintoshin 新都心 Naha Main Place 商場 Shopping Mall escalators January 2025 R12S 01.jpg | Adeletron 3030
2026-10-06 04:41:41,326 [INFO] Sent -> File:JP 日本 Japan 沖繩 OKINAWA 那霸 Naha Omoromachi Shintoshin 新都心 Naha Main Place 商場 Shopping Mall lockers January 2025 R12S 01.jpg | Adeletron 3030
2026-10-06 04:41:41,435 [INFO] Sent -> Category:January 2025 in Naha | Adeletron 3030
2026-10-06 04:41:41,543 [INFO] Sent -> El pueblo unido jamás será vencido/Gracias a la vida | CheckWikiBOT
2026-10-06 04:41:41,652 [INFO] Sent -> Wikipedia:Featured picture candidates | Armbrust
2026-10-06 04:41:41,760 [INFO] Sent -> Category:January 2025 in Naha | Adeletron 3030
2026-10-06 04:41:41,871 [INFO] Sent -> File:JP 日本 Japan 沖繩 OKINAWA 那霸 Naha Omoromachi Shintoshin 新都心 Naha Main Place 商場 Shopping Mall lockers January 2025 R12S 02.jpg | Adeletron 3030
2026-10-06 04:41:41,979 [INFO] Sent -> Q14591715 | Mrwdat3
2026-10-06 04:41:42,086 [INFO] Sent -> File:JP 日本 Japan 沖繩 OKINAWA 那霸 Naha Omoromachi Shintoshin 新都心 Naha Main Place 商場 Shopping Mall shop ABC-Mart January 2025 R12S 01.jpg | Adeletron 3030
2026-10-06 04:41:42,194 [INFO] Sent -> Q24192438 | MsynBot
2026-10-06 04:41:42,304 [INFO] Sent -> Category:Video games developed in the United States | Loosewind
2026-10-06 04:41:42,413 [INFO] Sent -> Kategori:Türkiye'deki gurbetçi erkek futbolcular | İmmortalance
2026-10-06 04:41:42,523 [INFO] Sent -> Kategori:Türkiye'deki gurbetçi futbolcular | İmmortalance
2026-10-06 04:41:42,632 [INFO] Sent -> Category:January 2025 in Naha | Adeletron 3030
2026-10-06 04:41:42,742 [INFO] Sent -> File:JP 日本 Japan 沖繩 OKINAWA 那霸 Naha Omoromachi Shintoshin 新都心 Naha Main Place 商場 Shopping Mall shop Aeon Supermarket A&W Root Beer cans n Coke January 2025 R12S 01.jpg | Adeletron 3030
2026-10-06 04:41:42,850 [INFO] Sent -> Kategori:Türkiye'deki gurbetçi erkek futbolcular | İmmortalance
2026-10-06 04:41:42,963 [INFO] Sent -> Category:January 2025 in Naha | Adeletron 3030
2026-10-06 04:41:43,071 [INFO] Sent -> Kategori:Türkiye'deki gurbetçi futbolcular | İmmortalance
2026-10-06 04:41:43,180 [INFO] Sent -> Category:January 2025 in Naha | Adeletron 3030
2026-10-06 04:41:43,289 [INFO] Sent -> File:JP 日本 Japan 沖繩 OKINAWA 那霸 Naha Omoromachi Shintoshin 新都心 Naha Main Place 商場 Shopping Mall shop Aeon Supermarket Amazon n Google Pay cards January 2025 R12S 01.jpg | Adeletron 3030
2026-10-06 04:41:43,398 [INFO] Sent -> Ibrahim Sulemana | İmmortalance
2026-10-06 04:41:43,508 [INFO] Sent -> Discuție:Timișoara | ~2026-53653-11
2026-10-06 04:41:43,617 [INFO] Sent -> Category:January 2025 in Naha | Adeletron 3030
2026-10-06 04:41:43,726 [INFO] Sent -> Deux Rivières | Vikiçizer
2026-10-06 04:41:43,833 [INFO] Sent -> User:Maayaaaaa/common.js | Maayaaaaa
2026-10-06 04:41:43,941 [INFO] Sent -> File:JP 日本 Japan 沖繩 OKINAWA 那霸 Naha Omoromachi Shintoshin 新都心 Naha Main Place 商場 Shopping Mall shop Aeon Supermarket basket goods SPAM ham January 2025 R12S 01.jpg | Adeletron 3030
2026-10-06 04:41:44,049 [INFO] Sent -> Q97577500 | MsynBot
2026-10-06 04:41:44,160 [INFO] Sent -> Category:January 2025 in Naha | Adeletron 3030
2026-10-06 04:41:44,269 [INFO] Progress: 6700 sent, 0 skipped.
2026-10-06 04:41:44,380 [INFO] Sent -> Category:January 2025 in Naha | Adeletron 3030
2026-10-06 04:41:44,501 [INFO] Sent -> Talk:Chirbury | Cloptonson
2026-10-06 04:41:44,610 [INFO] Sent -> File:JP 日本 Japan 沖繩 OKINAWA 那霸 Naha Omoromachi Shintoshin 新都心 Naha Main Place 商場 Shopping Mall shop Aeon Supermarket beef cuts boxes January 2025 R12S 01.jpg | Adeletron 3030
2026-10-06 04:41:44,720 [INFO] Sent -> File:Intérieur Hôtel Marschiertor - Aix-la-Chapelle (DEA2) - 2026-09-27 - 1.jpg | Chabe01
2026-10-06 04:41:44,830 [INFO] Sent -> Q111402479 | LuauGroup
2026-10-06 04:41:44,938 [INFO] Sent -> File:JP 日本 Japan 沖繩 OKINAWA 那霸 Naha Omoromachi Shintoshin 新都心 Naha Main Place 商場 Shopping Mall shop Aeon Supermarket beef slice boxes January 2025 R12S 08.jpg | Adeletron 3030
2026-10-06 04:41:45,048 [INFO] Sent -> File:JP 日本 Japan 沖繩 OKINAWA 那霸 Naha Omoromachi Shintoshin 新都心 Naha Main Place 商場 Shopping Mall shop Aeon Supermarket beef slice boxes January 2025 R12S 06.jpg | Adeletron 3030
2026-10-06 04:41:45,155 [INFO] Sent -> Category:January 2025 in Naha | Adeletron 3030
2026-10-06 04:41:45,266 [INFO] Sent -> Q2387113 | HanTsî
2026-10-06 04:41:45,377 [INFO] Sent -> Category:Pages with local camera coordinates and missing SDC coordinates | Chabe01
2026-10-06 04:41:45,488 [INFO] Sent -> Kategori:Türkiye'deki gurbetçi erkek futbolcular | İmmortalance
2026-10-06 04:41:45,596 [INFO] Sent -> Category:January 2025 in Naha | Adeletron 3030
2026-10-06 04:41:45,720 [INFO] Sent -> Kategori:Türkiye'deki gurbetçi futbolcular | İmmortalance
2026-10-06 04:41:46,291 [INFO] Sent -> Category:Files with coordinates missing SDC location of creation (50° N, 6° E) | Chabe01
2026-10-06 04:41:46,409 [INFO] Sent -> M-Gerät | W2k2
2026-10-06 04:41:46,529 [INFO] Sent -> Category:Creative Commons Attribution-Share Alike missing SDC copyright status | Chabe01
2026-10-06 04:41:46,642 [INFO] Sent -> File:Château de Chantilly façade.JPG | Rkieferbot
2026-10-06 04:41:46,764 [INFO] Sent -> Category:CC-BY-SA-4.0 | Chabe01
2026-10-06 04:41:46,875 [INFO] Sent -> Category:Creative Commons Attribution-Share Alike 4.0 missing SDC copyright license | Chabe01
2026-10-06 04:41:47,001 [INFO] Sent -> Category:Self-published work | Chabe01
2026-10-06 04:41:47,122 [INFO] Sent -> Q10634725 | Mrwdat3
2026-10-06 04:41:47,232 [INFO] Sent -> Category:Self-published work missing SDC copyright license | Chabe01
2026-10-06 04:41:47,353 [INFO] Sent -> Datei:WP Preußische T8 - Berlin 7021.jpg | Der Bischof mit der E-Gitarre
2026-10-06 04:41:47,484 [INFO] Sent -> Category:Aachen | Chabe01
2026-10-06 04:41:47,603 [INFO] Sent -> Category:January 2025 in Naha | Adeletron 3030
2026-10-06 04:41:47,714 [INFO] Sent -> File:JP 日本 Japan 沖繩 OKINAWA 那霸 Naha Omoromachi Shintoshin 新都心 Naha Main Place 商場 Shopping Mall shop Aeon Supermarket beef slice boxes January 2025 R12S 09.jpg | Adeletron 3030
2026-10-06 04:41:47,828 [INFO] Sent -> Category:September 2026 in Aachen | Chabe01
2026-10-06 04:41:47,951 [INFO] Sent -> Template:PRC admin/data/11/01/13/003/218 | Hamish-bot
2026-10-06 04:41:48,094 [INFO] Sent -> Category:Images of Aachen by Chabe01 | Chabe01
2026-10-06 04:41:48,215 [INFO] Sent -> Category:January 2025 in Naha | Adeletron 3030
2026-10-06 04:41:48,338 [INFO] Sent -> Category:North Rhine-Westphalia photographs taken on 2026-09-27 | Chabe01
2026-10-06 04:41:48,459 [INFO] Sent -> 袁氏 | Geistory317
2026-10-06 04:41:48,568 [INFO] Sent -> Category:Images by Chabe01 taken with iPhone 16 Pro | Chabe01
2026-10-06 04:41:48,677 [INFO] Sent -> File:JP 日本 Japan 沖繩 OKINAWA 那霸 Naha Omoromachi Shintoshin 新都心 Naha Main Place 商場 Shopping Mall shop Aeon Supermarket beef slices boxes January 2025 R12S 01.jpg | Adeletron 3030
2026-10-06 04:41:48,797 [INFO] Sent -> 袁氏 | Geistory317
2026-10-06 04:41:48,905 [INFO] Sent -> Diges | Vikiçizer
2026-10-06 04:41:49,014 [INFO] Sent -> File:Intérieur Hôtel Marschiertor - Aix-la-Chapelle (DEA2) - 2026-09-27 - 1.jpg | Chabe01
2026-10-06 04:41:49,127 [INFO] Sent -> ထာမ်ပလိက်:wa-verb/documentation | Intobesa.bot
2026-10-06 04:41:49,245 [INFO] Sent -> File:JP 日本 Japan 沖繩 OKINAWA 那霸 Naha Omoromachi Shintoshin 新都心 Naha Main Place 商場 Shopping Mall shop Aeon Supermarket beef slices boxes January 2025 R12S 02.jpg | Adeletron 3030
2026-10-06 04:41:49,354 [INFO] Sent -> Kategorie:Datei:NoCommons | Der Bischof mit der E-Gitarre
2026-10-06 04:41:49,462 [INFO] Sent -> Kano pada Pesta Olahraga Asia 2026 – Slalom C-1 Putra | IrfanRezaSan
2026-10-06 04:41:49,572 [INFO] Sent -> Kategorie:Datei:Gemeinfrei (100 Jahre) | Der Bischof mit der E-Gitarre
2026-10-06 04:41:49,679 [INFO] Sent -> Jami Puustinen | InternetArchiveBot
2026-10-06 04:41:49,789 [INFO] Sent -> Kano pada Pesta Olahraga Asia 2026 – Slalom C-1 Putra | IrfanRezaSan
2026-10-06 04:41:49,898 [INFO] Sent -> File:JP 日本 Japan 沖繩 OKINAWA 那霸 Naha Omoromachi Shintoshin 新都心 Naha Main Place 商場 Shopping Mall shop Aeon Supermarket cigarettes January 2025 R12S 01.jpg | Adeletron 3030
2026-10-06 04:41:50,005 [INFO] Sent -> Dissangis | Vikiçizer
2026-10-06 04:41:50,113 [INFO] Sent -> Q68011804 | Cewbot
2026-10-06 04:41:50,223 [INFO] Sent -> User:Beavansh | Beavansh
2026-10-06 04:41:50,333 [INFO] Sent -> Q24192440 | MsynBot
2026-10-06 04:41:50,441 [INFO] Sent -> File:JP 日本 Japan 沖繩 OKINAWA 那霸 Naha Omoromachi Shintoshin 新都心 Naha Main Place 商場 Shopping Mall shop Aeon Supermarket canned SPAM Luncheon January 2025 R12S 01.jpg | Adeletron 3030
2026-10-06 04:41:50,550 [INFO] Sent -> ကဏ္ဍ:မုက်လိက်သောဲသောဲမဆေၚ်စပ်ကဵုလိက်စၟတ်သမ္တီမချူပတိုန်လဝ်မဇ္ဇျဟ်ထောံဂမၠိုၚ် | Intobesa.bot
2026-10-06 04:41:50,660 [INFO] Sent -> internacjonalista | Al Silonov
2026-10-06 04:41:50,770 [INFO] Sent -> Category:因历史原因保留的已停用模板 | Hamish-bot
2026-10-06 04:41:50,884 [INFO] Sent -> Q3257576 | Python72
2026-10-06 04:41:51,001 [INFO] Sent -> Category:January 2025 in Naha | Adeletron 3030
2026-10-06 04:41:51,110 [INFO] Sent -> File:JP 日本 Japan 沖繩 OKINAWA 那霸 Naha Omoromachi Shintoshin 新都心 Naha Main Place 商場 Shopping Mall shop Aeon Supermarket cold pork slice bags January 2025 R12S 01.jpg | Adeletron 3030
2026-10-06 04:41:51,218 [INFO] Sent -> Category:January 2025 in Naha | Adeletron 3030
2026-10-06 04:41:51,327 [INFO] Sent -> File:Fuente de Neptuno - Aranjuez 03.jpg | Rkieferbot
2026-10-06 04:41:51,437 [INFO] Sent -> Category:January 2025 in Naha | Adeletron 3030
2026-10-06 04:41:51,548 [INFO] Sent -> Kategori:Pemeliharaan CS1: Tanggal diterjemahkan otomatis | IrfanRezaSan
2026-10-06 04:41:51,655 [INFO] Sent -> Category:January 2025 in Naha | Adeletron 3030
2026-10-06 04:41:51,768 [INFO] Sent -> Q14899227 | Mrwdat3
2026-10-06 04:41:51,890 [INFO] Sent -> Kategori:CS1 sumber berbahasa Jepang (ja) | IrfanRezaSan
2026-10-06 04:41:52,003 [INFO] Sent -> Kategori:CS1 sumber berbahasa Tionghoa (zh) | IrfanRezaSan
2026-10-06 04:41:52,123 [INFO] Sent -> Lista de parlamentares do Distrito Federal (Brasil) | ArquiBot
2026-10-06 04:41:52,232 [INFO] Sent -> File:JP 日本 Japan 沖繩 OKINAWA 那霸 Naha Omoromachi Shintoshin 新都心 Naha Main Place 商場 Shopping Mall shop Aeon Supermarket cold pork slice bags January 2025 R12S 03.jpg | Adeletron 3030
2026-10-06 04:41:52,340 [INFO] Sent -> Category:January 2025 in Naha | Adeletron 3030
2026-10-06 04:41:52,448 [INFO] Sent -> Категория:Польский язык | Al Silonov
2026-10-06 04:41:52,557 [INFO] Sent -> Troy Jackson | AlsoWukai
2026-10-06 04:41:52,665 [INFO] Sent -> Категория:Польские существительные | Al Silonov
2026-10-06 04:41:52,776 [INFO] Sent -> Категория:Мужской род/pl | Al Silonov
2026-10-06 04:41:52,886 [INFO] Sent -> Q37338034 | Cewbot
2026-10-06 04:41:52,997 [INFO] Sent -> Category:January 2025 in Naha | Adeletron 3030
2026-10-06 04:41:53,108 [INFO] Sent -> Категория:Нет сведений о составе слова | Al Silonov
2026-10-06 04:41:53,220 [INFO] Sent -> Категория:Нужно произношение | Al Silonov
2026-10-06 04:41:53,328 [INFO] Sent -> Hüsam Hasan (1989 doğumlu futbolcu) | İmmortalance
2026-10-06 04:41:53,435 [INFO] Sent -> Категория:Нужна иллюстрация | Al Silonov
2026-10-06 04:41:53,543 [INFO] Sent -> Категория:Статьи без примеров употребления | Al Silonov
2026-10-06 04:41:53,654 [INFO] Sent -> Martyrs of The Alamo | ListeriaBot
2026-10-06 04:41:53,764 [INFO] Sent -> Категория:Нужна этимология | Al Silonov
2026-10-06 04:41:53,877 [INFO] Sent -> Категория:Требуется категоризация/pl | Al Silonov
2026-10-06 04:41:53,996 [INFO] Sent -> Категория:Слова из 17 букв/pl | Al Silonov
2026-10-06 04:41:54,106 [INFO] Sent -> Priestly Blessing | Sheila1988
2026-10-06 04:41:54,215 [INFO] Sent -> File:JP 日本 Japan 沖繩 OKINAWA 那霸 Naha Omoromachi Shintoshin 新都心 Naha Main Place 商場 Shopping Mall shop Aeon Supermarket cold pork slice bags January 2025 R12S 02.jpg | Adeletron 3030
2026-10-06 04:41:54,325 [INFO] Sent -> File:The history of the execrable Irish rebellion ... 1680 (IA bim early-english-books-1641-1700 the-history-of-the-execr borlase-edmund 1680 1).pdf | Fæ
2026-10-06 04:41:54,436 [INFO] Sent -> File:JP 日本 Japan 沖繩 OKINAWA 那霸 Naha Omoromachi Shintoshin 新都心 Naha Main Place 商場 Shopping Mall shop Aeon Supermarket drink 益力多 January 2025 R12S 01.jpg | Adeletron 3030
2026-10-06 04:41:54,544 [INFO] Sent -> Category:January 2025 in Naha | Adeletron 3030
2026-10-06 04:41:54,652 [INFO] Sent -> File:JP 日本 Japan 沖繩 OKINAWA 那霸 Naha Omoromachi Shintoshin 新都心 Naha Main Place 商場 Shopping Mall shop Aeon Supermarket food blue box cookies January 2025 R12S 01.jpg | Adeletron 3030
2026-10-06 04:41:54,761 [INFO] Sent -> Trasporti in Corea del Sud | Jacopo Tofani
2026-10-06 04:41:54,871 [INFO] Sent -> Q141657024 | Robbot
2026-10-06 04:41:54,981 [INFO] Sent -> File:JP 日本 Japan 沖繩 OKINAWA 那霸 Naha Omoromachi Shintoshin 新都心 Naha Main Place 商場 Shopping Mall shop Aeon Supermarket food blue box cookies January 2025 R12S 02.jpg | Adeletron 3030
2026-10-06 04:41:55,089 [INFO] Sent -> Omaggio a Neruda | CheckWikiBOT
2026-10-06 04:41:55,200 [INFO] Sent -> Q55674315 | DnaX
2026-10-06 04:41:55,310 [INFO] Sent -> Category:Scans from the Internet Archive | Fæ
2026-10-06 04:41:55,419 [INFO] Sent -> Category:Scans from the Internet Archive/unverified | Fæ
2026-10-06 04:41:55,531 [INFO] Sent -> Category:PD-old missing SDC copyright status | Fæ
2026-10-06 04:41:55,641 [INFO] Sent -> File:JP 日本 Japan 沖繩 OKINAWA 那霸 Naha Omoromachi Shintoshin 新都心 Naha Main Place 商場 Shopping Mall shop Aeon Supermarket food box January 2025 R12S 01.jpg | Adeletron 3030
2026-10-06 04:41:55,750 [INFO] Sent -> Q18522947 | Mrwdat3
2026-10-06 04:41:55,860 [INFO] Sent -> Category:CC-PD-Mark | Fæ
2026-10-06 04:41:55,970 [INFO] Progress: 6800 sent, 0 skipped.
2026-10-06 04:41:56,078 [INFO] Sent -> Category:Early English Books, 1641-1700 | Fæ
2026-10-06 04:41:56,190 [INFO] Sent -> Category:IA uploads needing categories | Fæ
2026-10-06 04:41:56,298 [INFO] Sent -> Category:Books uploaded by Fæ | Fæ
2026-10-06 04:41:56,406 [INFO] Sent -> Category:January 2025 in Naha | Adeletron 3030
2026-10-06 04:41:56,515 [INFO] Sent -> Category:January 2025 in Naha | Adeletron 3030
2026-10-06 04:41:56,625 [INFO] Sent -> File:JP 日本 Japan 沖繩 OKINAWA 那霸 Naha Omoromachi Shintoshin 新都心 Naha Main Place 商場 Shopping Mall shop Aeon Supermarket oyster box January 2025 R12S 01.jpg | Adeletron 3030
2026-10-06 04:41:56,733 [INFO] Sent -> Category:January 2025 in Naha | Adeletron 3030
2026-10-06 04:41:56,842 [INFO] Sent -> Category:January 2025 in Naha | Adeletron 3030
2026-10-06 04:41:56,952 [INFO] Sent -> Q4924744 | Mrwdat3
2026-10-06 04:41:57,061 [INFO] Sent -> Hydrochoerus hydrochaeris | ANNAFscience
2026-10-06 04:41:57,170 [INFO] Sent -> Category:January 2025 in Naha | Adeletron 3030
2026-10-06 04:41:57,281 [INFO] Sent -> File:Intérieur Hôtel Marschiertor - Aix-la-Chapelle (DEA2) - 2026-09-27 - 2.jpg | Chabe01
2026-10-06 04:41:57,390 [INFO] Sent -> File:JP 日本 Japan 沖繩 OKINAWA 那霸 Naha Omoromachi Shintoshin 新都心 Naha Main Place 商場 Shopping Mall shop Aeon Supermarket sushi box January 2025 R12S 01.jpg | Adeletron 3030
2026-10-06 04:41:57,498 [INFO] Sent -> Category:January 2025 in Naha | Adeletron 3030
2026-10-06 04:41:57,606 [INFO] Sent -> Dixmont, Yonne | Vikiçizer
2026-10-06 04:41:57,713 [INFO] Sent -> Q138805786 | Pudox
2026-10-06 04:41:57,822 [INFO] Sent -> File:Ray Stevens 2012 (cropped).jpg | SchlurcherBot
2026-10-06 04:41:57,932 [INFO] Sent -> Kategori:Türkiye'deki gurbetçi erkek futbolcular | İmmortalance
2026-10-06 04:41:58,042 [INFO] Sent -> File:JP 日本 Japan 沖繩 OKINAWA 那霸 Naha Omoromachi Shintoshin 新都心 Naha Main Place 商場 Shopping Mall shop Aeon Supermarket vegetable 白蘿蔔 January 2025 R12S.jpg | Adeletron 3030
2026-10-06 04:41:58,152 [INFO] Sent -> Kategori:Türkiye'deki gurbetçi futbolcular | İmmortalance
2026-10-06 04:41:58,262 [INFO] Sent -> Q24192441 | MsynBot
2026-10-06 04:41:58,371 [INFO] Sent -> Grotte de La Verna | InternetArchiveBot
2026-10-06 04:41:58,479 [INFO] Sent -> Category:Pages with local camera coordinates and missing SDC coordinates | Chabe01
2026-10-06 04:41:58,588 [INFO] Sent -> Category:Files with coordinates missing SDC location of creation (50° N, 6° E) | Chabe01
2026-10-06 04:41:58,698 [INFO] Sent -> File:JP 日本 Japan 沖繩 OKINAWA 那霸 Naha Omoromachi Shintoshin 新都心 Naha Main Place 商場 Shopping Mall shop Aeon Supermarket 花種 flower seeds bag January 2025 R12S 01.jpg | Adeletron 3030
2026-10-06 04:41:58,824 [INFO] Sent -> Q124676772 | Mrwdat3
2026-10-06 04:41:58,942 [INFO] Sent -> Category:Creative Commons Attribution-Share Alike missing SDC copyright status | Chabe01
2026-10-06 04:41:59,054 [INFO] Sent -> Category:CC-BY-SA-4.0 | Chabe01
2026-10-06 04:41:59,174 [INFO] Sent -> Category:Creative Commons Attribution-Share Alike 4.0 missing SDC copyright license | Chabe01
2026-10-06 04:41:59,283 [INFO] Sent -> Q21667609 | Rebot
2026-10-06 04:41:59,394 [INFO] Sent -> Category:Self-published work | Chabe01
2026-10-06 04:41:59,503 [INFO] Sent -> File:JP 日本 Japan 沖繩 OKINAWA 那霸 Naha Omoromachi Shintoshin 新都心 Naha Main Place 商場 Shopping Mall shop Aeon Supermarket 肉醬 meat bags January 2025 R12S 01.jpg | Adeletron 3030
2026-10-06 04:41:59,612 [INFO] Sent -> Category:Self-published work missing SDC copyright license | Chabe01
2026-10-06 04:41:59,720 [INFO] Sent -> Category:Aachen | Chabe01
2026-10-06 04:41:59,831 [INFO] Sent -> Category:September 2026 in Aachen | Chabe01
2026-10-06 04:41:59,937 [INFO] Sent -> Category:Images of Aachen by Chabe01 | Chabe01
2026-10-06 04:42:00,046 [INFO] Sent -> Category:North Rhine-Westphalia photographs taken on 2026-09-27 | Chabe01
2026-10-06 04:42:00,156 [INFO] Sent -> Category:Images by Chabe01 taken with iPhone 16 Pro | Chabe01
2026-10-06 04:42:00,264 [INFO] Sent -> Category:January 2025 in Naha | Adeletron 3030
2026-10-06 04:42:00,374 [INFO] Sent -> File:Vigeland Park statue 4.JPG | Rkieferbot
2026-10-06 04:42:00,483 [INFO] Sent -> Bibliography of George W. Bush | D11JKS128132
2026-10-06 04:42:00,591 [INFO] Sent -> File:JP 日本 Japan 沖繩 OKINAWA 那霸 Naha Omoromachi Shintoshin 新都心 Naha Main Place 商場 Shopping Mall shop bags January 2025 R12S 01.jpg | Adeletron 3030
2026-10-06 04:42:00,705 [INFO] Sent -> File:Intérieur Hôtel Marschiertor - Aix-la-Chapelle (DEA2) - 2026-09-27 - 2.jpg | Chabe01
2026-10-06 04:42:00,825 [INFO] Sent -> Category:January 2025 in Naha | Adeletron 3030
2026-10-06 04:42:00,949 [INFO] Sent -> Mexisphodrus purgatus | Lavalizard101
2026-10-06 04:42:01,197 [INFO] Sent -> Administrator/my | NguoiDungKhongDinhDanh
2026-10-06 04:42:01,323 [INFO] Sent -> Category:January 2025 in Naha | Adeletron 3030
2026-10-06 04:42:01,431 [INFO] Sent -> File:JP 日本 Japan 沖繩 OKINAWA 那霸 Naha Omoromachi Shintoshin 新都心 Naha Main Place 商場 Shopping Mall shop clothing January 2025 R12S 02.jpg | Adeletron 3030
2026-10-06 04:42:01,540 [INFO] Sent -> File:ISS074-E-566306 - View of Earth.jpg | OptimusPrimeBot
2026-10-06 04:42:01,655 [INFO] Sent -> File:Bible. A.T. Pentateuque-Hapṭarah-Megillôt (hébreu) - btv1b10549397c (183 of 639).jpg | Gzen92Bot
2026-10-06 04:42:01,770 [INFO] Sent -> Wikipedia:Festival della qualità/Ottobre 2026 | Geoide
2026-10-06 04:42:01,877 [INFO] Sent -> File:JP 日本 Japan 沖繩 OKINAWA 那霸 Naha Omoromachi Shintoshin 新都心 Naha Main Place 商場 Shopping Mall shop floor plan sign January 2025 R12S 06.jpg | Adeletron 3030
2026-10-06 04:42:01,999 [INFO] Sent -> Q116390630 | DERDAKI ILIAS
2026-10-06 04:42:02,107 [INFO] Sent -> Dollot | Vikiçizer
2026-10-06 04:42:02,218 [INFO] Sent -> Category:January 2025 in Naha | Adeletron 3030
2026-10-06 04:42:02,326 [INFO] Sent -> Q2664940 | Mrwdat3
2026-10-06 04:42:02,436 [INFO] Sent -> Jean Labé | Qooutlb
2026-10-06 04:42:02,544 [INFO] Sent -> Kategorie:Wikipedia:Defekte Weblinks/Ungeprüfte Archivlinks 2026-10 | InternetArchiveBot
2026-10-06 04:42:02,653 [INFO] Sent -> Q37338092 | Cewbot
2026-10-06 04:42:02,762 [INFO] Sent -> File:JP 日本 Japan 沖繩 OKINAWA 那霸 Naha Omoromachi Shintoshin 新都心 Naha Main Place 商場 Shopping Mall shop Hands Cafe Select January 2025 R12S 02.jpg | Adeletron 3030
2026-10-06 04:42:02,871 [INFO] Sent -> Category:ISS photographs taken on 2026-05-03 | OptimusPrimeBot
2026-10-06 04:42:02,981 [INFO] Sent -> Category:January 2025 in Naha | Adeletron 3030
2026-10-06 04:42:03,091 [INFO] Sent -> Category:Taken on missing SDC inception | OptimusPrimeBot
2026-10-06 04:42:03,217 [INFO] Sent -> Category:Artworks without Wikidata item | Gzen92Bot
2026-10-06 04:42:03,338 [INFO] Sent -> Category:Images from the Earth Science and Remote Sensing Unit, Lyndon B. Johnson Space Center | OptimusPrimeBot
2026-10-06 04:42:03,447 [INFO] Sent -> Category:PD France | Gzen92Bot
2026-10-06 04:42:03,555 [INFO] Sent -> Category:Pages with local object coordinates and missing SDC coordinates | OptimusPrimeBot
2026-10-06 04:42:03,665 [INFO] Sent -> Category:Manuscripts from Gallica (Bibliothèque nationale de France) uploaded by Gzen92Bot | Gzen92Bot
2026-10-06 04:42:03,775 [INFO] Sent -> Category:Files with coordinates missing SDC location of creation | OptimusPrimeBot
2026-10-06 04:42:03,881 [INFO] Sent -> Category:Bible. A.T. Pentateuque-Hapṭarah-Megillôt (hébreu) - btv1b10549397c | Gzen92Bot
2026-10-06 04:42:03,990 [INFO] Sent -> Category:PD NASA | OptimusPrimeBot
2026-10-06 04:42:04,099 [INFO] Sent -> Category:January 2025 in Naha | Adeletron 3030
2026-10-06 04:42:04,208 [INFO] Sent -> Category:Files with no machine-readable author | Gzen92Bot
2026-10-06 04:42:04,316 [INFO] Sent -> Category:PD-USGov missing SDC copyright status | OptimusPrimeBot
2026-10-06 04:42:04,426 [INFO] Sent -> Category:ISS Expedition 74 Crew Earth Observations (dump) | OptimusPrimeBot
2026-10-06 04:42:04,534 [INFO] Sent -> Q13587128 | Mrwdat3
2026-10-06 04:42:04,643 [INFO] Sent -> Category:NASA GAPE files uploaded by OptimusPrimeBot | OptimusPrimeBot
2026-10-06 04:42:04,752 [INFO] Sent -> Category:January 2025 in Naha | Adeletron 3030
2026-10-06 04:42:04,861 [INFO] Sent -> Category:Accepted species names | Lavalizard101
2026-10-06 04:42:04,973 [INFO] Sent -> Category:Taken with Nikon Z 9 | OptimusPrimeBot
2026-10-06 04:42:05,083 [INFO] Sent -> Q116395764 | DERDAKI ILIAS
2026-10-06 04:42:05,193 [INFO] Sent -> Category:Accepted species name | Lavalizard101
2026-10-06 04:42:05,302 [INFO] Sent -> File:JP 日本 Japan 沖繩 OKINAWA 那霸 Naha Omoromachi Shintoshin 新都心 Naha Main Place 商場 Shopping Mall shop clothing January 2025 R12S 03.jpg | Adeletron 3030
2026-10-06 04:42:05,412 [INFO] Sent -> Mauro Icardi | İmmortalance
2026-10-06 04:42:05,521 [INFO] Sent -> Q138804492 | Pudox
2026-10-06 04:42:05,634 [INFO] Sent -> Category:January 2025 in Naha | Adeletron 3030
2026-10-06 04:42:05,740 [INFO] Sent -> File:JP 日本 Japan 沖繩 OKINAWA 那霸 Naha Omoromachi Shintoshin 新都心 Naha Main Place 商場 Shopping Mall shop Hands Cafe Select restaurant display January 2025 R12S 01.jpg | Adeletron 3030
2026-10-06 04:42:05,851 [INFO] Sent -> File:JP 日本 Japan 沖繩 OKINAWA 那霸 Naha Omoromachi Shintoshin 新都心 Naha Main Place 商場 Shopping Mall shop food round boxes January 2025 R12S 01.jpg | Adeletron 3030
2026-10-06 04:42:05,958 [INFO] Sent -> Q141657028 | Rohini
2026-10-06 04:42:06,067 [INFO] Sent -> Q141656953 | Lasemainecomtoise
2026-10-06 04:42:06,179 [INFO] Sent -> File:JP 日本 Japan 沖繩 OKINAWA 那霸 Naha Omoromachi Shintoshin 新都心 Naha Main Place 商場 Shopping Mall shop January 2025 R12S 53.jpg | Adeletron 3030
2026-10-06 04:42:06,288 [INFO] Sent -> 2023 New York Jets season | ~2026-53652-81
2026-10-06 04:42:06,397 [INFO] Sent -> Category:January 2025 in Naha | Adeletron 3030
2026-10-06 04:42:06,507 [INFO] Sent -> tevdengekê | JiyanBot
2026-10-06 04:42:06,616 [INFO] Sent -> Hôpital Joseph Ravoahangy Andrianavalona | RabbitPro101
2026-10-06 04:42:06,724 [INFO] Sent -> Q2153237 | Mrwdat3
2026-10-06 04:42:06,835 [INFO] Sent -> Category:美國議員 | Dragoon17cc
2026-10-06 04:42:06,946 [INFO] Sent -> File:JP 日本 Japan 沖繩 OKINAWA 那霸 Naha Omoromachi Shintoshin 新都心 Naha Main Place 商場 Shopping Mall shop Hangs Store January 2025 R12S 02.jpg | Adeletron 3030
2026-10-06 04:42:07,054 [INFO] Sent -> File:JP 日本 Japan 沖繩 OKINAWA 那霸 Naha Omoromachi Shintoshin 新都心 Naha Main Place 商場 Shopping Mall shop Humpty Dumpty January 2025 R12S 01.jpg | Adeletron 3030
2026-10-06 04:42:07,162 [INFO] Progress: 6900 sent, 0 skipped.
2026-10-06 04:42:07,274 [INFO] Sent -> Счолэр (Айова) | InternetArchiveBot
2026-10-06 04:42:07,383 [INFO] Sent -> El pueblo unido jamás será vencido/Alturas | CheckWikiBOT
2026-10-06 04:42:07,492 [INFO] Sent -> Q24192442 | MsynBot
2026-10-06 04:42:07,599 [INFO] Sent -> File:ISS074-E-566308 - View of Earth.jpg | OptimusPrimeBot
2026-10-06 04:42:07,709 [INFO] Sent -> Category:January 2025 in Naha | Adeletron 3030
2026-10-06 04:42:07,820 [INFO] Sent -> Category:January 2025 in Naha | Adeletron 3030
2026-10-06 04:42:07,929 [INFO] Sent -> Category:January 2025 in Naha | Adeletron 3030
2026-10-06 04:42:08,036 [INFO] Sent -> Domats | Vikiçizer
2026-10-06 04:42:08,145 [INFO] Sent -> File:Maison 33 Markt - Aix-la-Chapelle (DEA2) - 2026-09-27 - 1.jpg | Chabe01
2026-10-06 04:42:08,256 [INFO] Sent -> Q141657028 | Rohini
2026-10-06 04:42:08,366 [INFO] Sent -> File:مبني الكومندا بهون تاريخ الانشاء 1930.jpg | العندنيب الاسمر
2026-10-06 04:42:08,474 [INFO] Sent -> Category:ISS photographs taken on 2026-05-03 | OptimusPrimeBot
2026-10-06 04:42:08,584 [INFO] Sent -> Q13847575 | Mrwdat3
2026-10-06 04:42:08,694 [INFO] Sent -> Category:Taken on missing SDC inception | OptimusPrimeBot
2026-10-06 04:42:08,814 [INFO] Sent -> File:JP 日本 Japan 沖繩 OKINAWA 那霸 Naha Omoromachi Shintoshin 新都心 Naha Main Place 商場 Shopping Mall shop January 2025 R12S 54.jpg | Adeletron 3030
2026-10-06 04:42:08,926 [INFO] Sent -> File:مبني الكومندا بهون تاريخ الانشاء 1930.jpg | العندنيب الاسمر
2026-10-06 04:42:09,049 [INFO] Sent -> Category:Images from the Earth Science and Remote Sensing Unit, Lyndon B. Johnson Space Center | OptimusPrimeBot
2026-10-06 04:42:09,156 [INFO] Sent -> Category:January 2025 in Naha | Adeletron 3030
2026-10-06 04:42:09,265 [INFO] Sent -> Category:Pages with local object coordinates and missing SDC coordinates | OptimusPrimeBot
2026-10-06 04:42:09,372 [INFO] Sent -> File:JP 日本 Japan 沖繩 OKINAWA 那霸 Naha Omoromachi Shintoshin 新都心 Naha Main Place 商場 Shopping Mall shop luggages January 2025 R12S.jpg | Adeletron 3030
2026-10-06 04:42:09,483 [INFO] Sent -> Category:Files with coordinates missing SDC location of creation | OptimusPrimeBot
2026-10-06 04:42:09,592 [INFO] Sent -> Category:PD NASA | OptimusPrimeBot
2026-10-06 04:42:09,701 [INFO] Sent -> Category:January 2025 in Naha | Adeletron 3030
2026-10-06 04:42:09,811 [INFO] Sent -> Administrator/my | NguoiDungKhongDinhDanh
2026-10-06 04:42:09,919 [INFO] Sent -> Category:PD-USGov missing SDC copyright status | OptimusPrimeBot
2026-10-06 04:42:10,028 [INFO] Sent -> Category:Pages with local camera coordinates and missing SDC coordinates | Chabe01
2026-10-06 04:42:10,138 [INFO] Sent -> Joaquín Caparrós | ~2026-53695-21
2026-10-06 04:42:10,247 [INFO] Sent -> Category:ISS Expedition 74 Crew Earth Observations (dump) | OptimusPrimeBot
2026-10-06 04:42:10,356 [INFO] Sent -> Category:Files with coordinates missing SDC location of creation (50° N, 6° E) | Chabe01
2026-10-06 04:42:10,467 [INFO] Sent -> Utilisateur:Arokyo/Articles récents | OrlodrimBot
2026-10-06 04:42:10,574 [INFO] Sent -> File:مبني الكومندا بهون تاريخ الانشاء 1930.jpg | العندنيب الاسمر
2026-10-06 04:42:10,683 [INFO] Sent -> Category:NASA GAPE files uploaded by OptimusPrimeBot | OptimusPrimeBot
2026-10-06 04:42:10,796 [INFO] Sent -> Category:Creative Commons Attribution-Share Alike missing SDC copyright status | Chabe01
2026-10-06 04:42:10,917 [INFO] Sent -> 梅田春実 | 濠姫
2026-10-06 04:42:11,028 [INFO] Sent -> Category:Taken with Nikon Z 9 | OptimusPrimeBot
2026-10-06 04:42:11,138 [INFO] Sent -> Category:CC-BY-SA-4.0 | Chabe01
2026-10-06 04:42:11,249 [INFO] Sent -> Category:Creative Commons Attribution-Share Alike 4.0 missing SDC copyright license | Chabe01
2026-10-06 04:42:11,357 [INFO] Sent -> File:JP 日本 Japan 沖繩 OKINAWA 那霸 Naha Omoromachi Shintoshin 新都心 Naha Main Place 商場 Shopping Mall shop Natural Beauty Basics January 2025 R12S 01.jpg | Adeletron 3030
2026-10-06 04:42:11,465 [INFO] Sent -> Category:Self-published work | Chabe01
2026-10-06 04:42:11,575 [INFO] Sent -> Category:Self-published work missing SDC copyright license | Chabe01
2026-10-06 04:42:11,685 [INFO] Sent -> Category:Aachen | Chabe01
2026-10-06 04:42:11,795 [INFO] Sent -> Category:September 2026 in Aachen | Chabe01
2026-10-06 04:42:11,903 [INFO] Sent -> Category:Images of Aachen by Chabe01 | Chabe01
2026-10-06 04:42:12,013 [INFO] Sent -> Category:North Rhine-Westphalia photographs taken on 2026-09-27 | Chabe01
2026-10-06 04:42:12,122 [INFO] Sent -> File:Činžovní dům (roh ul. Karla Hynka Máchy a Masarykova nám. 617 1, Hradec Králové).jpg | Rkieferbot
2026-10-06 04:42:12,229 [INFO] Sent -> Category:Images by Chabe01 taken with iPhone 16 Pro | Chabe01
2026-10-06 04:42:12,340 [INFO] Sent -> User:ThatZambianGuy/sandbox4 | ThatZambianGuy
2026-10-06 04:42:12,450 [INFO] Sent -> Q16606840 | Kristbaumbot
2026-10-06 04:42:12,557 [INFO] Sent -> File:JP 日本 Japan 沖繩 OKINAWA 那霸 Naha Omoromachi Shintoshin 新都心 Naha Main Place 商場 Shopping Mall shop Malaika Store January 2025 R12S 01.jpg | Adeletron 3030
2026-10-06 04:42:12,665 [INFO] Sent -> Счуйлер (Небраска) | InternetArchiveBot
2026-10-06 04:42:12,773 [INFO] Sent -> Q29575290 | Riezelaar
2026-10-06 04:42:12,881 [INFO] Sent -> Category:January 2025 in Naha | Adeletron 3030
2026-10-06 04:42:12,991 [INFO] Sent -> Q7431431 | Mrwdat3
2026-10-06 04:42:13,102 [INFO] Sent -> Category:January 2025 in Naha | Adeletron 3030
2026-10-06 04:42:13,208 [INFO] Sent -> Q141656503 | Gxnmxt6awd4PNCetn
2026-10-06 04:42:13,321 [INFO] Sent -> Category:January 2025 in Naha | Adeletron 3030
2026-10-06 04:42:13,427 [INFO] Sent -> Category:長崎県立佐世保北高等学校出身の人物 | 濠姫
2026-10-06 04:42:13,538 [INFO] Sent -> Category:長崎県の高等学校出身の人物 | 濠姫
2026-10-06 04:42:13,646 [INFO] Sent -> File:ISS074-E-566306 - View of Earth.jpg | OptimusPrimeBot
2026-10-06 04:42:13,756 [INFO] Sent -> Category:Creative Commons Attribution-Share Alike missing SDC copyright status | العندنيب الاسمر
2026-10-06 04:42:13,870 [INFO] Sent -> File:Maison 33 Markt - Aix-la-Chapelle (DEA2) - 2026-09-27 - 1.jpg | Chabe01
2026-10-06 04:42:13,990 [INFO] Sent -> Category:CC-BY-SA-4.0 | العندنيب الاسمر
2026-10-06 04:42:14,100 [INFO] Sent -> Category:Creative Commons Attribution-Share Alike 4.0 missing SDC copyright license | العندنيب الاسمر
2026-10-06 04:42:14,208 [INFO] Sent -> Category:Self-published work | العندنيب الاسمر
2026-10-06 04:42:14,317 [INFO] Sent -> File:JP 日本 Japan 沖繩 OKINAWA 那霸 Naha Omoromachi Shintoshin 新都心 Naha Main Place 商場 Shopping Mall shop Optique Paris Miki January 2025 R12S 01.jpg | Adeletron 3030
2026-10-06 04:42:14,425 [INFO] Sent -> Category:Self-published work missing SDC copyright license | العندنيب الاسمر
2026-10-06 04:42:14,534 [INFO] Sent -> メモリアカフェ | 上島さくら
2026-10-06 04:42:14,645 [INFO] Sent -> Category:Images from Wiki Loves Monuments 2026 | العندنيب الاسمر
2026-10-06 04:42:14,753 [INFO] Sent -> Category:Images from Wiki Loves Monuments 2026 in Libya | العندنيب الاسمر
2026-10-06 04:42:14,862 [INFO] Sent -> Category:Images from Wiki Loves Monuments missing SDC source of file | العندنيب الاسمر
2026-10-06 04:42:14,973 [INFO] Sent -> Category:Images from Wiki Loves Monuments missing SDC copyright status | العندنيب الاسمر
2026-10-06 04:42:15,082 [INFO] Sent -> Category:Images from Wiki Loves Monuments missing SDC copyright license | العندنيب الاسمر
2026-10-06 04:42:15,190 [INFO] Sent -> Category:Images from Wiki Loves Monuments missing SDC depicts | العندنيب الاسمر
2026-10-06 04:42:15,302 [INFO] Sent -> Category:Images from Wiki Loves Monuments missing SDC location of creation | العندنيب الاسمر
2026-10-06 04:42:15,411 [INFO] Sent -> Category:January 2025 in Naha | Adeletron 3030
2026-10-06 04:42:15,519 [INFO] Sent -> Category:Images from Wiki Loves Monuments missing SDC creator | العندنيب الاسمر
2026-10-06 04:42:15,628 [INFO] Sent -> Q122592052 | MSGJ
2026-10-06 04:42:16,096 [INFO] Sent -> Category:Images from Wiki Loves Monuments missing SDC inception | العندنيب الاسمر
2026-10-06 04:42:16,224 [INFO] Sent -> Q3424602 | Rémih
2026-10-06 04:42:16,335 [INFO] Sent -> Category:Images from Wiki Loves Monuments missing SDC participant in | العندنيب الاسمر
2026-10-06 04:42:16,459 [INFO] Sent -> Category:Cultural heritage monuments in Libya | العندنيب الاسمر
2026-10-06 04:42:16,569 [INFO] Sent -> Category:Uploaded via Campaign:wlm-ly | العندنيب الاسمر
2026-10-06 04:42:16,690 [INFO] Sent -> Hur long var sigismund | Janders
2026-10-06 04:42:16,807 [INFO] Sent -> Користувач:G-teka/common.js | G-teka
2026-10-06 04:42:16,930 [INFO] Sent -> File:JP 日本 Japan 沖繩 OKINAWA 那霸 Naha Omoromachi Shintoshin 新都心 Naha Main Place 商場 Shopping Mall shop Naughtiam Store January 2025 R12S.jpg | Adeletron 3030
2026-10-06 04:42:17,064 [INFO] Sent -> Q14279085 | Mrwdat3
2026-10-06 04:42:17,196 [INFO] Sent -> File:JP 日本 Japan 沖繩 OKINAWA 那霸 Naha Omoromachi Shintoshin 新都心 Naha Main Place 商場 Shopping Mall shop Optique Paris Miki January 2025 R12S 02.jpg | Adeletron 3030
2026-10-06 04:42:17,309 [INFO] Sent -> Счурз (Невада) | InternetArchiveBot
2026-10-06 04:42:17,519 [INFO] Sent -> File:JP 日本 Japan 沖繩 OKINAWA 那霸 Naha Omoromachi Shintoshin 新都心 Naha Main Place 商場 Shopping Mall shop Malaika Store January 2025 R12S 02.jpg | Adeletron 3030
2026-10-06 04:42:17,636 [INFO] Sent -> Category:January 2025 in Naha | Adeletron 3030
2026-10-06 04:42:17,761 [INFO] Sent -> Domecy-sur-Cure | Vikiçizer
2026-10-06 04:42:17,872 [INFO] Sent -> Q14608407 | Mrwdat3
2026-10-06 04:42:17,983 [INFO] Sent -> Category:January 2025 in Naha | Adeletron 3030
2026-10-06 04:42:18,092 [INFO] Sent -> File:ISS074-E-566309 - View of Earth.jpg | OptimusPrimeBot
2026-10-06 04:42:18,202 [INFO] Sent -> Q141657028 | Rohini
2026-10-06 04:42:18,314 [INFO] Sent -> Q24192443 | MsynBot
2026-10-06 04:42:18,424 [INFO] Sent -> Q141656895 | Sr. Martinez Quebracho
2026-10-06 04:42:18,531 [INFO] Sent -> Réseau express régional d'Île-de-France | Jf380
2026-10-06 04:42:18,650 [INFO] Sent -> File:JP 日本 Japan 沖繩 OKINAWA 那霸 Naha Omoromachi Shintoshin 新都心 Naha Main Place 商場 Shopping Mall shop Mister Donut Food January 2025 R12S.jpg | Adeletron 3030
2026-10-06 04:42:18,766 [INFO] Progress: 7000 sent, 0 skipped.
2026-10-06 04:42:18,873 [INFO] Sent -> Q141657028 | Rohini
2026-10-06 04:42:18,984 [INFO] Sent -> Category:ISS photographs taken on 2026-05-03 | OptimusPrimeBot
2026-10-06 04:42:19,108 [INFO] Sent -> Category:Taken on missing SDC inception | OptimusPrimeBot
2026-10-06 04:42:19,229 [INFO] Sent -> Q27190025 | Nabbot
2026-10-06 04:42:19,339 [INFO] Sent -> Kategori:Türkiye'deki gurbetçi erkek futbolcular | İmmortalance
2026-10-06 04:42:19,449 [INFO] Sent -> Category:Images from the Earth Science and Remote Sensing Unit, Lyndon B. Johnson Space Center | OptimusPrimeBot
2026-10-06 04:42:19,570 [INFO] Sent -> Hervé Tchami | İmmortalance
2026-10-06 04:42:19,678 [INFO] Sent -> Kategori:Türkiye'deki gurbetçi futbolcular | İmmortalance
2026-10-06 04:42:19,788 [INFO] Sent -> Category:Pages with local object coordinates and missing SDC coordinates | OptimusPrimeBot
2026-10-06 04:42:19,898 [INFO] Sent -> Счэлл Сити (Миссури) | InternetArchiveBot
2026-10-06 04:42:20,005 [INFO] Sent -> Category:Files with coordinates missing SDC location of creation | OptimusPrimeBot
2026-10-06 04:42:20,115 [INFO] Sent -> Hur long var sigismund | Janders
2026-10-06 04:42:20,223 [INFO] Sent -> Q11319170 | Ohgho
2026-10-06 04:42:20,333 [INFO] Sent -> Category:January 2025 in Naha | Adeletron 3030
2026-10-06 04:42:20,443 [INFO] Sent -> Category:PD NASA | OptimusPrimeBot
2026-10-06 04:42:20,553 [INFO] Sent -> File:JP 日本 Japan 沖繩 OKINAWA 那霸 Naha Omoromachi Shintoshin 新都心 Naha Main Place 商場 Shopping Mall shop OWNDays Optical Store January 2025 R12S 01.jpg | Adeletron 3030
2026-10-06 04:42:20,662 [INFO] Sent -> Category:PD-USGov missing SDC copyright status | OptimusPrimeBot
2026-10-06 04:42:20,770 [INFO] Sent -> Category:ISS Expedition 74 Crew Earth Observations (dump) | OptimusPrimeBot
2026-10-06 04:42:20,881 [INFO] Sent -> Category:NASA GAPE files uploaded by OptimusPrimeBot | OptimusPrimeBot
2026-10-06 04:42:20,987 [INFO] Sent -> Category:Taken with Nikon Z 9 | OptimusPrimeBot
2026-10-06 04:42:21,097 [INFO] Sent -> File:JP 日本 Japan 沖繩 OKINAWA 那霸 Naha Omoromachi Shintoshin 新都心 Naha Main Place 商場 Shopping Mall shop OWNDays Optical Store January 2025 R12S 02.jpg | Adeletron 3030
2026-10-06 04:42:21,206 [INFO] Sent -> Category:January 2025 in Naha | Adeletron 3030
2026-10-06 04:42:21,316 [INFO] Sent -> File:ISS074-E-566308 - View of Earth.jpg | OptimusPrimeBot
2026-10-06 04:42:21,427 [INFO] Sent -> Q141657028 | Rohini
2026-10-06 04:42:21,535 [INFO] Sent -> File:JP 日本 Japan 沖繩 OKINAWA 那霸 Naha Omoromachi Shintoshin 新都心 Naha Main Place 商場 Shopping Mall shop OWNDays Optical Store January 2025 R12S 03.jpg | Adeletron 3030
2026-10-06 04:42:21,645 [INFO] Sent -> File:Kolomna Moskvoretskaya street 15 2020-05 303.JPG | Svetlov Artem
2026-10-06 04:42:21,753 [INFO] Sent -> File:JP 日本 Japan 沖繩 OKINAWA 那霸 Naha Omoromachi Shintoshin 新都心 Naha Main Place 商場 Shopping Mall shop Osaka Ohsho Restaurant January 2025 R12S 01.jpg | Adeletron 3030
2026-10-06 04:42:21,861 [INFO] Sent -> Q10414782 | Mrwdat3
2026-10-06 04:42:21,970 [INFO] Sent -> Category:January 2025 in Naha | Adeletron 3030
2026-10-06 04:42:22,079 [INFO] Sent -> File:Dizionario di erudizione storico-ecclesiastica da S. Pietro sino ai nostri giorni. Compilazione di Gaetano Moroni romano (IA dizionariodierud35morouoft).pdf | SchlurcherBot
2026-10-06 04:42:22,187 [INFO] Sent -> Kategori:Türkiye'deki gurbetçi erkek futbolcular | İmmortalance
2026-10-06 04:42:22,297 [INFO] Sent -> Q14526578 | Mrwdat3
2026-10-06 04:42:22,407 [INFO] Sent -> The Voice of Poland season 17 | ~2026-53144-16
2026-10-06 04:42:22,517 [INFO] Sent -> Kategori:Türkiye'deki gurbetçi futbolcular | İmmortalance
2026-10-06 04:42:22,626 [INFO] Sent -> Category:January 2025 in Naha | Adeletron 3030
2026-10-06 04:42:22,733 [INFO] Sent -> Domecy-sur-le-Vault | Vikiçizer
2026-10-06 04:42:22,844 [INFO] Sent -> File:JP 日本 Japan 沖繩 OKINAWA 那霸 Naha Omoromachi Shintoshin 新都心 Naha Main Place 商場 Shopping Mall shop R Edy pay machine January 2025 R12S 02.jpg | Adeletron 3030
2026-10-06 04:42:22,953 [INFO] Sent -> File:JP 日本 Japan 沖繩 OKINAWA 那霸 Naha Omoromachi Shintoshin 新都心 Naha Main Place 商場 Shopping Mall shop R Edy pay machine January 2025 R12S 01.jpg | Adeletron 3030
2026-10-06 04:42:23,064 [INFO] Sent -> Q141657028 | Rohini
2026-10-06 04:42:23,176 [INFO] Sent -> bőg | Altobot
2026-10-06 04:42:23,284 [INFO] Sent -> Category:January 2025 in Naha | Adeletron 3030
2026-10-06 04:42:23,394 [INFO] Sent -> 2028 CAF Women's Olympic qualifying tournament | Mstxxx
2026-10-06 04:42:23,502 [INFO] Sent -> File:Maison 33 Markt - Aix-la-Chapelle (DEA2) - 2026-09-27 - 2.jpg | Chabe01
2026-10-06 04:42:23,612 [INFO] Sent -> Dracy | Vikiçizer
2026-10-06 04:42:23,720 [INFO] Sent -> Duchy College, Harrogate | AnomieBOT
2026-10-06 04:42:23,829 [INFO] Sent -> Category:January 2025 in Naha | Adeletron 3030
2026-10-06 04:42:23,939 [INFO] Sent -> Igor Lichnovsky | İmmortalance
2026-10-06 04:42:24,046 [INFO] Sent -> Hugo Arévalo | CheckWikiBOT
2026-10-06 04:42:24,155 [INFO] Sent -> Q124507600 | Mrwdat3
2026-10-06 04:42:24,267 [INFO] Sent -> File:JP 日本 Japan 沖繩 OKINAWA 那霸 Naha Omoromachi Shintoshin 新都心 Naha Main Place 商場 Shopping Mall shop SBM Sound Box January 2025 R12S 02.jpg | Adeletron 3030
2026-10-06 04:42:24,372 [INFO] Sent -> Q141657028 | Rohini
2026-10-06 04:42:24,481 [INFO] Sent -> Q37338092 | Cewbot
2026-10-06 04:42:24,591 [INFO] Sent -> File:S. Hieronymus - btv1b52504546z (418 of 620).jpg | Gzen92Bot
2026-10-06 04:42:24,697 [INFO] Sent -> Q481384 | Medineli92
2026-10-06 04:42:24,807 [INFO] Sent -> File:Vigeland Park statue 7.JPG | Rkieferbot
2026-10-06 04:42:24,919 [INFO] Sent -> Category:January 2025 in Naha | Adeletron 3030
2026-10-06 04:42:25,029 [INFO] Sent -> Balázs Orbán | ~2026-53746-18
2026-10-06 04:42:25,139 [INFO] Sent -> Category:January 2025 in Naha | Adeletron 3030
2026-10-06 04:42:25,249 [INFO] Sent -> Category:ミツバチに関する文化 | Highcollar
2026-10-06 04:42:25,359 [INFO] Sent -> Sumoman | A particle for world to form
2026-10-06 04:42:25,467 [INFO] Sent -> File:JP 日本 Japan 沖繩 OKINAWA 那霸 Naha Omoromachi Shintoshin 新都心 Naha Main Place 商場 Shopping Mall shop Rodeo Crowns Wide Bowl January 2025 R12S 01.jpg | Adeletron 3030
2026-10-06 04:42:25,575 [INFO] Sent -> Gerhard Leistner | 131Platypi
2026-10-06 04:42:25,683 [INFO] Sent -> Category:Pages with local camera coordinates and missing SDC coordinates | Chabe01
2026-10-06 04:42:25,797 [INFO] Sent -> Category:Files with coordinates missing SDC location of creation (50° N, 6° E) | Chabe01
2026-10-06 04:42:25,904 [INFO] Sent -> ببر جاوه | Mamouri
2026-10-06 04:42:26,012 [INFO] Sent -> Category:Creative Commons Attribution-Share Alike missing SDC copyright status | Chabe01
2026-10-06 04:42:26,121 [INFO] Sent -> File:JP 日本 Japan 沖繩 OKINAWA 那霸 Naha Omoromachi Shintoshin 新都心 Naha Main Place 商場 Shopping Mall shop Starbucks Coffee January 2025 R12S.jpg | Adeletron 3030
2026-10-06 04:42:26,229 [INFO] Sent -> Category:CC-BY-SA-4.0 | Chabe01
2026-10-06 04:42:26,338 [INFO] Sent -> Q141657028 | Rohini
2026-10-06 04:42:26,446 [INFO] Sent -> Category:Creative Commons Attribution-Share Alike 4.0 missing SDC copyright license | Chabe01
2026-10-06 04:42:26,555 [INFO] Sent -> File:JP 日本 Japan 沖繩 OKINAWA 那霸 Naha Omoromachi Shintoshin 新都心 Naha Main Place 商場 Shopping Mall shop SBM Sound Box January 2025 R12S 01.jpg | Adeletron 3030
2026-10-06 04:42:26,664 [INFO] Sent -> Category:Self-published work | Chabe01
2026-10-06 04:42:26,773 [INFO] Sent -> File:Могилёв, Ленинская улица, 19.jpg | Red Winged Duck
2026-10-06 04:42:26,882 [INFO] Sent -> Q97658240 | MsynBot
2026-10-06 04:42:26,990 [INFO] Sent -> Category:Self-published work missing SDC copyright license | Chabe01
2026-10-06 04:42:27,099 [INFO] Sent -> File:Maison 33 Markt - Aix-la-Chapelle (DEA2) - 2026-09-27 - 2.jpg | Chabe01
2026-10-06 04:42:27,208 [INFO] Sent -> Category:Aachen | Chabe01
2026-10-06 04:42:27,315 [INFO] Sent -> Q116390631 | DERDAKI ILIAS
2026-10-06 04:42:27,423 [INFO] Sent -> Q24192444 | MsynBot
2026-10-06 04:42:27,532 [INFO] Sent -> Category:September 2026 in Aachen | Chabe01
2026-10-06 04:42:27,641 [INFO] Sent -> Category:Images of Aachen by Chabe01 | Chabe01
2026-10-06 04:42:27,753 [INFO] Sent -> Category:Artworks without Wikidata item | Gzen92Bot
2026-10-06 04:42:27,862 [INFO] Sent -> Category:North Rhine-Westphalia photographs taken on 2026-09-27 | Chabe01
2026-10-06 04:42:27,970 [INFO] Sent -> Category:PD France | Gzen92Bot
2026-10-06 04:42:28,080 [INFO] Sent -> Category:Images by Chabe01 taken with iPhone 16 Pro | Chabe01
2026-10-06 04:42:28,189 [INFO] Sent -> Category:PD US expired | Gzen92Bot
2026-10-06 04:42:28,298 [INFO] Sent -> File:JP 日本 Japan 沖繩 OKINAWA 那霸 Naha Omoromachi Shintoshin 新都心 Naha Main Place 商場 Shopping Mall shop Tajimaya January 2025 R12S06.jpg | Adeletron 3030
2026-10-06 04:42:28,408 [INFO] Sent -> Category:PD-US missing SDC copyright status | Gzen92Bot
2026-10-06 04:42:28,516 [INFO] Sent -> scrabblefuck | Cheongness
2026-10-06 04:42:28,623 [INFO] Sent -> Category:PD-old missing SDC copyright status | Gzen92Bot
2026-10-06 04:42:28,733 [INFO] Sent -> Category:改名提案中のカテゴリ | Highcollar
2026-10-06 04:42:28,839 [INFO] Sent -> Ibrahim Sissoko | İmmortalance
2026-10-06 04:42:28,947 [INFO] Sent -> Category:CC-PD-Mark | Gzen92Bot
2026-10-06 04:42:29,054 [INFO] Sent -> Category:January 2025 in Naha | Adeletron 3030
2026-10-06 04:42:29,162 [INFO] Sent -> Category:PD Old (assumed) | Gzen92Bot
2026-10-06 04:42:29,274 [INFO] Sent -> Republic (pressure group) | ~2026-41939-59
2026-10-06 04:42:29,385 [INFO] Sent -> Category:Manuscripts from Gallica (Bibliothèque nationale de France) uploaded by Gzen92Bot | Gzen92Bot
2026-10-06 04:42:29,495 [INFO] Sent -> Category:S. Hieronymus - btv1b52504546z | Gzen92Bot
2026-10-06 04:42:29,603 [INFO] Sent -> Kategori:Türkiye'deki gurbetçi erkek futbolcular | İmmortalance
2026-10-06 04:42:29,712 [INFO] Progress: 7100 sent, 0 skipped.
2026-10-06 04:42:29,821 [INFO] Sent -> Kategori:Türkiye'deki gurbetçi futbolcular | İmmortalance
2026-10-06 04:42:29,931 [INFO] Sent -> Category:January 2025 in Naha | Adeletron 3030
2026-10-06 04:42:30,040 [INFO] Sent -> Category:January 2025 in Naha | Adeletron 3030
2026-10-06 04:42:30,150 [INFO] Sent -> Q14676378 | Mrwdat3
2026-10-06 04:42:30,257 [INFO] Sent -> Q4805058 | AkiyonKS
2026-10-06 04:42:30,365 [INFO] Sent -> పుట:ప్రతాపరుద్రీయమ్ (విద్యానాథ).pdf/360 | దేవీప్రసాదశాస్త్రి
2026-10-06 04:42:30,474 [INFO] Sent -> Category:Articles needing cleanup from October 2026 | AnomieBOT
2026-10-06 04:42:30,582 [INFO] Sent -> Category:Wikipedia pages needing cleanup from October 2026 | AnomieBOT
2026-10-06 04:42:30,692 [INFO] Sent -> Category:Articles needing cleanup | AnomieBOT
2026-10-06 04:42:30,814 [INFO] Sent -> Category:Wikipedia pages needing cleanup | AnomieBOT
2026-10-06 04:42:30,953 [INFO] Sent -> Category:English back-formations | Cheongness
2026-10-06 04:42:31,097 [INFO] Sent -> Category:English lemmas | Cheongness
2026-10-06 04:42:31,223 [INFO] Sent -> Category:English verbs | Cheongness
2026-10-06 04:42:31,351 [INFO] Sent -> Commons:Deletion requests/mobile tracking | DeletionRequestArchivist
2026-10-06 04:42:31,472 [INFO] Sent -> Category:Pages with entries | Cheongness
2026-10-06 04:42:31,580 [INFO] Sent -> Category:Pages with 1 entry | Cheongness
2026-10-06 04:42:31,690 [INFO] Sent -> Category:en:Crosswording | Cheongness
2026-10-06 04:42:31,798 [INFO] Sent -> שיחה:אולימפיאדת סוצ'י (2014) | דוד55
2026-10-06 04:42:31,906 [INFO] Sent -> Category:English slang | Cheongness
2026-10-06 04:42:32,018 [INFO] Sent -> Category:English derogatory terms | Cheongness
2026-10-06 04:42:32,141 [INFO] Sent -> Category:January 2025 in Naha | Adeletron 3030
2026-10-06 04:42:32,261 [INFO] Sent -> File:JP 日本 Japan 沖繩 OKINAWA 那霸 Naha Omoromachi Shintoshin 新都心 Naha Main Place 商場 Shopping Mall shop 無印良品 January 2025 R12S 01.jpg | Adeletron 3030
2026-10-06 04:42:32,371 [INFO] Sent -> Category:English terms with quotations | Cheongness
2026-10-06 04:42:32,481 [INFO] Sent -> File:JP 日本 Japan 沖繩 OKINAWA 那霸 Naha Omoromachi Shintoshin 新都心 Naha Main Place 商場 Shopping Mall shop Tully's Coffee January 2025 R12S 02.jpg | Adeletron 3030
2026-10-06 04:42:32,588 [INFO] Sent -> João Cury | Mateus Leite
2026-10-06 04:42:32,713 [INFO] Sent -> Категория:Проект:Компьютерные игры:Последняя правка: в текущем месяце | A particle for world to form
2026-10-06 04:42:32,822 [INFO] Sent -> Категория:Проект:Компьютерные игры:Последняя правка: в текущем году | A particle for world to form
2026-10-06 04:42:32,930 [INFO] Sent -> Heidrun Gärtner | Silewe
2026-10-06 04:42:33,051 [INFO] Sent -> Category:January 2025 in Naha | Adeletron 3030
2026-10-06 04:42:33,159 [INFO] Sent -> Category:Paryž Hotel, Mahilioŭ | Red Winged Duck
2026-10-06 04:42:33,269 [INFO] Sent -> Category:Cultural heritage monuments in Mahilioŭ | Red Winged Duck
2026-10-06 04:42:33,380 [INFO] Sent -> Kategori:Türkiye'deki gurbetçi erkek futbolcular | İmmortalance
2026-10-06 04:42:33,489 [INFO] Sent -> Kategori:Türkiye'deki gurbetçi futbolcular | İmmortalance
2026-10-06 04:42:33,599 [INFO] Sent -> వర్గం:అచ్చుదిద్దబడని | దేవీప్రసాదశాస్త్రి
2026-10-06 04:42:33,710 [INFO] Sent -> جینان یاؤچیانگ بین الاقوامی ہوائی اڈا | Shuaib-bot
2026-10-06 04:42:33,817 [INFO] Sent -> Q33365771 | Cewbot
2026-10-06 04:42:33,926 [INFO] Sent -> File:JP 日本 Japan 沖繩 OKINAWA 那霸 Naha Omoromachi Shintoshin 新都心 Naha Main Place 商場 Shopping Mall shops floor plan sign January 2025 R12S.jpg | Adeletron 3030
2026-10-06 04:42:34,035 [INFO] Sent -> Q116395765 | DERDAKI ILIAS
2026-10-06 04:42:34,145 [INFO] Sent -> Bart van Hintum | İmmortalance
2026-10-06 04:42:34,252 [INFO] Sent -> Q5022906 | Mrwdat3
2026-10-06 04:42:34,362 [INFO] Sent -> It Ain't Me | InternetArchiveBot
2026-10-06 04:42:34,471 [INFO] Sent -> Brian Eno | Popcornfud
2026-10-06 04:42:34,580 [INFO] Sent -> vluchtigheidje | Kvdrgeus
2026-10-06 04:42:34,690 [INFO] Sent -> User talk:Inexpiable | NelsonLee20042020
2026-10-06 04:42:34,799 [INFO] Sent -> User:Mmorell/sandbox2 | Mmorell
2026-10-06 04:42:34,908 [INFO] Sent -> Category:January 2025 in Naha | Adeletron 3030
2026-10-06 04:42:35,015 [INFO] Sent -> Château de Malevirade | CodexBot2
2026-10-06 04:42:35,124 [INFO] Sent -> User:N7899/sandbox | N7899
2026-10-06 04:42:35,236 [INFO] Sent -> Template:PRC admin/data/11/01/13/003/219 | Hamish-bot
2026-10-06 04:42:35,348 [INFO] Sent -> Category:January 2025 in Naha | Adeletron 3030
2026-10-06 04:42:35,457 [INFO] Sent -> Kategorie:Wikipedia:VIAF in Wikipedia vorhanden, fehlt jedoch in Wikidata | Silewe
2026-10-06 04:42:35,565 [INFO] Sent -> Kategorie:Wikipedia:GND fehlt 2026-03 | Silewe
2026-10-06 04:42:35,675 [INFO] Sent -> Kategorie:Wikipedia:GND in Wikipedia fehlt, in Wikidata vorhanden | Silewe
2026-10-06 04:42:35,783 [INFO] Sent -> File:JP 日本 Japan 沖繩 OKINAWA 那霸 Naha Omoromachi Shintoshin 新都心 Naha Main Place 商場 Shopping Mall stairs January 2025 R12S 01.jpg | Adeletron 3030
2026-10-06 04:42:35,893 [INFO] Sent -> Categorie:Woorden met 4 lettergrepen in het Nederlands | Kvdrgeus
2026-10-06 04:42:36,003 [INFO] Sent -> Categorie:Woorden in het Nederlands met IPA-weergave | Kvdrgeus
2026-10-06 04:42:36,111 [INFO] Sent -> King (2026 film) | ~2026-48836-30
2026-10-06 04:42:36,220 [INFO] Sent -> File:ISS074-E-566309 - View of Earth.jpg | OptimusPrimeBot
2026-10-06 04:42:36,329 [INFO] Sent -> Category:January 2025 in Naha | Adeletron 3030
2026-10-06 04:42:36,439 [INFO] Sent -> King (2026 film) | ~2026-48836-30
2026-10-06 04:42:36,551 [INFO] Sent -> ヨタカ科 | コロネン
2026-10-06 04:42:36,659 [INFO] Sent -> Q14497303 | Mrwdat3
2026-10-06 04:42:36,768 [INFO] Sent -> Kategori:Türkiye'deki gurbetçi erkek futbolcular | İmmortalance
2026-10-06 04:42:36,876 [INFO] Sent -> Categoria:!Páginas para eliminação rápida | Mateus Leite
2026-10-06 04:42:36,988 [INFO] Sent -> Kategori:Türkiye'deki gurbetçi futbolcular | İmmortalance
2026-10-06 04:42:37,096 [INFO] Sent -> Q141657028 | Rohini
2026-10-06 04:42:37,204 [INFO] Sent -> Category:因历史原因保留的已停用模板 | Hamish-bot
2026-10-06 04:42:37,315 [INFO] Sent -> Module:ar-verb/testcases | Theknightwho
2026-10-06 04:42:37,423 [INFO] Sent -> File:JP 日本 Japan 沖繩 OKINAWA 那霸 Naha Omoromachi Shintoshin 新都心 Naha Main Place 商場 Shopping Mall Tax Free Cashier January 2025 R12S 02.jpg | Adeletron 3030
2026-10-06 04:42:37,532 [INFO] Sent -> Category:January 2025 in Naha | Adeletron 3030
2026-10-06 04:42:37,642 [INFO] Sent -> Q14720903 | Mrwdat3
2026-10-06 04:42:37,751 [INFO] Sent -> ထာမ်ပလိက်:wal-adj/documentation | Intobesa.bot
2026-10-06 04:42:37,859 [INFO] Sent -> File:JP 日本 Japan 沖繩 OKINAWA 那霸 Naha Omoromachi Shintoshin 新都心 Naha Main Place 商場 Shopping Mall Tax Free Goods package January 2025 R12S 01.jpg | Adeletron 3030
2026-10-06 04:42:37,968 [INFO] Sent -> Q24192445 | MsynBot
2026-10-06 04:42:38,077 [INFO] Sent -> Q141657028 | Rohini
2026-10-06 04:42:38,187 [INFO] Sent -> File:Maison Löwenstein - Aix-la-Chapelle (DEA2) - 2026-09-27 - 1.jpg | Chabe01
2026-10-06 04:42:38,296 [INFO] Sent -> File:The landlord and tenants' manual (microform) (IA cihm 10697).pdf | Lotje
2026-10-06 04:42:38,404 [INFO] Sent -> Dyé | Vikiçizer
2026-10-06 04:42:38,513 [INFO] Sent -> ကဏ္ဍ:မုက်လိက်သောဲသောဲမဆေၚ်စပ်ကဵုလိက်စၟတ်သမ္တီမချူပတိုန်လဝ်မဇ္ဇျဟ်ထောံဂမၠိုၚ် | Intobesa.bot
2026-10-06 04:42:38,622 [INFO] Sent -> Category:January 2025 in Naha | Adeletron 3030
2026-10-06 04:42:38,732 [INFO] Sent -> Temirtau | ElvinAgayev1988
2026-10-06 04:42:38,842 [INFO] Sent -> File:NOUVEAU D'HOZIER. Combe-Contaud. - btv1b10083547v (302 of 407).jpg | Gzen92Bot
2026-10-06 04:42:38,965 [INFO] Sent -> Category:January 2025 in Naha | Adeletron 3030
2026-10-06 04:42:39,076 [INFO] Sent -> Q47871162 | Cewbot
2026-10-06 04:42:39,182 [INFO] Sent -> Category:Pages with local camera coordinates and missing SDC coordinates | Chabe01
2026-10-06 04:42:39,291 [INFO] Sent -> Q3424602 | Rémih
2026-10-06 04:42:39,400 [INFO] Sent -> Category:Files with coordinates missing SDC location of creation (50° N, 6° E) | Chabe01
2026-10-06 04:42:39,511 [INFO] Sent -> Category:Creative Commons Attribution-Share Alike missing SDC copyright status | Chabe01
2026-10-06 04:42:39,620 [INFO] Sent -> File:ISS074-E-572839 - View of Earth.jpg | SchlurcherBot
2026-10-06 04:42:39,730 [INFO] Sent -> File:Tian zhu sheng jiao ri ke. - btv1b90069149 (124 of 235).jpg | Gzen92Bot
2026-10-06 04:42:39,840 [INFO] Sent -> Category:CC-BY-SA-4.0 | Chabe01
2026-10-06 04:42:39,949 [INFO] Sent -> Category:Creative Commons Attribution-Share Alike 4.0 missing SDC copyright license | Chabe01
2026-10-06 04:42:40,059 [INFO] Sent -> Category:Self-published work | Chabe01
2026-10-06 04:42:40,168 [INFO] Sent -> Q141657028 | Rohini
2026-10-06 04:42:40,275 [INFO] Sent -> Category:Self-published work missing SDC copyright license | Chabe01
2026-10-06 04:42:40,386 [INFO] Sent -> Category:Aachen | Chabe01
2026-10-06 04:42:40,498 [INFO] Sent -> File:JP 日本 Japan 沖繩 OKINAWA 那霸 Naha Omoromachi Shintoshin 新都心 Naha Main Place 商場 Shopping Mall Tax Free Goods bill January 2025 R12S.jpg | Adeletron 3030
2026-10-06 04:42:40,619 [INFO] Sent -> Category:September 2026 in Aachen | Chabe01
2026-10-06 04:42:40,729 [INFO] Sent -> File:Vigeland Park fountain 7.JPG | Rkieferbot
2026-10-06 04:42:40,840 [INFO] Progress: 7200 sent, 0 skipped.
2026-10-06 04:42:40,961 [INFO] Sent -> Category:North Rhine-Westphalia photographs taken on 2026-09-27 | Chabe01
2026-10-06 04:42:41,070 [INFO] Sent -> Category:Images by Chabe01 taken with iPhone 16 Pro | Chabe01
2026-10-06 04:42:41,178 [INFO] Sent -> Druyes-les-Belles-Fontaines | Vikiçizer
2026-10-06 04:42:41,288 [INFO] Sent -> Category:Mullin (surname) | Lotje
2026-10-06 04:42:41,397 [INFO] Sent -> Basta (Quilapayún) | CheckWikiBOT
2026-10-06 04:42:41,505 [INFO] Sent -> Category:Artworks without Wikidata item | Gzen92Bot
2026-10-06 04:42:41,614 [INFO] Sent -> File:Maison Löwenstein - Aix-la-Chapelle (DEA2) - 2026-09-27 - 1.jpg | Chabe01
2026-10-06 04:42:41,722 [INFO] Sent -> Q116390633 | DERDAKI ILIAS
2026-10-06 04:42:41,833 [INFO] Sent -> Category:PD France | Gzen92Bot
2026-10-06 04:42:41,943 [INFO] Sent -> Category:Artworks without Wikidata item | Gzen92Bot
2026-10-06 04:42:42,052 [INFO] Sent -> Category:PD US expired | Gzen92Bot
2026-10-06 04:42:42,159 [INFO] Sent -> Category:PD France | Gzen92Bot
2026-10-06 04:42:42,267 [INFO] Sent -> Category:PD-US missing SDC copyright status | Gzen92Bot
2026-10-06 04:42:42,380 [INFO] Sent -> Wikipedia:Pressespiegel | KurtR
2026-10-06 04:42:42,487 [INFO] Sent -> Category:Manuscripts from Gallica (Bibliothèque nationale de France) uploaded by Gzen92Bot | Gzen92Bot
2026-10-06 04:42:42,598 [INFO] Sent -> Category:PD-old missing SDC copyright status | Gzen92Bot
2026-10-06 04:42:42,708 [INFO] Sent -> Category:Tian zhu sheng jiao ri ke. - btv1b90069149 | Gzen92Bot
2026-10-06 04:42:42,819 [INFO] Sent -> Q141657028 | Rohini
2026-10-06 04:42:42,928 [INFO] Sent -> Category:CC-PD-Mark | Gzen92Bot
2026-10-06 04:42:43,036 [INFO] Sent -> Category:Files with no machine-readable author | Gzen92Bot
2026-10-06 04:42:43,145 [INFO] Sent -> Category:PD Old (assumed) | Gzen92Bot
2026-10-06 04:42:43,256 [INFO] Sent -> Category:Manuscripts from Gallica (Bibliothèque nationale de France) uploaded by Gzen92Bot | Gzen92Bot
2026-10-06 04:42:43,365 [INFO] Sent -> Category:NOUVEAU D'HOZIER. Combe-Contaud. - btv1b10083547v | Gzen92Bot
2026-10-06 04:42:43,476 [INFO] Sent -> Category:Files with no machine-readable author | Gzen92Bot
2026-10-06 04:42:43,586 [INFO] Sent -> File:JP 日本 Japan 沖繩 OKINAWA 那霸 Naha Omoromachi Shintoshin 新都心 Naha Main Place 商場 Shopping Mall Tax Free rules sign January 2025 R12S.jpg | Adeletron 3030
2026-10-06 04:42:43,695 [INFO] Sent -> Category:January 2025 in Naha | Adeletron 3030
2026-10-06 04:42:43,805 [INFO] Sent -> Q141657028 | Rohini
2026-10-06 04:42:43,914 [INFO] Sent -> Bibliography of George W. Bush | Celjski Grad
2026-10-06 04:42:44,026 [INFO] Sent -> Category:1856 paintings of donkeys | AnRo0002
2026-10-06 04:42:44,133 [INFO] Sent -> വിക്കിപാഠശാല:കാര്യനിർ‌വാഹകർ | Ranjithsiji
2026-10-06 04:42:44,242 [INFO] Sent -> 2023年江東区長選挙 | Anothercat
2026-10-06 04:42:44,349 [INFO] Sent -> Égleny | Vikiçizer
2026-10-06 04:42:44,458 [INFO] Sent -> مستخدم:Mokatel Hamza | Mokatel Hamza
2026-10-06 04:42:44,569 [INFO] Sent -> Q141657028 | Rohini
2026-10-06 04:42:44,675 [INFO] Sent -> File:Gezicht in de Black Canyon of de Grand Canyon, Verenigde Staten, vanuit een vliegtuig Vliegtuigimpressie (titel op object), RP-F-2004-285-80.jpg | PeterWD
2026-10-06 04:42:44,786 [INFO] Sent -> Category:January 2025 in Naha | Adeletron 3030
2026-10-06 04:42:44,897 [INFO] Sent -> Catherine Nanziri | Brenda Namulinda
2026-10-06 04:42:45,009 [INFO] Sent -> File:JP 日本 Japan 沖繩 OKINAWA 那霸 Naha Omoromachi Shintoshin 新都心 Naha Main Place 商場 Shopping Mall Tax Free System banner January 2025 R12S 01.jpg | Adeletron 3030
2026-10-06 04:42:45,131 [INFO] Sent -> Jordánia a 2024. évi nyári olimpiai játékokon | Battila27
2026-10-06 04:42:45,241 [INFO] Sent -> Category:1850s paintings of donkeys | AnRo0002
2026-10-06 04:42:45,365 [INFO] Sent -> Q27020041 | 日期20220626
2026-10-06 04:42:45,474 [INFO] Sent -> Gewinn bringender | Edfyr
2026-10-06 04:42:45,584 [INFO] Sent -> Category:1856 paintings of animals | AnRo0002
2026-10-06 04:42:45,691 [INFO] Sent -> Category:Paintings of donkeys by year | AnRo0002
2026-10-06 04:42:45,808 [INFO] Sent -> Q14885958 | Mrwdat3
2026-10-06 04:42:46,266 [INFO] Sent -> Q24192446 | MsynBot
2026-10-06 04:42:46,390 [INFO] Sent -> Conflict thesis | Mavikedi15
2026-10-06 04:42:46,505 [INFO] Sent -> File:JP 日本 Japan 沖繩 OKINAWA 那霸 Naha Omoromachi Shintoshin 新都心 Naha Main Place 商場 Shopping Mall void January 2025 R12S 01.jpg | Adeletron 3030
2026-10-06 04:42:46,623 [INFO] Sent -> Q141657028 | Rohini
2026-10-06 04:42:46,746 [INFO] Sent -> Category:Ford 5-AT | PeterWD
2026-10-06 04:42:46,897 [INFO] Sent -> Q116395766 | DERDAKI ILIAS
2026-10-06 04:42:47,024 [INFO] Sent -> Q21667610 | Rebot
2026-10-06 04:42:47,155 [INFO] Sent -> Q111402479 | LuauGroup
2026-10-06 04:42:47,288 [INFO] Sent -> Kategorie:Komparativ (Deutsch) | Edfyr
2026-10-06 04:42:47,397 [INFO] Sent -> File:JP 日本 Japan 沖繩 OKINAWA 那霸 Naha Omoromachi Shintoshin 新都心 Naha Main Place 商場 Shopping Mall void January 2025 R12S 02.jpg | Adeletron 3030
2026-10-06 04:42:47,561 [INFO] Sent -> Category:January 2025 in Naha | Adeletron 3030
2026-10-06 04:42:47,676 [INFO] Sent -> Category:CS1 American English-language sources (en-us) | Brenda Namulinda
2026-10-06 04:42:47,820 [INFO] Sent -> Langkawi International Airport | Danners430
2026-10-06 04:42:47,930 [INFO] Sent -> பக்கம்:சமயச் சொல்லகராதி.pdf/369 | SENTHAMIZHSELVI A
2026-10-06 04:42:48,052 [INFO] Sent -> Q141657028 | Rohini
2026-10-06 04:42:48,161 [INFO] Sent -> File:JP 日本 Japan 沖繩 OKINAWA 那霸 Naha Omoromachi Shintoshin 新都心 Naha Main Place 商場 Shopping Mall void January 2025 R12S 03.jpg | Adeletron 3030
2026-10-06 04:42:48,270 [INFO] Sent -> Hans Jonas | ~2026-53721-43
2026-10-06 04:42:48,392 [INFO] Sent -> Category:January 2025 in Naha | Adeletron 3030
2026-10-06 04:42:48,515 [INFO] Sent -> Q15636857 | Mrwdat3
2026-10-06 04:42:48,628 [INFO] Sent -> Jesús Alustiza Urteaga | Marraski
2026-10-06 04:42:48,738 [INFO] Sent -> Q113562 | Ksn.kenny
2026-10-06 04:42:48,866 [INFO] Sent -> Q116390634 | DERDAKI ILIAS
2026-10-06 04:42:48,993 [INFO] Sent -> File:JP 日本 Japan 沖繩 OKINAWA 那霸 Naha Omoromachi Shintoshin 新都心 Naha Main Place 商場 Shopping Mall void January 2025 R12S 04.jpg | Adeletron 3030
2026-10-06 04:42:49,112 [INFO] Sent -> பகுப்பு:மெய்ப்பு பார்க்கப்படாதவை | SENTHAMIZHSELVI A
2026-10-06 04:42:49,232 [INFO] Sent -> File:JP 日本 Japan 沖繩 OKINAWA 那霸 Naha Takara Chome shop 魚屋直營食堂 Sakanaya Chokuei Shokudo Uomaru Seafood Restaurant food lunch January 2025 R12S 02.jpg | Adeletron 3030
2026-10-06 04:42:49,348 [INFO] Sent -> Lieutenant Governor of Quebec | CreationFox
2026-10-06 04:42:49,466 [INFO] Sent -> Q141657028 | Rohini
2026-10-06 04:42:49,585 [INFO] Sent -> User:RLuts/FindSmith/Help | RLuts
2026-10-06 04:42:49,694 [INFO] Sent -> Égriselles-le-Bocage | Vikiçizer
2026-10-06 04:42:49,803 [INFO] Sent -> Category:January 2025 in Naha | Adeletron 3030
2026-10-06 04:42:49,924 [INFO] Sent -> Category:January 2025 in Naha | Adeletron 3030
2026-10-06 04:42:50,033 [INFO] Sent -> File:JP 日本 Japan 沖繩 OKINAWA 那霸 Naha Takara Chome shop 魚屋直營食堂 Sakanaya Chokuei Shokudo Uomaru Seafood Restaurant food lunch January 2025 R12S 01.jpg | Adeletron 3030
2026-10-06 04:42:50,143 [INFO] Sent -> File:Porte Marschier - Aix-la-Chapelle (DEA2) - 2026-09-27 - 1.jpg | Chabe01
2026-10-06 04:42:50,256 [INFO] Sent -> File:Die Briefe an Timotheus und Titus. 11 (IA 10311915bsb).pdf | Fæ
2026-10-06 04:42:50,365 [INFO] Sent -> Q141657028 | Rohini
2026-10-06 04:42:50,486 [INFO] Sent -> Данвэрс (Массачусетс) | InternetArchiveBot
2026-10-06 04:42:50,597 [INFO] Sent -> File:JP 日本 Japan 沖繩 OKINAWA 那霸 Naha Takara Chome shop 魚屋直營食堂 Sakanaya Chokuei Shokudo Uomaru Seafood Restaurant food lunch January 2025 R12S 04.jpg | Adeletron 3030
2026-10-06 04:42:50,705 [INFO] Sent -> Munozara:Hellinsia bawana | Abdufattohov Ibrohimjon
2026-10-06 04:42:50,812 [INFO] Sent -> File:JP 日本 Japan 沖繩 OKINAWA 那霸 Naha Takara Chome shop 魚屋直營食堂 Sakanaya Chokuei Shokudo Uomaru Seafood Restaurant food lunch January 2025 R12S 03.jpg | Adeletron 3030
2026-10-06 04:42:50,923 [INFO] Sent -> Category:January 2025 in Naha | Adeletron 3030
2026-10-06 04:42:51,030 [INFO] Sent -> Q14574738 | Mrwdat3
2026-10-06 04:42:51,143 [INFO] Sent -> Category:January 2025 in Naha | Adeletron 3030
2026-10-06 04:42:51,260 [INFO] Sent -> File:Vigeland Park fountain 8.JPG | Rkieferbot
2026-10-06 04:42:51,369 [INFO] Sent -> Category:Pages with local camera coordinates and missing SDC coordinates | Chabe01
2026-10-06 04:42:51,476 [INFO] Sent -> Category:January 2025 in Naha | Adeletron 3030
2026-10-06 04:42:51,585 [INFO] Sent -> Category:Files with coordinates missing SDC location of creation (50° N, 6° E) | Chabe01
2026-10-06 04:42:51,695 [INFO] Sent -> Category:Creative Commons Attribution-Share Alike missing SDC copyright status | Chabe01
2026-10-06 04:42:51,803 [INFO] Sent -> File:JP 日本 Japan 沖繩 OKINAWA 那霸 Naha Takara Chome shop 魚屋直營食堂 Sakanaya Chokuei Shokudo Uomaru Seafood Restaurant food lunch January 2025 R12S 05.jpg | Adeletron 3030
2026-10-06 04:42:51,912 [INFO] Sent -> Category:CC-BY-SA-4.0 | Chabe01
2026-10-06 04:42:52,023 [INFO] Sent -> Category:Scans from the Internet Archive | Fæ
2026-10-06 04:42:52,130 [INFO] Sent -> Category:Creative Commons Attribution-Share Alike 4.0 missing SDC copyright license | Chabe01
2026-10-06 04:42:52,237 [INFO] Sent -> Category:Scans from the Internet Archive/unverified | Fæ
2026-10-06 04:42:52,347 [INFO] Sent -> hewingeheke | JiyanBot
2026-10-06 04:42:52,455 [INFO] Sent -> Category:Self-published work | Chabe01
2026-10-06 04:42:52,564 [INFO] Progress: 7300 sent, 0 skipped.
2026-10-06 04:42:52,674 [INFO] Sent -> Category:Self-published work missing SDC copyright license | Chabe01
2026-10-06 04:42:52,786 [INFO] Sent -> Category:CC-PD-Mark | Fæ
2026-10-06 04:42:52,896 [INFO] Sent -> Q141657028 | Rohini
2026-10-06 04:42:53,004 [INFO] Sent -> Category:Aachen | Chabe01
2026-10-06 04:42:53,110 [INFO] Sent -> Category:PD-old-100-expired | Fæ
2026-10-06 04:42:53,220 [INFO] Sent -> Category:September 2026 in Aachen | Chabe01
2026-10-06 04:42:53,328 [INFO] Sent -> Category:German online libraries collection | Fæ
2026-10-06 04:42:53,435 [INFO] Sent -> Category:Images of Aachen by Chabe01 | Chabe01
2026-10-06 04:42:53,545 [INFO] Sent -> Category:IA uploads needing categories | Fæ
2026-10-06 04:42:53,654 [INFO] Sent -> User talk:Slowking Man | NervousBot
2026-10-06 04:42:53,762 [INFO] Sent -> Category:North Rhine-Westphalia photographs taken on 2026-09-27 | Chabe01
2026-10-06 04:42:53,876 [INFO] Sent -> Category:Books uploaded by Fæ | Fæ
2026-10-06 04:42:54,000 [INFO] Sent -> Category:Images by Chabe01 taken with iPhone 16 Pro | Chabe01
2026-10-06 04:42:54,122 [INFO] Sent -> File:JP 日本 Japan 沖繩 OKINAWA 那霸 Naha Takara Chome shop 魚屋直營食堂 Sakanaya Chokuei Shokudo Uomaru Seafood Restaurant food lunch January 2025 R12S 06.jpg | Adeletron 3030
2026-10-06 04:42:54,231 [INFO] Sent -> Patricio Castillo | CheckWikiBOT
2026-10-06 04:42:54,419 [INFO] Sent -> Category:January 2025 in Naha | Adeletron 3030
2026-10-06 04:42:54,833 [INFO] Sent -> File:Fuente de Neptuno - Aranjuez 05.jpg | Rkieferbot
2026-10-06 04:42:55,066 [INFO] Sent -> Q116395767 | DERDAKI ILIAS
2026-10-06 04:42:55,182 [INFO] Sent -> Imoh Ezekiel | İmmortalance
2026-10-06 04:42:55,321 [INFO] Sent -> File:JP 日本 Japan 沖繩 OKINAWA 那霸 Naha Takara Chome shop 魚屋直營食堂 Sakanaya Chokuei Shokudo Uomaru Seafood Restaurant food lunch January 2025 R12S 09.jpg | Adeletron 3030
2026-10-06 04:42:55,434 [INFO] Sent -> Q116390636 | DERDAKI ILIAS
2026-10-06 04:42:55,555 [INFO] Sent -> Category:January 2025 in Naha | Adeletron 3030
2026-10-06 04:42:55,812 [INFO] Sent -> Q6237727 | KaleemBot
2026-10-06 04:42:55,979 [INFO] Sent -> Q13472964 | Mrwdat3
2026-10-06 04:42:56,101 [INFO] Sent -> File:Porte Marschier - Aix-la-Chapelle (DEA2) - 2026-09-27 - 1.jpg | Chabe01
2026-10-06 04:42:56,229 [INFO] Sent -> Q141657028 | Rohini
2026-10-06 04:42:56,371 [INFO] Sent -> Category:January 2025 in Naha | Adeletron 3030
2026-10-06 04:42:56,486 [INFO] Sent -> File:JP 日本 Japan 沖繩 OKINAWA 那霸 Naha Takara Chome shop 魚屋直營食堂 Sakanaya Chokuei Shokudo Uomaru Seafood Restaurant food lunch January 2025 R12S 07.jpg | Adeletron 3030
2026-10-06 04:42:56,594 [INFO] Sent -> User:Lynngol/sandbox2 | Lynngol
2026-10-06 04:42:56,704 [INFO] Sent -> Category:January 2025 in Naha | Adeletron 3030
2026-10-06 04:42:56,813 [INFO] Sent -> Épineau-les-Voves | Vikiçizer
2026-10-06 04:42:56,922 [INFO] Sent -> GONIO - KOVOVÉ MODELY 1/24 | Hranička
2026-10-06 04:42:57,032 [INFO] Sent -> Q24192448 | MsynBot
2026-10-06 04:42:57,173 [INFO] Sent -> GONIO - KOVOVÉ MODELY 1/24 | Hranička
2026-10-06 04:42:57,324 [INFO] Sent -> File:JP 日本 Japan 沖繩 OKINAWA 那霸 Naha Takara Chome shop 魚屋直營食堂 Sakanaya Chokuei Shokudo Uomaru Seafood Restaurant food lunch January 2025 R12S 08.jpg | Adeletron 3030
2026-10-06 04:42:57,459 [INFO] Sent -> Данвэрс (Миннесота) | InternetArchiveBot
2026-10-06 04:42:57,696 [INFO] Sent -> Category:January 2025 in Naha | Adeletron 3030
2026-10-06 04:42:57,899 [INFO] Sent -> Q141657028 | Rohini
2026-10-06 04:42:58,104 [INFO] Sent -> Category:January 2025 in Naha | Adeletron 3030
2026-10-06 04:42:58,267 [INFO] Sent -> Usuário Discussão:Dr. Thundercats | Mateus Leite
2026-10-06 04:42:58,406 [INFO] Sent -> Q13635038 | Mrwdat3
2026-10-06 04:42:58,530 [INFO] Sent -> File:Wallace & Gordon logo.svg | ClueBeast Images
2026-10-06 04:42:58,655 [INFO] Sent -> File:ISS074-E-566310 - View of Earth.jpg | OptimusPrimeBot
2026-10-06 04:42:58,767 [INFO] Sent -> File:JP 日本 Japan 沖繩 OKINAWA 那霸 Naha Takara Chome shop 魚屋直營食堂 Sakanaya Chokuei Shokudo Uomaru Seafood Restaurant food lunch January 2025 R12S 10.jpg | Adeletron 3030
2026-10-06 04:42:58,890 [INFO] Sent -> File:Wallace & Gordon logo.svg | ClueBeast Images
2026-10-06 04:42:59,047 [INFO] Sent -> File:Wallace & Gordon logo.svg | ClueBeast Images
2026-10-06 04:42:59,175 [INFO] Sent -> Fritz Reuter | ~2026-53750-12
2026-10-06 04:42:59,297 [INFO] Sent -> Kategori:Türkiye'deki gurbetçi erkek futbolcular | İmmortalance
2026-10-06 04:42:59,512 [INFO] Sent -> File:JP 日本 Japan 沖繩 OKINAWA 那霸 Naha Takara Chome shop 魚屋直營食堂 Sakanaya Chokuei Shokudo Uomaru Seafood Restaurant food lunch January 2025 R12S 12.jpg | Adeletron 3030
2026-10-06 04:42:59,699 [INFO] Sent -> Q16606854 | Kristbaumbot
2026-10-06 04:42:59,821 [INFO] Sent -> Kategori:Türkiye'deki gurbetçi futbolcular | İmmortalance
2026-10-06 04:42:59,930 [INFO] Sent -> File:Trans Metro Pasundan 1D and 4D Buses in Leuwipanjang Bus Terminal.jpg | TTTNIS
2026-10-06 04:43:00,041 [INFO] Sent -> Category:January 2025 in Naha | Adeletron 3030
2026-10-06 04:43:00,245 [INFO] Sent -> Q116390637 | DERDAKI ILIAS
2026-10-06 04:43:00,377 [INFO] Sent -> File:La Conquête de la Terre sainte (par GUILLAUME DE TYR), avec la continuation. - btv1b9058986s (021 of 271).jpg | Gzen92Bot
2026-10-06 04:43:00,490 [INFO] Sent -> Q14555128 | Mrwdat3
2026-10-06 04:43:00,599 [INFO] Sent -> Kategorie:Údržba:Stránky s chybami v referencích | Hranička
2026-10-06 04:43:00,709 [INFO] Sent -> Q116395768 | DERDAKI ILIAS
2026-10-06 04:43:00,817 [INFO] Sent -> Category:ISS photographs taken on 2026-05-03 | OptimusPrimeBot
2026-10-06 04:43:00,935 [INFO] Sent -> Épineuil | Vikiçizer
2026-10-06 04:43:01,066 [INFO] Sent -> Q141657028 | Rohini
2026-10-06 04:43:01,189 [INFO] Sent -> Category:Taken on missing SDC inception | OptimusPrimeBot
2026-10-06 04:43:01,296 [INFO] Sent -> Category:Images from the Earth Science and Remote Sensing Unit, Lyndon B. Johnson Space Center | OptimusPrimeBot
2026-10-06 04:43:01,521 [INFO] Sent -> Крымский улус | Dmitry V. Vinogradov
2026-10-06 04:43:01,704 [INFO] Sent -> Category:Pages with local object coordinates and missing SDC coordinates | OptimusPrimeBot
2026-10-06 04:43:01,835 [INFO] Sent -> زمرہ:1490ء کی دہائی میں ختم ہونے والی ریاستیں اور علاقے | KaleemBot
2026-10-06 04:43:01,976 [INFO] Sent -> Category:Files with coordinates missing SDC location of creation | OptimusPrimeBot
2026-10-06 04:43:02,092 [INFO] Sent -> Category:PD NASA | OptimusPrimeBot
2026-10-06 04:43:02,207 [INFO] Sent -> File:JP 日本 Japan 沖繩 OKINAWA 那霸 Naha Takara Chome shop 魚屋直營食堂 Sakanaya Chokuei Shokudo Uomaru Seafood Restaurant food lunch January 2025 R12S 14.jpg | Adeletron 3030
2026-10-06 04:43:02,386 [INFO] Sent -> Category:PD-USGov missing SDC copyright status | OptimusPrimeBot
2026-10-06 04:43:02,528 [INFO] Sent -> E invece | ~2026-53766-14
2026-10-06 04:43:02,761 [INFO] Sent -> Gerhard Leistner | 131Platypi
2026-10-06 04:43:02,882 [INFO] Sent -> Category:ISS Expedition 74 Crew Earth Observations (dump) | OptimusPrimeBot
2026-10-06 04:43:03,018 [INFO] Sent -> Category:Chapel of Brother André | Pe-Jo
2026-10-06 04:43:03,128 [INFO] Sent -> Category:NASA GAPE files uploaded by OptimusPrimeBot | OptimusPrimeBot
2026-10-06 04:43:03,267 [INFO] Sent -> Category:Taken with Nikon Z 9 | OptimusPrimeBot
2026-10-06 04:43:03,375 [INFO] Sent -> Category:Artworks without Wikidata item | Gzen92Bot
2026-10-06 04:43:03,483 [INFO] Sent -> Category:PD France | Gzen92Bot
2026-10-06 04:43:03,606 [INFO] Sent -> Category:PD US expired | Gzen92Bot
2026-10-06 04:43:03,716 [INFO] Sent -> Category:PD-US missing SDC copyright status | Gzen92Bot
2026-10-06 04:43:03,823 [INFO] Sent -> Category:January 2025 in Naha | Adeletron 3030
2026-10-06 04:43:03,944 [INFO] Sent -> Category:PD-old missing SDC copyright status | Gzen92Bot
2026-10-06 04:43:04,167 [INFO] Sent -> File:JP 日本 Japan 沖繩 OKINAWA 那霸 Naha Takara Chome shop 魚屋直營食堂 Sakanaya Chokuei Shokudo Uomaru Seafood Restaurant food lunch January 2025 R12S 15.jpg | Adeletron 3030
2026-10-06 04:43:04,276 [INFO] Sent -> Category:CC-PD-Mark | Gzen92Bot
2026-10-06 04:43:04,405 [INFO] Sent -> Category:PD Old (assumed) | Gzen92Bot
2026-10-06 04:43:04,546 [INFO] Sent -> Category:Manuscripts from Gallica (Bibliothèque nationale de France) uploaded by Gzen92Bot | Gzen92Bot
2026-10-06 04:43:04,669 [INFO] Sent -> Category:La Conquête de la Terre sainte (par GUILLAUME DE TYR), avec la continuation. - btv1b9058986s | Gzen92Bot
2026-10-06 04:43:04,795 [INFO] Sent -> Category:INKA E-Inobus | TTTNIS
2026-10-06 04:43:04,933 [INFO] Sent -> Category:Files with no machine-readable author | Gzen92Bot
2026-10-06 04:43:05,056 [INFO] Sent -> Category:Industri Kereta Api | TTTNIS
2026-10-06 04:43:05,164 [INFO] Sent -> File:JP 日本 Japan 沖繩 OKINAWA 那霸 Naha Takara Chome shop 魚屋直營食堂 Sakanaya Chokuei Shokudo Uomaru Seafood Restaurant food lunch January 2025 R12S 16.jpg | Adeletron 3030
2026-10-06 04:43:05,274 [INFO] Sent -> Category:January 2025 in Naha | Adeletron 3030
2026-10-06 04:43:05,381 [INFO] Sent -> pastizz | Bot-Jagwar
2026-10-06 04:43:05,491 [INFO] Sent -> File:JP 日本 Japan 沖繩 OKINAWA 那霸 Naha Takara Chome shop 魚屋直營食堂 Sakanaya Chokuei Shokudo Uomaru Seafood Restaurant food lunch January 2025 R12S 13.jpg | Adeletron 3030
2026-10-06 04:43:05,599 [INFO] Sent -> Q141657028 | Rohini
2026-10-06 04:43:05,706 [INFO] Sent -> Wikipedia:Main Page/Errors | Wehwalt
2026-10-06 04:43:05,816 [INFO] Sent -> Category:Things named after André Bessette | Pe-Jo
2026-10-06 04:43:05,925 [INFO] Sent -> China Open 2026 (Tennis)/Herren | Partynia
2026-10-06 04:43:06,046 [INFO] Sent -> Category:André Bessette | Pe-Jo
2026-10-06 04:43:06,241 [INFO] Progress: 7400 sent, 0 skipped.
2026-10-06 04:43:06,348 [INFO] Sent -> Q97658257 | MsynBot
2026-10-06 04:43:06,457 [INFO] Sent -> Category:January 2025 in Naha | Adeletron 3030
2026-10-06 04:43:06,570 [INFO] Sent -> Thomas Ceccon | Quinn
2026-10-06 04:43:06,690 [INFO] Sent -> Q141657028 | Rohini
2026-10-06 04:43:06,800 [INFO] Sent -> David Sassoli | Egidio24
2026-10-06 04:43:06,909 [INFO] Sent -> Categoria:Spostare | ~2026-53766-14
2026-10-06 04:43:07,019 [INFO] Sent -> Categoria:Stub - singoli discografici | ~2026-53766-14
2026-10-06 04:43:07,128 [INFO] Sent -> Alturas (brano musicale) | CheckWikiBOT
2026-10-06 04:43:07,237 [INFO] Sent -> File:JP 日本 Japan 沖繩 OKINAWA 那霸 Naha Takara Chome shop 魚屋直營食堂 Sakanaya Chokuei Shokudo Uomaru Seafood Restaurant food lunch January 2025 R12S 11.jpg | Adeletron 3030
2026-10-06 04:43:07,347 [INFO] Sent -> Q116390638 | DERDAKI ILIAS
2026-10-06 04:43:07,459 [INFO] Sent -> Dead Swans | InternetArchiveBot
2026-10-06 04:43:07,579 [INFO] Sent -> Category:January 2025 in Naha | Adeletron 3030
2026-10-06 04:43:07,690 [INFO] Sent -> File:JP 日本 Japan 沖繩 OKINAWA 那霸 Naha Takara Chome shop 魚屋直營食堂 Sakanaya Chokuei Shokudo Uomaru Seafood Restaurant food lunch January 2025 R12S 17.jpg | Adeletron 3030
2026-10-06 04:43:07,800 [INFO] Sent -> Q24192449 | MsynBot
2026-10-06 04:43:07,907 [INFO] Sent -> Category:January 2025 in Naha | Adeletron 3030
2026-10-06 04:43:08,018 [INFO] Sent -> File:Vigeland Park statue 8.JPG | Rkieferbot
2026-10-06 04:43:08,126 [INFO] Sent -> Ifeanyi Mathew | İmmortalance
2026-10-06 04:43:08,234 [INFO] Sent -> Tomislav Merčep | Franjo-22121990
2026-10-06 04:43:08,344 [INFO] Sent -> File:JP 日本 Japan 沖繩 OKINAWA 那霸 Naha Takara Chome shop 魚屋直營食堂 Sakanaya Chokuei Shokudo Uomaru Seafood Restaurant food lunch January 2025 R12S 18.jpg | Adeletron 3030
2026-10-06 04:43:08,453 [INFO] Sent -> Q116395769 | DERDAKI ILIAS
2026-10-06 04:43:08,566 [INFO] Sent -> Q141657028 | Rohini
2026-10-06 04:43:08,685 [INFO] Sent -> File:Porte Marschier - Aix-la-Chapelle (DEA2) - 2026-09-27 - 2.jpg | Chabe01
2026-10-06 04:43:08,797 [INFO] Sent -> Gabriel Iancu | İmmortalance
2026-10-06 04:43:08,938 [INFO] Sent -> File:JP 日本 Japan 沖繩 OKINAWA 那霸 Naha Takara Chome shop 魚屋直營食堂 Sakanaya Chokuei Shokudo Uomaru Seafood Restaurant food lunch January 2025 R12S 20.jpg | Adeletron 3030
2026-10-06 04:43:09,057 [INFO] Sent -> File:JP 日本 Japan 沖繩 OKINAWA 那霸 Naha Takara Chome shop 魚屋直營食堂 Sakanaya Chokuei Shokudo Uomaru Seafood Restaurant food lunch January 2025 R12S 21.jpg | Adeletron 3030
2026-10-06 04:43:09,171 [INFO] Sent -> Q14171402 | Mrwdat3
2026-10-06 04:43:09,288 [INFO] Sent -> Category:January 2025 in Naha | Adeletron 3030
2026-10-06 04:43:09,396 [INFO] Sent -> File:JP 日本 Japan 沖繩 OKINAWA 那霸 Naha Takara Chome shop 魚屋直營食堂 Sakanaya Chokuei Shokudo Uomaru Seafood Restaurant food lunch January 2025 R12S 19.jpg | Adeletron 3030
2026-10-06 04:43:09,505 [INFO] Sent -> Usuário:Ederporto/Testes/Criação ou tradução de artigos/8 | ListeriaBot
2026-10-06 04:43:09,616 [INFO] Sent -> Q141657028 | Rohini
2026-10-06 04:43:09,771 [INFO] Sent -> Kategori:Türkiye'deki gurbetçi erkek futbolcular | İmmortalance
2026-10-06 04:43:09,916 [INFO] Sent -> Category:January 2025 in Naha | Adeletron 3030
2026-10-06 04:43:10,051 [INFO] Sent -> Kategori:Türkiye'deki gurbetçi futbolcular | İmmortalance
2026-10-06 04:43:10,180 [INFO] Sent -> Category:January 2025 in Naha | Adeletron 3030
2026-10-06 04:43:10,296 [INFO] Sent -> Category:Pages with local camera coordinates and missing SDC coordinates | Chabe01
2026-10-06 04:43:10,402 [INFO] Sent -> Q116390641 | DERDAKI ILIAS
2026-10-06 04:43:10,511 [INFO] Sent -> Category:Files with coordinates missing SDC location of creation (50° N, 6° E) | Chabe01
2026-10-06 04:43:10,688 [INFO] Sent -> Category:Creative Commons Attribution-Share Alike missing SDC copyright status | Chabe01
2026-10-06 04:43:10,840 [INFO] Sent -> File:JP 日本 Japan 沖繩 OKINAWA 那霸 Naha Takara Chome shop 魚屋直營食堂 Sakanaya Chokuei Shokudo Uomaru Seafood Restaurant food lunch January 2025 R12S 22.jpg | Adeletron 3030
2026-10-06 04:43:10,984 [INFO] Sent -> Category:CC-BY-SA-4.0 | Chabe01
2026-10-06 04:43:11,175 [INFO] Sent -> File:Bible. A.T. Pentateuque-Hapṭarah-Megillôt (hébreu) - btv1b10549397c (184 of 639).jpg | Gzen92Bot
2026-10-06 04:43:11,325 [INFO] Sent -> Category:Creative Commons Attribution-Share Alike 4.0 missing SDC copyright license | Chabe01
2026-10-06 04:43:11,449 [INFO] Sent -> Q14521789 | Mrwdat3
2026-10-06 04:43:11,558 [INFO] Sent -> Category:Self-published work | Chabe01
2026-10-06 04:43:11,667 [INFO] Sent -> File:JP 日本 Japan 沖繩 OKINAWA 那霸 Naha Takara Chome shop 魚屋直營食堂 Sakanaya Chokuei Shokudo Uomaru Seafood Restaurant food lunch January 2025 R12S 24.jpg | Adeletron 3030
2026-10-06 04:43:11,776 [INFO] Sent -> Category:Self-published work missing SDC copyright license | Chabe01
2026-10-06 04:43:11,889 [INFO] Sent -> File:ISS074-E-566310 - View of Earth.jpg | OptimusPrimeBot
2026-10-06 04:43:12,011 [INFO] Sent -> Category:January 2025 in Naha | Adeletron 3030
2026-10-06 04:43:12,129 [INFO] Sent -> Category:Aachen | Chabe01
2026-10-06 04:43:12,247 [INFO] Sent -> File:Porte Marschier - Aix-la-Chapelle (DEA2) - 2026-09-27 - 2.jpg | Chabe01
2026-10-06 04:43:12,356 [INFO] Sent -> Category:September 2026 in Aachen | Chabe01
2026-10-06 04:43:12,467 [INFO] Sent -> Category:Images of Aachen by Chabe01 | Chabe01
2026-10-06 04:43:12,574 [INFO] Sent -> Cycling at the Asian Games | Rodw
2026-10-06 04:43:12,704 [INFO] Sent -> Category:North Rhine-Westphalia photographs taken on 2026-09-27 | Chabe01
2026-10-06 04:43:12,854 [INFO] Sent -> Category:Images by Chabe01 taken with iPhone 16 Pro | Chabe01
2026-10-06 04:43:12,976 [INFO] Sent -> Category:January 2025 in Naha | Adeletron 3030
2026-10-06 04:43:13,103 [INFO] Sent -> User talk:Skyvello Travels | Skyvello Travels
2026-10-06 04:43:13,288 [INFO] Sent -> Q141657028 | Rohini
2026-10-06 04:43:13,396 [INFO] Sent -> Catégorie:Article utilisant l'infobox Biographie2 | ~2026-53746-18
2026-10-06 04:43:13,505 [INFO] Sent -> Catégorie:Article utilisant l'infobox Biographie2 via Modèle:Infobox | ~2026-53746-18
2026-10-06 04:43:13,616 [INFO] Sent -> Category:January 2025 in Naha | Adeletron 3030
2026-10-06 04:43:13,727 [INFO] Sent -> Category:Artworks without Wikidata item | Gzen92Bot
2026-10-06 04:43:13,848 [INFO] Sent -> File:JP 日本 Japan 沖繩 OKINAWA 那霸 Naha Takara Chome shop 魚屋直營食堂 Sakanaya Chokuei Shokudo Uomaru Seafood Restaurant food lunch January 2025 R12S 25.jpg | Adeletron 3030
2026-10-06 04:43:13,959 [INFO] Sent -> Category:PD France | Gzen92Bot
2026-10-06 04:43:14,069 [INFO] Sent -> Q141657021 | Merci Kahubangwa
2026-10-06 04:43:14,179 [INFO] Sent -> Category:Manuscripts from Gallica (Bibliothèque nationale de France) uploaded by Gzen92Bot | Gzen92Bot
2026-10-06 04:43:14,288 [INFO] Sent -> Q2387113 | HanTsî
2026-10-06 04:43:14,397 [INFO] Sent -> Category:Bible. A.T. Pentateuque-Hapṭarah-Megillôt (hébreu) - btv1b10549397c | Gzen92Bot
2026-10-06 04:43:14,508 [INFO] Sent -> File:JP 日本 Japan 沖繩 OKINAWA 那霸 Naha Takara Chome shop 魚屋直營食堂 Sakanaya Chokuei Shokudo Uomaru Seafood Restaurant food lunch January 2025 R12S 23.jpg | Adeletron 3030
2026-10-06 04:43:14,618 [INFO] Sent -> Category:Files with no machine-readable author | Gzen92Bot
2026-10-06 04:43:14,727 [INFO] Sent -> Q116390642 | DERDAKI ILIAS
2026-10-06 04:43:14,836 [INFO] Sent -> Kategori:Türkiye'deki gurbetçi erkek futbolcular | İmmortalance
2026-10-06 04:43:14,945 [INFO] Sent -> Kategori:Türkiye'deki gurbetçi futbolcular | İmmortalance
2026-10-06 04:43:15,055 [INFO] Sent -> Category:January 2025 in Naha | Adeletron 3030
2026-10-06 04:43:15,163 [INFO] Sent -> Category:January 2025 in Naha | Adeletron 3030
2026-10-06 04:43:15,273 [INFO] Sent -> User:Event Carpets Dubai | Y-route
2026-10-06 04:43:15,396 [INFO] Sent -> Q21228779 | Mrwdat3
2026-10-06 04:43:15,686 [INFO] Sent -> Cleddasgell Santa Marta | ListeriaBot
2026-10-06 04:43:15,812 [INFO] Sent -> Q116395772 | DERDAKI ILIAS
2026-10-06 04:43:15,936 [INFO] Sent -> Category:January 2025 in Naha | Adeletron 3030
2026-10-06 04:43:16,058 [INFO] Sent -> Q3875054 | Yupik
2026-10-06 04:43:16,164 [INFO] Sent -> Category:January 2025 in Naha | Adeletron 3030
2026-10-06 04:43:16,272 [INFO] Sent -> Q141657028 | Rohini
2026-10-06 04:43:16,386 [INFO] Sent -> Q116390643 | DERDAKI ILIAS
2026-10-06 04:43:16,506 [INFO] Sent -> File:JP 日本 Japan 沖繩 OKINAWA 那霸 Naha Takara Chome shop 魚屋直營食堂 Sakanaya Chokuei Shokudo Uomaru Seafood Restaurant food lunch January 2025 R12S 27.jpg | Adeletron 3030
2026-10-06 04:43:16,615 [INFO] Sent -> Internationalist | Al Silonov
2026-10-06 04:43:16,727 [INFO] Sent -> Q141657028 | Rohini
2026-10-06 04:43:16,855 [INFO] Sent -> Q54543099 | Nabbot
2026-10-06 04:43:16,999 [INFO] Sent -> File:JP 日本 Japan 沖繩 OKINAWA 那霸 Naha Takara Chome shop 魚屋直營食堂 Sakanaya Chokuei Shokudo Uomaru Seafood Restaurant food lunch January 2025 R12S 28.jpg | Adeletron 3030
2026-10-06 04:43:17,153 [INFO] Sent -> Q3875054 | Yupik
2026-10-06 04:43:17,289 [INFO] Sent -> Idriz Voca | İmmortalance
2026-10-06 04:43:17,417 [INFO] Sent -> Q14723759 | Mrwdat3
2026-10-06 04:43:17,534 [INFO] Sent -> Category:Candidates for speedy deletion | Y-route
2026-10-06 04:43:17,644 [INFO] Sent -> Q116395773 | DERDAKI ILIAS
2026-10-06 04:43:17,848 [INFO] Sent -> Категория:Немецкий язык | Al Silonov
2026-10-06 04:43:17,974 [INFO] Sent -> Категория:Немецкие существительные | Al Silonov
2026-10-06 04:43:18,083 [INFO] Sent -> Категория:Мужской род/de | Al Silonov
2026-10-06 04:43:18,191 [INFO] Sent -> Warner Bros. Discovery | Kalpesh Manna 2002
2026-10-06 04:43:18,298 [INFO] Sent -> Категория:Нет сведений о составе слова | Al Silonov
2026-10-06 04:43:18,408 [INFO] Progress: 7500 sent, 0 skipped.
2026-10-06 04:43:18,518 [INFO] Sent -> Категория:Нужна иллюстрация | Al Silonov
2026-10-06 04:43:18,626 [INFO] Sent -> 2026年世界盃女子籃球賽 | Liu116
2026-10-06 04:43:18,738 [INFO] Sent -> File:JP 日本 Japan 沖繩 OKINAWA 那霸 Naha Takara Chome shop 魚屋直營食堂 Sakanaya Chokuei Shokudo Uomaru Seafood Restaurant food lunch January 2025 R12S 29.jpg | Adeletron 3030
2026-10-06 04:43:18,880 [INFO] Sent -> Категория:Статьи без примеров употребления | Al Silonov
2026-10-06 04:43:19,032 [INFO] Sent -> Category:January 2025 in Naha | Adeletron 3030
2026-10-06 04:43:19,157 [INFO] Sent -> Q116390649 | DERDAKI ILIAS
2026-10-06 04:43:19,282 [INFO] Sent -> Q24962260 | MsynBot
2026-10-06 04:43:19,401 [INFO] Sent -> Категория:Нужна этимология | Al Silonov
2026-10-06 04:43:19,510 [INFO] Sent -> Категория:Требуется категоризация/de | Al Silonov
2026-10-06 04:43:19,623 [INFO] Sent -> Q2533444 | Mrwdat3
2026-10-06 04:43:19,732 [INFO] Sent -> Категория:Слова из 16 букв/de | Al Silonov
2026-10-06 04:43:19,841 [INFO] Sent -> Category:January 2025 in Naha | Adeletron 3030
2026-10-06 04:43:19,954 [INFO] Sent -> File:JP 日本 Japan 沖繩 OKINAWA 那霸 Naha Takara Chome shop 魚屋直營食堂 Sakanaya Chokuei Shokudo Uomaru Seafood Restaurant food lunch January 2025 R12S 31.jpg | Adeletron 3030
2026-10-06 04:43:20,079 [INFO] Sent -> Kategori:Türkiye'deki gurbetçi erkek futbolcular | İmmortalance
2026-10-06 04:43:20,202 [INFO] Sent -> Q116395774 | DERDAKI ILIAS
2026-10-06 04:43:20,321 [INFO] Sent -> Kategori:Türkiye'deki gurbetçi futbolcular | İmmortalance
2026-10-06 04:43:20,432 [INFO] Sent -> File:JP 日本 Japan 沖繩 OKINAWA 那霸 Naha Takara Chome shop 魚屋直營食堂 Sakanaya Chokuei Shokudo Uomaru Seafood Restaurant food lunch January 2025 R12S 26.jpg | Adeletron 3030
2026-10-06 04:43:20,613 [INFO] Sent -> Q3875054 | Yupik
2026-10-06 04:43:20,729 [INFO] Sent -> File:Vigeland Park statue 9.JPG | Rkieferbot
2026-10-06 04:43:20,835 [INFO] Sent -> Category:January 2025 in Naha | Adeletron 3030
2026-10-06 04:43:20,945 [INFO] Sent -> Klemens Bolesławiusz | Ignasiak
2026-10-06 04:43:21,059 [INFO] Sent -> Q14511411 | Mrwdat3
2026-10-06 04:43:21,180 [INFO] Sent -> File:JP 日本 Japan 沖繩 OKINAWA 那霸 Naha Takara Chome shop 魚屋直營食堂 Sakanaya Chokuei Shokudo Uomaru Seafood Restaurant food lunch January 2025 R12S 30.jpg | Adeletron 3030
2026-10-06 04:43:21,294 [INFO] Sent -> Q3875054 | Yupik
2026-10-06 04:43:21,415 [INFO] Sent -> Q116390652 | DERDAKI ILIAS
2026-10-06 04:43:21,524 [INFO] Sent -> 瀬古歩夢 | ~2026-53750-84
2026-10-06 04:43:21,634 [INFO] Sent -> File:JP 日本 Japan 沖繩 OKINAWA 那霸 Naha Takara Chome shop 魚屋直營食堂 Sakanaya Chokuei Shokudo Uomaru Seafood Restaurant food lunch January 2025 R12S 33.jpg | Adeletron 3030
2026-10-06 04:43:21,758 [INFO] Sent -> File:ISS074-E-566312 - View of Earth.jpg | OptimusPrimeBot
2026-10-06 04:43:21,866 [INFO] Sent -> Category:January 2025 in Naha | Adeletron 3030
2026-10-06 04:43:22,029 [INFO] Sent -> File:JP 日本 Japan 沖繩 OKINAWA 那霸 Naha Takara Chome shop 魚屋直營食堂 Sakanaya Chokuei Shokudo Uomaru Seafood Restaurant food lunch January 2025 R12S 32.jpg | Adeletron 3030
2026-10-06 04:43:22,156 [INFO] Sent -> Q116395775 | DERDAKI ILIAS
2026-10-06 04:43:22,269 [INFO] Sent -> Q702952 | YukiKoKo
2026-10-06 04:43:22,403 [INFO] Sent -> Q122592052 | MSGJ
2026-10-06 04:43:22,514 [INFO] Sent -> Q141656935 | 12akd
2026-10-06 04:43:22,622 [INFO] Sent -> Category:January 2025 in Naha | Adeletron 3030
2026-10-06 04:43:22,793 [INFO] Sent -> File:S. Hieronymus - btv1b52504546z (419 of 620).jpg | Gzen92Bot
2026-10-06 04:43:22,910 [INFO] Sent -> Q116390654 | DERDAKI ILIAS
2026-10-06 04:43:23,043 [INFO] Sent -> 十四か条 | 米マリオ
2026-10-06 04:43:23,183 [INFO] Sent -> File:JP 日本 Japan 沖繩 OKINAWA 那霸 Naha Takara Chome shop 魚屋直營食堂 Sakanaya Chokuei Shokudo Uomaru Seafood Restaurant food lunch January 2025 R12S 34.jpg | Adeletron 3030
2026-10-06 04:43:23,306 [INFO] Sent -> Category:ISS photographs taken on 2026-05-03 | OptimusPrimeBot
2026-10-06 04:43:23,437 [INFO] Sent -> Category:Taken on missing SDC inception | OptimusPrimeBot
2026-10-06 04:43:23,563 [INFO] Sent -> File:JP 日本 Japan 沖繩 OKINAWA 那霸 Naha Takara Chome shop 魚屋直營食堂 Sakanaya Chokuei Shokudo Uomaru Seafood Restaurant food lunch January 2025 R12S 35.jpg | Adeletron 3030
2026-10-06 04:43:23,681 [INFO] Sent -> Category:Images from the Earth Science and Remote Sensing Unit, Lyndon B. Johnson Space Center | OptimusPrimeBot
2026-10-06 04:43:23,791 [INFO] Sent -> Q141657028 | Rohini
2026-10-06 04:43:24,067 [INFO] Sent -> Category:January 2025 in Naha | Adeletron 3030
2026-10-06 04:43:24,213 [INFO] Sent -> Category:Pages with local object coordinates and missing SDC coordinates | OptimusPrimeBot
2026-10-06 04:43:24,345 [INFO] Sent -> bőr | Altobot
2026-10-06 04:43:24,469 [INFO] Sent -> Category:Files with coordinates missing SDC location of creation | OptimusPrimeBot
2026-10-06 04:43:24,652 [INFO] Sent -> Q122592052 | MSGJ
2026-10-06 04:43:24,811 [INFO] Sent -> Category:PD NASA | OptimusPrimeBot
2026-10-06 04:43:24,926 [INFO] Sent -> Q13593599 | Mrwdat3
2026-10-06 04:43:25,035 [INFO] Sent -> Category:January 2025 in Naha | Adeletron 3030
2026-10-06 04:43:25,144 [INFO] Sent -> Category:PD-USGov missing SDC copyright status | OptimusPrimeBot
2026-10-06 04:43:25,255 [INFO] Sent -> File:Porte Marschier - Aix-la-Chapelle (DEA2) - 2026-09-27 - 3.jpg | Chabe01
2026-10-06 04:43:25,362 [INFO] Sent -> Q116395776 | DERDAKI ILIAS
2026-10-06 04:43:25,478 [INFO] Sent -> Category:ISS Expedition 74 Crew Earth Observations (dump) | OptimusPrimeBot
2026-10-06 04:43:25,594 [INFO] Sent -> File:Tian zhu sheng jiao ri ke. - btv1b90069149 (125 of 235).jpg | Gzen92Bot
2026-10-06 04:43:25,703 [INFO] Sent -> Category:NASA GAPE files uploaded by OptimusPrimeBot | OptimusPrimeBot
2026-10-06 04:43:25,812 [INFO] Sent -> Template:PRC admin/data/11/01/13/003/220 | Hamish-bot
2026-10-06 04:43:25,921 [INFO] Sent -> Category:January 2025 in Naha | Adeletron 3030
2026-10-06 04:43:26,030 [INFO] Sent -> Category:Taken with Nikon Z 9 | OptimusPrimeBot
2026-10-06 04:43:26,137 [INFO] Sent -> Usuário(a) Discussão:Wilson cezar padilha vaz | Wilson cezar padilha vaz
2026-10-06 04:43:26,249 [INFO] Sent -> Category:Artworks without Wikidata item | Gzen92Bot
2026-10-06 04:43:26,370 [INFO] Sent -> Category:PD France | Gzen92Bot
2026-10-06 04:43:26,481 [INFO] Sent -> Category:PD US expired | Gzen92Bot
2026-10-06 04:43:26,654 [INFO] Sent -> Category:PD-US missing SDC copyright status | Gzen92Bot
2026-10-06 04:43:26,777 [INFO] Sent -> Category:PD-old missing SDC copyright status | Gzen92Bot
2026-10-06 04:43:26,885 [INFO] Sent -> Category:CC-PD-Mark | Gzen92Bot
2026-10-06 04:43:26,994 [INFO] Sent -> Category:PD Old (assumed) | Gzen92Bot
2026-10-06 04:43:27,103 [INFO] Sent -> File:JP 日本 Japan 沖繩 OKINAWA 那霸 Naha Takara Chome shop 魚屋直營食堂 Sakanaya Chokuei Shokudo Uomaru Seafood Restaurant food lunch January 2025 R12S 36.jpg | Adeletron 3030
2026-10-06 04:43:27,214 [INFO] Sent -> Category:Manuscripts from Gallica (Bibliothèque nationale de France) uploaded by Gzen92Bot | Gzen92Bot
2026-10-06 04:43:27,323 [INFO] Sent -> Wikipedia:Misbruikfilter/Foutieve meldingen | RenéV
2026-10-06 04:43:27,431 [INFO] Sent -> Q116390656 | DERDAKI ILIAS
2026-10-06 04:43:27,541 [INFO] Sent -> Category:S. Hieronymus - btv1b52504546z | Gzen92Bot
2026-10-06 04:43:27,649 [INFO] Sent -> File:JP 日本 Japan 沖繩 OKINAWA 那霸 Naha Takara Chome shop 魚屋直營食堂 Sakanaya Chokuei Shokudo Uomaru Seafood Restaurant lunch time January 2025 R12S 01.jpg | Adeletron 3030
2026-10-06 04:43:27,758 [INFO] Sent -> Q25633487 | باسم
2026-10-06 04:43:27,866 [INFO] Sent -> Category:Artworks without Wikidata item | Gzen92Bot
2026-10-06 04:43:28,003 [INFO] Sent -> Q116395777 | DERDAKI ILIAS
2026-10-06 04:43:28,116 [INFO] Sent -> Q122592052 | MSGJ
2026-10-06 04:43:28,228 [INFO] Sent -> Category:PD France | Gzen92Bot
2026-10-06 04:43:28,334 [INFO] Sent -> Cleddasgell fronlas | ListeriaBot
2026-10-06 04:43:28,445 [INFO] Sent -> Q14614087 | Mrwdat3
2026-10-06 04:43:28,562 [INFO] Sent -> Category:Manuscripts from Gallica (Bibliothèque nationale de France) uploaded by Gzen92Bot | Gzen92Bot
2026-10-06 04:43:28,675 [INFO] Sent -> Category:Pages with local camera coordinates and missing SDC coordinates | Chabe01
2026-10-06 04:43:28,783 [INFO] Sent -> Category:January 2025 in Naha | Adeletron 3030
2026-10-06 04:43:28,894 [INFO] Sent -> Category:Tian zhu sheng jiao ri ke. - btv1b90069149 | Gzen92Bot
2026-10-06 04:43:29,004 [INFO] Sent -> Category:Files with coordinates missing SDC location of creation (50° N, 6° E) | Chabe01
2026-10-06 04:43:29,160 [INFO] Sent -> Category:Files with no machine-readable author | Gzen92Bot
2026-10-06 04:43:29,283 [INFO] Sent -> Category:Creative Commons Attribution-Share Alike missing SDC copyright status | Chabe01
2026-10-06 04:43:29,403 [INFO] Sent -> Category:CC-BY-SA-4.0 | Chabe01
2026-10-06 04:43:29,515 [INFO] Sent -> Category:Creative Commons Attribution-Share Alike 4.0 missing SDC copyright license | Chabe01
2026-10-06 04:43:29,637 [INFO] Sent -> ထာမ်ပလိက်:wal-prop/documentation | Intobesa.bot
2026-10-06 04:43:29,747 [INFO] Sent -> Category:Self-published work | Chabe01
2026-10-06 04:43:29,858 [INFO] Sent -> File:JP 日本 Japan 沖繩 OKINAWA 那霸 Naha Takara Chome shop 魚屋直營食堂 Sakanaya Chokuei Shokudo Uomaru Seafood Restaurant food lunch January 2025 R12S 37.jpg | Adeletron 3030
2026-10-06 04:43:29,968 [INFO] Sent -> Category:Self-published work missing SDC copyright license | Chabe01
2026-10-06 04:43:30,102 [INFO] Sent -> Category:Aachen | Chabe01
2026-10-06 04:43:30,219 [INFO] Sent -> Category:January 2025 in Naha | Adeletron 3030
2026-10-06 04:43:30,326 [INFO] Sent -> Q122592052 | MSGJ
2026-10-06 04:43:30,469 [INFO] Sent -> Category:September 2026 in Aachen | Chabe01
2026-10-06 04:43:30,671 [INFO] Progress: 7600 sent, 0 skipped.
2026-10-06 04:43:30,793 [INFO] Sent -> File:Porte Marschier - Aix-la-Chapelle (DEA2) - 2026-09-27 - 3.jpg | Chabe01
2026-10-06 04:43:30,914 [INFO] Sent -> Category:Images of Aachen by Chabe01 | Chabe01
2026-10-06 04:43:31,022 [INFO] Sent -> Category:North Rhine-Westphalia photographs taken on 2026-09-27 | Chabe01
2026-10-06 04:43:31,150 [INFO] Sent -> Category:Images by Chabe01 taken with iPhone 16 Pro | Chabe01
2026-10-06 04:43:31,281 [INFO] Sent -> Category:January 2025 in Naha | Adeletron 3030
2026-10-06 04:43:31,396 [INFO] Sent -> Category:因历史原因保留的已停用模板 | Hamish-bot
2026-10-06 04:43:31,519 [INFO] Sent -> Участник:195.245.198.57 | QBA-bot
2026-10-06 04:43:31,628 [INFO] Sent -> Clayton, Alabama | ListeriaBot
2026-10-06 04:43:31,737 [INFO] Sent -> Johannes Ahlburg | HorstKMahler
2026-10-06 04:43:31,846 [INFO] Sent -> Q24962263 | MsynBot
2026-10-06 04:43:31,954 [INFO] Sent -> Category:January 2025 in Naha | Adeletron 3030
2026-10-06 04:43:32,064 [INFO] Sent -> File:JP 日本 Japan 沖繩 OKINAWA 那霸 Naha Takara Chome shop 魚屋直營食堂 Sakanaya Chokuei Shokudo Uomaru Seafood Restaurant lunch time January 2025 R12S 03.jpg | Adeletron 3030
2026-10-06 04:43:32,174 [INFO] Sent -> ကဏ္ဍ:မုက်လိက်သောဲသောဲမဆေၚ်စပ်ကဵုလိက်စၟတ်သမ္တီမချူပတိုန်လဝ်မဇ္ဇျဟ်ထောံဂမၠိုၚ် | Intobesa.bot
2026-10-06 04:43:32,296 [INFO] Sent -> Q13525415 | Mrwdat3
2026-10-06 04:43:32,407 [INFO] Sent -> Q116395778 | DERDAKI ILIAS
2026-10-06 04:43:32,515 [INFO] Sent -> Q116390657 | DERDAKI ILIAS
2026-10-06 04:43:32,625 [INFO] Sent -> Category:January 2025 in Naha | Adeletron 3030
2026-10-06 04:43:32,735 [INFO] Sent -> Участник:94.140.244.180 | QBA-bot
2026-10-06 04:43:32,846 [INFO] Sent -> Category:January 2025 in Naha | Adeletron 3030
2026-10-06 04:43:32,957 [INFO] Sent -> Q124525062 | Mrwdat3
2026-10-06 04:43:33,065 [INFO] Sent -> Category:January 2025 in Naha | Adeletron 3030
2026-10-06 04:43:33,174 [INFO] Sent -> File:JP 日本 Japan 沖繩 OKINAWA 那霸 Naha Takara Chome shop 魚屋直營食堂 Sakanaya Chokuei Shokudo Uomaru Seafood Restaurant lunch time January 2025 R12S 04.jpg | Adeletron 3030
2026-10-06 04:43:33,282 [INFO] Sent -> Q116390658 | DERDAKI ILIAS
2026-10-06 04:43:33,393 [INFO] Sent -> Q116395780 | DERDAKI ILIAS
2026-10-06 04:43:33,503 [INFO] Sent -> File:Two Blue Buses in Leuwipanjang Bus Terminal.jpg | TTTNIS
2026-10-06 04:43:33,613 [INFO] Sent -> File:Martigny Vosges, source lithinée, eau des arthritiques, à jeûn et aux repas. Saison du 25 mai au 25 septembre, établissement thermal Source savonneuse. affiche, non identifié.jpg | Zen 38
2026-10-06 04:43:33,722 [INFO] Sent -> User talk:Amrlmhd | Danners430
2026-10-06 04:43:33,830 [INFO] Sent -> File:ISS074-E-566313 - View of Earth.jpg | OptimusPrimeBot
2026-10-06 04:43:33,939 [INFO] Sent -> Q141657028 | Rohini
2026-10-06 04:43:34,047 [INFO] Sent -> File:JP 日本 Japan 沖繩 OKINAWA 那霸 Naha Takara Chome shop 魚屋直營食堂 Sakanaya Chokuei Shokudo Uomaru Seafood Restaurant lunch time January 2025 R12S 06.jpg | Adeletron 3030
2026-10-06 04:43:34,155 [INFO] Sent -> File:JP 日本 Japan 沖繩 OKINAWA 那霸 Naha Takara Chome shop 魚屋直營食堂 Sakanaya Chokuei Shokudo Uomaru Seafood Restaurant lunch time January 2025 R12S 05.jpg | Adeletron 3030
2026-10-06 04:43:34,264 [INFO] Sent -> Category:January 2025 in Naha | Adeletron 3030
2026-10-06 04:43:34,372 [INFO] Sent -> File:ISS074-E-566312 - View of Earth.jpg | OptimusPrimeBot
2026-10-06 04:43:34,483 [INFO] Sent -> File:JP 日本 Japan 沖繩 OKINAWA 那霸 Naha Takara Chome shop 魚屋直營食堂 Sakanaya Chokuei Shokudo Uomaru Seafood Restaurant lunch time January 2025 R12S 08.jpg | Adeletron 3030
2026-10-06 04:43:34,592 [INFO] Sent -> Q10595370 | Mrwdat3
2026-10-06 04:43:34,701 [INFO] Sent -> Q4404402 | BFD-69
2026-10-06 04:43:34,809 [INFO] Sent -> Sesar Aktif Waikabubak | MatIDN
2026-10-06 04:43:34,916 [INFO] Sent -> iding | J3133
2026-10-06 04:43:35,026 [INFO] Sent -> File:Cure d'eau, cure d'air, Martigny, Vosges casino, théatre, concerts, automobiles. affiche, Lucien Métivet.jpg | Zen 38
2026-10-06 04:43:35,135 [INFO] Sent -> Category:ISS photographs taken on 2026-05-03 | OptimusPrimeBot
2026-10-06 04:43:35,243 [INFO] Sent -> Category:INKA E-Inobus | TTTNIS
2026-10-06 04:43:35,351 [INFO] Sent -> Jacobine van den Hoek | Chescargot
2026-10-06 04:43:35,461 [INFO] Sent -> Category:Taken on missing SDC inception | OptimusPrimeBot
2026-10-06 04:43:35,571 [INFO] Sent -> Category:Industri Kereta Api | TTTNIS
2026-10-06 04:43:35,680 [INFO] Sent -> Category:Images from the Earth Science and Remote Sensing Unit, Lyndon B. Johnson Space Center | OptimusPrimeBot
2026-10-06 04:43:35,789 [INFO] Sent -> Sesar Aktif Waikabubak | MatIDN
2026-10-06 04:43:35,898 [INFO] Sent -> Category:Pages with local object coordinates and missing SDC coordinates | OptimusPrimeBot
2026-10-06 04:43:36,009 [INFO] Sent -> Category:Tourism advertising posters of Grand Est | Zen 38
2026-10-06 04:43:36,121 [INFO] Sent -> ids | J3133
2026-10-06 04:43:36,242 [INFO] Sent -> Category:Tourism advertising posters of France | Zen 38
2026-10-06 04:43:36,351 [INFO] Sent -> Category:Files with coordinates missing SDC location of creation | OptimusPrimeBot
2026-10-06 04:43:36,460 [INFO] Sent -> File:Affiche Martigny, Vosges.jpg | Zen 38
2026-10-06 04:43:36,568 [INFO] Sent -> Category:PD NASA | OptimusPrimeBot
2026-10-06 04:43:36,678 [INFO] Sent -> User talk:~2026-53557-94 | ~2026-53557-94
2026-10-06 04:43:36,786 [INFO] Sent -> Category:PD-USGov missing SDC copyright status | OptimusPrimeBot
2026-10-06 04:43:36,896 [INFO] Sent -> Lexeme:L1742992 | Oung ring
2026-10-06 04:43:37,004 [INFO] Sent -> Category:ISS Expedition 74 Crew Earth Observations (dump) | OptimusPrimeBot
2026-10-06 04:43:37,112 [INFO] Sent -> Category:January 2025 in Naha | Adeletron 3030
2026-10-06 04:43:37,237 [INFO] Sent -> File:JP 日本 Japan 沖繩 OKINAWA 那霸 Naha Takara Chome shop 魚屋直營食堂 Sakanaya Chokuei Shokudo Uomaru Seafood Restaurant lunch time January 2025 R12S 07.jpg | Adeletron 3030
2026-10-06 04:43:37,343 [INFO] Sent -> Category:NASA GAPE files uploaded by OptimusPrimeBot | OptimusPrimeBot
2026-10-06 04:43:37,452 [INFO] Sent -> Q141657028 | Rohini
2026-10-06 04:43:37,561 [INFO] Sent -> Category:Taken with Nikon Z 9 | OptimusPrimeBot
2026-10-06 04:43:37,671 [INFO] Sent -> William Shakespeare | ~2026-53721-07
2026-10-06 04:43:37,780 [INFO] Sent -> Category:English non-lemma forms | J3133
2026-10-06 04:43:37,890 [INFO] Sent -> درگاه:دانش | Mamouri
2026-10-06 04:43:37,999 [INFO] Sent -> Karanja Kariri Njama | Kamaukeega9
2026-10-06 04:43:38,107 [INFO] Sent -> Q2149521 | Mrwdat3
2026-10-06 04:43:38,218 [INFO] Sent -> Category:English verb forms | J3133
2026-10-06 04:43:38,327 [INFO] Sent -> Category:Pages with entries | J3133
2026-10-06 04:43:38,440 [INFO] Sent -> Category:January 2025 in Naha | Adeletron 3030
2026-10-06 04:43:38,549 [INFO] Sent -> Category:Pages with 1 entry | J3133
2026-10-06 04:43:38,657 [INFO] Sent -> Wikipedia:編集フィルター/誤作動/報告 | Y.S Note
2026-10-06 04:43:38,766 [INFO] Sent -> Iding | J3133
2026-10-06 04:43:38,874 [INFO] Sent -> Category:January 2025 in Naha | Adeletron 3030
2026-10-06 04:43:38,981 [INFO] Sent -> Discussioni progetto:Psicologia | Agilix
2026-10-06 04:43:39,092 [INFO] Sent -> File:Дом А.И. Колокольникова по ул. Челюскинцев, 1.JPG | Rkieferbot
2026-10-06 04:43:39,215 [INFO] Sent -> John Lydon | ThaesOfereode
2026-10-06 04:43:39,323 [INFO] Sent -> File:JP 日本 Japan 沖繩 OKINAWA 那霸 Naha Takara Chome shop 魚屋直營食堂 Sakanaya Chokuei Shokudo Uomaru Seafood Restaurant lunch time January 2025 R12S 09.jpg | Adeletron 3030
2026-10-06 04:43:39,432 [INFO] Sent -> Q33365771 | Cewbot
2026-10-06 04:43:39,541 [INFO] Sent -> File:Trésor Cathédrale Aix Chapelle - Aix-la-Chapelle (DEA2) - 2026-09-27 - 1.jpg | Chabe01
2026-10-06 04:43:39,650 [INFO] Sent -> Ibrahim Sangaré (1994 doğumlu futbolcu) | İmmortalance
2026-10-06 04:43:39,757 [INFO] Sent -> File:Cure d'eau, cure d'air , Martigny, Vosges - casino, théatre, concerts, automobiles... - affiche - Lucien Métivet - btv1b9016355f.jpg | Zen 38
2026-10-06 04:43:39,875 [INFO] Sent -> Category:Tourism advertising posters of Grand Est | Zen 38
2026-10-06 04:43:39,991 [INFO] Sent -> Category:Tourism advertising posters of Grand Est | Zen 38
2026-10-06 04:43:40,099 [INFO] Sent -> Category:Tourism advertising posters of France | Zen 38
2026-10-06 04:43:40,208 [INFO] Sent -> Category:Tourism advertising posters of France | Zen 38
2026-10-06 04:43:40,318 [INFO] Sent -> Category:January 2025 in Naha | Adeletron 3030
2026-10-06 04:43:40,425 [INFO] Sent -> Q14619653 | Mrwdat3
2026-10-06 04:43:40,534 [INFO] Sent -> Q125113111 | PowerBUL
2026-10-06 04:43:40,646 [INFO] Sent -> File:JP 日本 Japan 沖繩 OKINAWA 那霸 Naha Takara Chome shop 魚屋直營食堂 Sakanaya Chokuei Shokudo Uomaru Seafood Restaurant lunch time January 2025 R12S 11.jpg | Adeletron 3030
2026-10-06 04:43:40,756 [INFO] Sent -> Q24962274 | MsynBot
2026-10-06 04:43:40,866 [INFO] Sent -> Nat Wolff | CheckWikiBOT
2026-10-06 04:43:40,973 [INFO] Sent -> Q97658263 | MsynBot
2026-10-06 04:43:41,082 [INFO] Sent -> Q14141663 | Marcel Douwe Dekker
2026-10-06 04:43:41,191 [INFO] Sent -> Q21667611 | Rebot
2026-10-06 04:43:41,299 [INFO] Sent -> File:JP 日本 Japan 沖繩 OKINAWA 那霸 Naha walk from 6 旭橋站 Asashibashi Station to 國際通 Kokusai-dori morning in January 2025 R12S 200.jpg | Adeletron 3030
2026-10-06 04:43:41,410 [INFO] Sent -> Category:English verb forms | J3133
2026-10-06 04:43:41,520 [INFO] Sent -> Category:Pages with local camera coordinates and missing SDC coordinates | Chabe01
2026-10-06 04:43:41,627 [INFO] Sent -> Category:Files with coordinates missing SDC location of creation (50° N, 6° E) | Chabe01
2026-10-06 04:43:41,705 [INFO] Updated metadata: ClusterMetadata(brokers: 1, topics: 1, coordinators: 0)
2026-10-06 04:43:41,736 [INFO] Progress: 7700 sent, 0 skipped.
2026-10-06 04:43:41,846 [INFO] Sent -> Category:CC-BY-SA-4.0 | Chabe01
2026-10-06 04:43:41,956 [INFO] Sent -> Category:Creative Commons Attribution-Share Alike 4.0 missing SDC copyright license | Chabe01
2026-10-06 04:43:42,064 [INFO] Sent -> Category:Orphaned articles from October 2026 | Kamaukeega9
2026-10-06 04:43:42,171 [INFO] Sent -> Category:Self-published work | Chabe01
2026-10-06 04:43:42,279 [INFO] Sent -> Category:January 2025 in Naha | Adeletron 3030
2026-10-06 04:43:42,387 [INFO] Sent -> Category:All orphaned articles | Kamaukeega9
2026-10-06 04:43:42,496 [INFO] Sent -> Category:Self-published work missing SDC copyright license | Chabe01
2026-10-06 04:43:42,607 [INFO] Sent -> Category:Dead-end pages from October 2026 | Kamaukeega9
2026-10-06 04:43:42,715 [INFO] Sent -> ARA Santiago del Estero (S-22) | SmartyPants22
2026-10-06 04:43:42,825 [INFO] Sent -> Category:Aachen | Chabe01
2026-10-06 04:43:42,934 [INFO] Sent -> روبرت برناردو | InternetArchiveBot
2026-10-06 04:43:43,043 [INFO] Sent -> Category:All dead-end pages | Kamaukeega9
2026-10-06 04:43:43,155 [INFO] Sent -> Category:September 2026 in Aachen | Chabe01
2026-10-06 04:43:43,262 [INFO] Sent -> Category:Articles covered by WikiProject Wikify from October 2026 | Kamaukeega9
2026-10-06 04:43:43,370 [INFO] Sent -> Category:Images of Aachen by Chabe01 | Chabe01
2026-10-06 04:43:43,479 [INFO] Sent -> Category:All articles covered by WikiProject Wikify | Kamaukeega9
2026-10-06 04:43:43,590 [INFO] Sent -> Category:North Rhine-Westphalia photographs taken on 2026-09-27 | Chabe01
2026-10-06 04:43:43,700 [INFO] Sent -> File:JP 日本 Japan 沖繩 OKINAWA 那霸 Naha Takara Chome shop 魚屋直營食堂 Sakanaya Chokuei Shokudo Uomaru Seafood Restaurant lunch time January 2025 R12S 12.jpg | Adeletron 3030
2026-10-06 04:43:43,808 [INFO] Sent -> Category:Articles with multiple maintenance issues | Kamaukeega9
2026-10-06 04:43:43,915 [INFO] Sent -> Category:Images by Chabe01 taken with iPhone 16 Pro | Chabe01
2026-10-06 04:43:44,026 [INFO] Sent -> Category:January 2025 in Naha | Adeletron 3030
2026-10-06 04:43:44,135 [INFO] Sent -> Q13453110 | Mrwdat3
2026-10-06 04:43:44,243 [INFO] Sent -> IDing | J3133
2026-10-06 04:43:44,351 [INFO] Sent -> Category:January 2025 in Naha | Adeletron 3030
2026-10-06 04:43:44,462 [INFO] Sent -> File:Trésor Cathédrale Aix Chapelle - Aix-la-Chapelle (DEA2) - 2026-09-27 - 1.jpg | Chabe01
2026-10-06 04:43:44,571 [INFO] Sent -> Kategori:Türkiye'deki gurbetçi erkek futbolcular | İmmortalance
2026-10-06 04:43:44,684 [INFO] Sent -> Kategori:Türkiye'deki gurbetçi futbolcular | İmmortalance
2026-10-06 04:43:44,804 [INFO] Sent -> File:Wallace & Gordon logo.svg | ClueBeast Images
2026-10-06 04:43:44,913 [INFO] Sent -> File:Wallace & Gordon logo.svg | ClueBeast Images
2026-10-06 04:43:45,021 [INFO] Sent -> File:Wallace & Gordon logo.svg | ClueBeast Images
2026-10-06 04:43:45,131 [INFO] Sent -> Q25508604 | Estopedist1
2026-10-06 04:43:45,253 [INFO] Sent -> Ça (personnage) | Langue et poésie
2026-10-06 04:43:45,362 [INFO] Sent -> Q138805787 | Pudox
2026-10-06 04:43:45,472 [INFO] Sent -> Q4018998 | ならちゃん
2026-10-06 04:43:45,581 [INFO] Sent -> File:JP 日本 Japan 沖繩 OKINAWA 那霸 Naha walk from 6 旭橋站 Asashibashi Station to 國際通 Kokusai-dori morning in January 2025 R12S 202.jpg | Adeletron 3030
2026-10-06 04:43:45,692 [INFO] Sent -> Category:January 2025 in Naha | Adeletron 3030
2026-10-06 04:43:45,801 [INFO] Sent -> Q124494269 | Mrwdat3
2026-10-06 04:43:45,909 [INFO] Sent -> File:ISS074-E-566313 - View of Earth.jpg | OptimusPrimeBot
2026-10-06 04:43:46,018 [INFO] Sent -> Category:Tourism advertising posters of Grand Est | Zen 38
2026-10-06 04:43:46,128 [INFO] Sent -> Q110779503 | M2k~dewiki
2026-10-06 04:43:46,237 [INFO] Sent -> Category:Tourism advertising posters of France | Zen 38
2026-10-06 04:43:46,349 [INFO] Sent -> File:Wallace & Gordon logo.svg | ClueBeast Images
2026-10-06 04:43:46,458 [INFO] Sent -> imparzjalità | Bot-Jagwar
2026-10-06 04:43:46,567 [INFO] Sent -> Category:Naval ships commissioned in 1971 | SmartyPants22
2026-10-06 04:43:46,675 [INFO] Sent -> Category:Naval ships decommissioned in 1981 | SmartyPants22
2026-10-06 04:43:46,783 [INFO] Sent -> File:JP 日本 Japan 沖繩 OKINAWA 那霸 Naha walk from 6 旭橋站 Asashibashi Station to 國際通 Kokusai-dori morning in January 2025 R12S 203.jpg | Adeletron 3030
2026-10-06 04:43:46,893 [INFO] Sent -> File:JP 日本 Japan 沖繩 OKINAWA 那霸 Naha walk from 6 旭橋站 Asashibashi Station to 國際通 Kokusai-dori morning in January 2025 R12S 201.jpg | Adeletron 3030
2026-10-06 04:43:47,006 [INFO] Sent -> Нгава (посёлок) | ~2026-53764-32
2026-10-06 04:43:47,127 [INFO] Sent -> Q141511566 | Artsiom91
2026-10-06 04:43:47,235 [INFO] Sent -> Q36416833 | Cewbot
2026-10-06 04:43:47,342 [INFO] Sent -> Category:Pages with local camera coordinates and missing SDC coordinates | ClueBeast Images
2026-10-06 04:43:47,452 [INFO] Sent -> Rosario Flores | InternetArchiveBot
2026-10-06 04:43:47,564 [INFO] Sent -> Category:Files with coordinates missing SDC location of creation | ClueBeast Images
2026-10-06 04:43:47,671 [INFO] Sent -> Q14604159 | Mrwdat3
2026-10-06 04:43:47,782 [INFO] Sent -> Category:Creative Commons Attribution-Share Alike missing SDC copyright status | ClueBeast Images
2026-10-06 04:43:47,891 [INFO] Sent -> Category:CC-BY-SA-3.0 | ClueBeast Images
2026-10-06 04:43:48,005 [INFO] Sent -> Category:Creative Commons Attribution-Share Alike 3.0 missing SDC copyright license | ClueBeast Images
2026-10-06 04:43:48,128 [INFO] Sent -> File:JP 日本 Japan 沖繩 OKINAWA 那霸 Naha walk from 6 旭橋站 Asashibashi Station to 國際通 Kokusai-dori morning in January 2025 R12S 204.jpg | Adeletron 3030
2026-10-06 04:43:48,249 [INFO] Sent -> Category:Self-published work | ClueBeast Images
2026-10-06 04:43:48,356 [INFO] Sent -> Category:Self-published work missing SDC copyright license | ClueBeast Images
2026-10-06 04:43:48,464 [INFO] Sent -> Small intestinal bacterial overgrowth | Johna188
2026-10-06 04:43:48,573 [INFO] Sent -> Category:Uploaded with Mobile/Android | ClueBeast Images
2026-10-06 04:43:48,682 [INFO] Sent -> Category:January 2025 in Naha | Adeletron 3030
2026-10-06 04:43:48,790 [INFO] Sent -> Q141657028 | Rohini
2026-10-06 04:43:48,902 [INFO] Sent -> Category:British Raj | ClueBeast Images
2026-10-06 04:43:49,023 [INFO] Sent -> Category:Svg logos of companies of Bergamo | ClueBeast Images
2026-10-06 04:43:49,130 [INFO] Sent -> File:JP 日本 Japan 沖繩 OKINAWA 那霸 Naha walk from 6 旭橋站 Asashibashi Station to 國際通 Kokusai-dori morning in January 2025 R12S 206.jpg | Adeletron 3030
2026-10-06 04:43:49,238 [INFO] Sent -> Category:January 2025 in Naha | Adeletron 3030
2026-10-06 04:43:49,347 [INFO] Sent -> Q44144538 | Cewbot
2026-10-06 04:43:49,455 [INFO] Sent -> Category:January 2025 in Naha | Adeletron 3030
2026-10-06 04:43:49,565 [INFO] Sent -> Antygona (dramat) | ~2026-51924-71
2026-10-06 04:43:49,675 [INFO] Sent -> File:JP 日本 Japan 沖繩 OKINAWA 那霸 Naha Takara Chome shop 魚屋直營食堂 Sakanaya Chokuei Shokudo Uomaru Seafood Restaurant lunch time January 2025 R12S 10.jpg | Adeletron 3030
2026-10-06 04:43:49,784 [INFO] Sent -> hewingehekê | JiyanBot
2026-10-06 04:43:49,893 [INFO] Sent -> Ibrahima Wadji | İmmortalance
2026-10-06 04:43:50,003 [INFO] Sent -> Sokajy:Maltese 5-syllable words | Bot-Jagwar
2026-10-06 04:43:50,111 [INFO] Sent -> تصنيف:مقالات ذات وصلات خارجية مكسورة | InternetArchiveBot
2026-10-06 04:43:50,220 [INFO] Sent -> Sokajy:Maltese terms with IPA pronunciation | Bot-Jagwar
2026-10-06 04:43:50,330 [INFO] Sent -> تصنيف:مقالات ذات وصلات خارجية مكسورة منذ مارس 2019 | InternetArchiveBot
2026-10-06 04:43:50,438 [INFO] Sent -> Wikipedia:Adminwiederwahl/Brackenheim | AsepTisch
2026-10-06 04:43:50,546 [INFO] Sent -> User:Krahtov | Krahtov
2026-10-06 04:43:50,655 [INFO] Sent -> ID'd | J3133
2026-10-06 04:43:50,765 [INFO] Sent -> File:Wallace & Gordon logo.svg | ClueBeast Images
2026-10-06 04:43:50,873 [INFO] Sent -> The Naked Brothers Band (album) | CheckWikiBOT
2026-10-06 04:43:50,987 [INFO] Sent -> id'd | J3133
2026-10-06 04:43:51,107 [INFO] Sent -> Q124679162 | Mrwdat3
2026-10-06 04:43:51,216 [INFO] Sent -> File:JP 日本 Japan 沖繩 OKINAWA 那霸 Naha walk from 6 旭橋站 Asashibashi Station to 國際通 Kokusai-dori morning in January 2025 R12S 207.jpg | Adeletron 3030
2026-10-06 04:43:51,323 [INFO] Sent -> Category:January 2025 in Naha | Adeletron 3030
2026-10-06 04:43:51,448 [INFO] Sent -> Category:January 2025 in Naha | Adeletron 3030
2026-10-06 04:43:51,558 [INFO] Sent -> File:JP 日本 Japan 沖繩 OKINAWA 那霸 Naha walk from 6 旭橋站 Asashibashi Station to 國際通 Kokusai-dori morning in January 2025 R12S 205.jpg | Adeletron 3030
2026-10-06 04:43:51,667 [INFO] Sent -> Q141657028 | Rohini
2026-10-06 04:43:51,775 [INFO] Sent -> Category:January 2025 in Naha | Adeletron 3030
2026-10-06 04:43:51,883 [INFO] Sent -> Q2387113 | HanTsî
2026-10-06 04:43:51,993 [INFO] Sent -> Q141657031 | IrfanRezaSan
2026-10-06 04:43:52,102 [INFO] Sent -> Q141657028 | Rohini
2026-10-06 04:43:52,212 [INFO] Sent -> Categoria:!Artigos com ligações inativas | InternetArchiveBot
2026-10-06 04:43:52,322 [INFO] Sent -> Q25058229 | MsynBot
2026-10-06 04:43:52,429 [INFO] Sent -> Category:User de-4 | Krahtov
2026-10-06 04:43:52,538 [INFO] Sent -> Category:English non-lemma forms | J3133
2026-10-06 04:43:52,647 [INFO] Sent -> Category:User en-3 | Krahtov
2026-10-06 04:43:52,756 [INFO] Progress: 7800 sent, 0 skipped.
2026-10-06 04:43:52,865 [INFO] Sent -> ided | J3133
2026-10-06 04:43:52,974 [INFO] Sent -> Category:Pages with entries | J3133
2026-10-06 04:43:53,083 [INFO] Sent -> Q138804494 | Pudox
2026-10-06 04:43:53,195 [INFO] Sent -> Category:Pages with 1 entry | J3133
2026-10-06 04:43:53,324 [INFO] Sent -> Q1594417 | Silewe
2026-10-06 04:43:53,442 [INFO] Sent -> Kategori:Türkiye'deki gurbetçi erkek futbolcular | İmmortalance
2026-10-06 04:43:53,550 [INFO] Sent -> Kategori:Türkiye'deki gurbetçi futbolcular | İmmortalance
2026-10-06 04:43:53,669 [INFO] Sent -> Q141657028 | Rohini
2026-10-06 04:43:53,780 [INFO] Sent -> File:JP 日本 Japan 沖繩 OKINAWA 那霸 Naha walk from 6 旭橋站 Asashibashi Station to 國際通 Kokusai-dori morning in January 2025 R12S 209.jpg | Adeletron 3030
2026-10-06 04:43:53,890 [INFO] Sent -> Kategoria:Lektury szkolne w Polsce | ~2026-51924-71
2026-10-06 04:43:54,001 [INFO] Sent -> Category:January 2025 in Naha | Adeletron 3030
2026-10-06 04:43:54,123 [INFO] Sent -> Benutzer:Gripweed | Hullu poro
2026-10-06 04:43:54,403 [INFO] Sent -> Category:January 2025 in Naha | Adeletron 3030
2026-10-06 04:43:54,525 [INFO] Sent -> Q14426593 | Mrwdat3
2026-10-06 04:43:54,646 [INFO] Sent -> Q141657032 | Rohini
2026-10-06 04:43:54,772 [INFO] Sent -> Category:English non-lemma forms | J3133
2026-10-06 04:43:54,894 [INFO] Sent -> Category:English verb forms | J3133
2026-10-06 04:43:55,003 [INFO] Sent -> id | J3133
2026-10-06 04:43:55,111 [INFO] Sent -> File:Vigeland Park statue 12.JPG | Rkieferbot
2026-10-06 04:43:55,220 [INFO] Sent -> Category:17-year-old human males | Antoine.01
2026-10-06 04:43:55,330 [INFO] Sent -> Category:Pages with entries | J3133
2026-10-06 04:43:55,440 [INFO] Sent -> IDed | J3133
2026-10-06 04:43:55,548 [INFO] Sent -> Category:Pages with 1 entry | J3133
2026-10-06 04:43:55,656 [INFO] Sent -> Lee Jung | Phraowin
2026-10-06 04:43:55,767 [INFO] Sent -> Q16606857 | Kristbaumbot
2026-10-06 04:43:55,873 [INFO] Sent -> File:Wallace & Gordon logo.svg | ClueBeast Images
2026-10-06 04:43:55,980 [INFO] Sent -> Rosario Gagliardi | InternetArchiveBot
2026-10-06 04:43:56,090 [INFO] Sent -> 長谷川威展 | 内田健斗
2026-10-06 04:43:56,198 [INFO] Sent -> Category:January 2025 in Naha | Adeletron 3030
2026-10-06 04:43:56,307 [INFO] Sent -> Special:UserLogin | Tariq dan
2026-10-06 04:43:56,415 [INFO] Sent -> Q3257576 | Python72
2026-10-06 04:43:56,526 [INFO] Sent -> Hrvoje Smolčić | İmmortalance
2026-10-06 04:43:56,648 [INFO] Sent -> File:JP 日本 Japan 沖繩 OKINAWA 那霸 Naha walk from 6 旭橋站 Asashibashi Station to 國際通 Kokusai-dori morning in January 2025 R12S 208.jpg | Adeletron 3030
2026-10-06 04:43:56,756 [INFO] Sent -> It Comes at Night | InternetArchiveBot
2026-10-06 04:43:56,864 [INFO] Sent -> File:Monument au général Maistre.jpg | JackyM59
2026-10-06 04:43:56,971 [INFO] Sent -> File:JP 日本 Japan 沖繩 OKINAWA 那霸 Naha walk from 6 旭橋站 Asashibashi Station to 國際通 Kokusai-dori morning in January 2025 R12S 210.jpg | Adeletron 3030
2026-10-06 04:43:57,082 [INFO] Sent -> Q141657032 | Rohini
2026-10-06 04:43:57,192 [INFO] Sent -> Q14700947 | Mrwdat3
2026-10-06 04:43:57,299 [INFO] Sent -> File:JP 日本 Japan 沖繩 OKINAWA 那霸 Naha walk from 6 旭橋站 Asashibashi Station to 國際通 Kokusai-dori morning in January 2025 R12S 212.jpg | Adeletron 3030
2026-10-06 04:43:57,407 [INFO] Sent -> Utente:Super nabla | Torque
2026-10-06 04:43:57,516 [INFO] Sent -> Escamps, Yonne | Vikiçizer
2026-10-06 04:43:57,625 [INFO] Sent -> Dreamcatcher (2015) | Phzh
2026-10-06 04:43:57,737 [INFO] Sent -> Canton (Cameroun) | Harrieta171
2026-10-06 04:43:57,941 [INFO] Sent -> 小 | Palanist 19
2026-10-06 04:43:58,059 [INFO] Sent -> User:Tariq dan | Tariq dan
2026-10-06 04:43:58,180 [INFO] Sent -> Categoria:!Artigos com ligações inativas | InternetArchiveBot
2026-10-06 04:43:58,292 [INFO] Sent -> File:Église Saint Foillan - Aix-la-Chapelle (DEA2) - 2026-09-27 - 1.jpg | Chabe01
2026-10-06 04:43:58,416 [INFO] Sent -> Category:January 2025 in Naha | Adeletron 3030
2026-10-06 04:43:58,529 [INFO] Sent -> Q141657032 | Rohini
2026-10-06 04:43:58,650 [INFO] Sent -> Category:January 2025 in Naha | Adeletron 3030
2026-10-06 04:43:58,760 [INFO] Sent -> File:JP 日本 Japan 沖繩 OKINAWA 那霸 Naha walk from 6 旭橋站 Asashibashi Station to 國際通 Kokusai-dori morning in January 2025 R12S 211.jpg | Adeletron 3030
2026-10-06 04:43:58,897 [INFO] Sent -> Category:Base Mérimée | JackyM59
2026-10-06 04:43:59,029 [INFO] Sent -> Kategori:Türkiye'deki gurbetçi erkek futbolcular | İmmortalance
2026-10-06 04:43:59,431 [INFO] Sent -> Category:Monuments historiques inscrits | JackyM59
2026-10-06 04:43:59,861 [INFO] Sent -> Kategori:Türkiye'deki gurbetçi futbolcular | İmmortalance
2026-10-06 04:44:00,317 [INFO] Sent -> Category:Mérimée with PA parameter | JackyM59
2026-10-06 04:44:00,482 [INFO] Sent -> File:JP 日本 Japan 沖繩 OKINAWA 那霸 Naha walk from 6 旭橋站 Asashibashi Station to 國際通 Kokusai-dori morning in January 2025 R12S 213.jpg | Adeletron 3030
2026-10-06 04:44:00,664 [INFO] Sent -> Category:Cultural heritage monuments in France with known IDs | JackyM59
2026-10-06 04:44:00,795 [INFO] Sent -> File:Fuente de Neptuno - Aranjuez 04.jpg | Rkieferbot
2026-10-06 04:44:00,909 [INFO] Sent -> Category:Cultural heritage monuments in France missing SDC location of creation | JackyM59
2026-10-06 04:44:01,029 [INFO] Sent -> Category:Images from Wiki Loves Monuments 2026 | JackyM59
2026-10-06 04:44:01,138 [INFO] Sent -> Category:January 2025 in Naha | Adeletron 3030
2026-10-06 04:44:01,246 [INFO] Sent -> Category:Images from Wiki Loves Monuments 2026 in France | JackyM59
2026-10-06 04:44:01,353 [INFO] Sent -> Q141657032 | Rohini
2026-10-06 04:44:01,461 [INFO] Sent -> File:Église Saint Foillan - Aix-la-Chapelle (DEA2) - 2026-09-27 - 1.jpg | Chabe01
2026-10-06 04:44:01,582 [INFO] Sent -> Category:Images from Wiki Loves Monuments missing SDC source of file | JackyM59
2026-10-06 04:44:01,693 [INFO] Sent -> Q18585876 | JohnSka
2026-10-06 04:44:01,816 [INFO] Sent -> Ihrhove–Nieuweschans railway | Rrustema
2026-10-06 04:44:01,923 [INFO] Sent -> Category:Images from Wiki Loves Monuments missing SDC copyright status | JackyM59
2026-10-06 04:44:02,033 [INFO] Sent -> Category:Images from Wiki Loves Monuments missing SDC copyright license | JackyM59
2026-10-06 04:44:02,144 [INFO] Sent -> File:JP 日本 Japan 沖繩 OKINAWA 那霸 Naha walk from 6 旭橋站 Asashibashi Station to 國際通 Kokusai-dori morning in January 2025 R12S 214.jpg | Adeletron 3030
2026-10-06 04:44:02,256 [INFO] Sent -> Category:Images from Wiki Loves Monuments missing SDC location of creation | JackyM59
2026-10-06 04:44:02,375 [INFO] Sent -> Category:January 2025 in Naha | Adeletron 3030
2026-10-06 04:44:02,498 [INFO] Sent -> Category:Images from Wiki Loves Monuments missing SDC creator | JackyM59
2026-10-06 04:44:02,606 [INFO] Sent -> Category:Files with coordinates missing SDC location of creation (50° N, 6° E) | Chabe01
2026-10-06 04:44:02,715 [INFO] Sent -> Category:Images from Wiki Loves Monuments missing SDC participant in | JackyM59
2026-10-06 04:44:02,837 [INFO] Sent -> Category:CC-BY-SA-4.0 | Chabe01
2026-10-06 04:44:02,946 [INFO] Sent -> File:JP 日本 Japan 沖繩 OKINAWA 那霸 Naha walk from 6 旭橋站 Asashibashi Station to 國際通 Kokusai-dori morning in January 2025 R12S 215.jpg | Adeletron 3030
2026-10-06 04:44:03,053 [INFO] Sent -> Category:Self-published work | Chabe01
2026-10-06 04:44:03,164 [INFO] Sent -> Category:Aachen | Chabe01
2026-10-06 04:44:03,284 [INFO] Sent -> Category:September 2026 in Aachen | Chabe01
2026-10-06 04:44:03,393 [INFO] Sent -> Q25058709 | MsynBot
2026-10-06 04:44:03,503 [INFO] Sent -> Category:Images of Aachen by Chabe01 | Chabe01
2026-10-06 04:44:03,612 [INFO] Sent -> Q141657033 | Pigsonthewing
2026-10-06 04:44:03,720 [INFO] Sent -> Category:North Rhine-Westphalia photographs taken on 2026-09-27 | Chabe01
2026-10-06 04:44:03,831 [INFO] Sent -> Category:Images by Chabe01 taken with iPhone 16 Pro | Chabe01
2026-10-06 04:44:03,953 [INFO] Sent -> Q141657032 | Rohini
2026-10-06 04:44:04,063 [INFO] Sent -> Quartier Croix-de-Pierre / Route d'Espagne | Abdoucondorcet
2026-10-06 04:44:04,173 [INFO] Sent -> Eurovision Song Contest 2027 | Lukša
2026-10-06 04:44:04,281 [INFO] Sent -> Category:January 2025 in Naha | Adeletron 3030
2026-10-06 04:44:04,390 [INFO] Sent -> Compagnons de saint Nicolas | CodexBot
2026-10-06 04:44:04,500 [INFO] Sent -> Catégorie:Page utilisant un modèle Bases inactif | Harrieta171
2026-10-06 04:44:04,609 [INFO] Sent -> Q116390660 | DERDAKI ILIAS
2026-10-06 04:44:04,717 [INFO] Sent -> Catégorie:Article utilisant le modèle Dictionnaires inactif | Harrieta171
2026-10-06 04:44:04,828 [INFO] Sent -> Category:January 2025 in Naha | Adeletron 3030
2026-10-06 04:44:04,937 [INFO] Sent -> Catégorie:Page utilisant le modèle Autorité inactif | Harrieta171
2026-10-06 04:44:05,046 [INFO] Sent -> Q116395781 | DERDAKI ILIAS
2026-10-06 04:44:05,157 [INFO] Sent -> Category:January 2025 in Naha | Adeletron 3030
2026-10-06 04:44:05,267 [INFO] Sent -> File:JP 日本 Japan 沖繩 OKINAWA 那霸 Naha walk from 6 旭橋站 Asashibashi Station to 國際通 Kokusai-dori morning in January 2025 R12S 216.jpg | Adeletron 3030
2026-10-06 04:44:05,376 [INFO] Progress: 7900 sent, 0 skipped.
2026-10-06 04:44:05,483 [INFO] Sent -> Template:大巴黎地区按出生地点划分的人口 | Shizhao
2026-10-06 04:44:05,591 [INFO] Sent -> Q27190030 | Nabbot
2026-10-06 04:44:05,700 [INFO] Sent -> Discussioni utente:~2026-53721-07 | Moderatore Automatico
2026-10-06 04:44:05,815 [INFO] Sent -> vluchtleiding | Kvdrgeus
2026-10-06 04:44:05,936 [INFO] Sent -> File:Siziwan Guesthouses of Chiang Kai-shek, Gushan District, Kaohsiung City (Taiwan).jpg | 阿道
2026-10-06 04:44:06,043 [INFO] Sent -> Q141657032 | Rohini
2026-10-06 04:44:06,152 [INFO] Sent -> File:JP 日本 Japan 沖繩 OKINAWA 那霸 Naha walk from 6 旭橋站 Asashibashi Station to 國際通 Kokusai-dori morning in January 2025 R12S 219.jpg | Adeletron 3030
2026-10-06 04:44:06,292 [INFO] Sent -> File:JP 日本 Japan 沖繩 OKINAWA 那霸 Naha walk from 6 旭橋站 Asashibashi Station to 國際通 Kokusai-dori morning in January 2025 R12S 217.jpg | Adeletron 3030
2026-10-06 04:44:06,467 [INFO] Sent -> Badminton-Weltmeisterschaft für Behinderte 2005 | Florentyna
2026-10-06 04:44:06,587 [INFO] Sent -> Q65117198 | Estopedist1
2026-10-06 04:44:06,617 [INFO] Shutdown requested. Finishing current batch...
2026-10-06 04:44:06,696 [INFO] Sent -> File:JP 日本 Japan 沖繩 OKINAWA 那霸 Naha walk from 6 旭橋站 Asashibashi Station to 國際通 Kokusai-dori morning in January 2025 R12S 220.jpg | Adeletron 3030
2026-10-06 04:44:06,701 [INFO] Stream closed. Session stats: 7911 sent, 0 skipped, 3 failed.
2026-10-06 04:44:06,706 [INFO] Flushing and closing Kafka producer...
2026-10-06 04:44:06,707 [INFO] <KafkaProducer client_id=kafka-python-producer-1 transactional_id=None>: Closing the Kafka producer with 30 secs timeout.
2026-10-06 04:44:06,708 [INFO] <KafkaTCPTransport [::1:9092<-61737]>: Closing transport
2026-10-06 04:44:06,709 [INFO] <KafkaConnection node_id=1 broker_version=(3, 7) (disconnected)>: Connection closed
2026-10-06 04:44:06,710 [INFO] Stopping metadata refresh loop
2026-10-06 04:44:06,712 [INFO] Producer stopped. Goodbye.
